PostDate,Platform,Tipe Konten,Tema Konten,Reach,Impression,Likes,Comments,Shares,Saves,Link Clicks,Biaya Iklan (Rp),Engagement,Month Year
1/1/2024,Facebook,Story,Hiburan,50,119,12,0,1,0,0,0,13,Jan 2024
1/1/2024,Instagram,Reel/Video Pendek,Edukasi,100,163,14,0,2,0,0,0,16,Jan 2024
1/1/2024,Facebook,Story,Behind The Scene,200,330,31,1,4,0,0,0,36,Jan 2024
1/1/2024,TikTok,Story,Edukasi,50,213,4,0,0,0,0,2004570,4,Jan 2024
1/1/2024,X,Carousel,Edukasi,100,182,24,1,1,0,1,0,27,Jan 2024
1/1/2024,Facebook,Reel/Video Pendek,Behind The Scene,50,211,5,0,0,0,0,606456,5,Jan 2024
1/1/2024,Instagram,Foto,Edukasi,50,67,6,0,0,0,0,0,6,Jan 2024
1/1/2024,TikTok,Story,Hiburan,50,84,2,0,1,0,0,0,3,Jan 2024
1/1/2024,Facebook,Foto,Edukasi,150,652,16,1,1,0,1,0,19,Jan 2024
1/1/2024,Facebook,Foto,Hiburan,100,432,11,0,1,1,0,60591,13,Jan 2024
1/1/2024,TikTok,Reel/Video Pendek,Behind The Scene,50,57,1,0,0,1,2,644729,4,Jan 2024
1/2/2024,TikTok,Story,Edukasi,50,97,5,0,1,1,0,0,7,Jan 2024
1/2/2024,X,Reel/Video Pendek,Promosi,100,448,16,0,2,0,0,0,18,Jan 2024
1/2/2024,TikTok,Foto,Promosi,50,66,7,0,1,0,0,267387,8,Jan 2024
1/2/2024,TikTok,Carousel,Behind The Scene,50,77,3,0,0,0,0,0,3,Jan 2024
1/2/2024,Facebook,Reel/Video Pendek,Hiburan,50,82,10,0,0,0,2,1192982,12,Jan 2024
1/2/2024,X,Foto,Hiburan,50,120,5,0,0,0,0,0,5,Jan 2024
1/2/2024,Facebook,Foto,Hiburan,50,109,12,0,0,0,1,0,13,Jan 2024
1/3/2024,Instagram,Story,Behind The Scene,200,288,25,0,4,0,4,0,33,Jan 2024
1/3/2024,X,Carousel,Behind The Scene,50,110,3,0,1,0,0,0,4,Jan 2024
1/3/2024,TikTok,Reel/Video Pendek,Promosi,50,101,10,0,0,0,0,0,10,Jan 2024
1/3/2024,Facebook,Carousel,Hiburan,50,66,6,0,0,0,0,0,6,Jan 2024
1/3/2024,Facebook,Story,Promosi,50,63,6,0,0,1,0,3076508,7,Jan 2024
1/3/2024,Instagram,Story,Promosi,150,154,27,1,1,0,1,0,30,Jan 2024
1/3/2024,Instagram,Reel/Video Pendek,Behind The Scene,50,67,2,0,0,1,0,0,3,Jan 2024
1/3/2024,Instagram,Carousel,Promosi,50,111,3,0,0,0,1,86374,4,Jan 2024
1/4/2024,Instagram,Story,Hiburan,50,88,6,0,1,0,0,0,7,Jan 2024
1/4/2024,Instagram,Story,Promosi,100,124,15,1,2,2,0,0,20,Jan 2024
1/4/2024,X,Foto,Hiburan,50,117,1,0,0,0,0,2317425,1,Jan 2024
1/5/2024,TikTok,Reel/Video Pendek,Promosi,50,67,5,0,1,0,0,0,6,Jan 2024
1/5/2024,TikTok,Carousel,Hiburan,50,103,11,0,1,0,0,2397601,12,Jan 2024
1/5/2024,Instagram,Story,Promosi,100,101,20,1,1,4,1,502543,27,Jan 2024
1/5/2024,TikTok,Reel/Video Pendek,Promosi,50,108,9,0,1,1,0,0,11,Jan 2024
1/5/2024,TikTok,Story,Behind The Scene,50,61,3,0,1,0,0,2477434,4,Jan 2024
1/5/2024,Facebook,Story,Hiburan,50,65,9,0,0,0,0,295505,9,Jan 2024
1/5/2024,X,Foto,Promosi,550,692,92,1,5,0,5,112204,103,Jan 2024
1/6/2024,Instagram,Reel/Video Pendek,Hiburan,50,111,11,0,0,0,0,0,11,Jan 2024
1/6/2024,X,Carousel,Edukasi,50,114,8,0,0,0,0,0,8,Jan 2024
1/6/2024,TikTok,Carousel,Edukasi,50,204,11,0,0,0,0,100053,11,Jan 2024
1/6/2024,Facebook,Reel/Video Pendek,Promosi,50,119,7,0,0,0,0,0,7,Jan 2024
1/7/2024,X,Foto,Edukasi,50,124,6,0,0,0,0,866480,6,Jan 2024
1/7/2024,Instagram,Story,Hiburan,900,1941,216,17,7,16,11,0,267,Jan 2024
1/7/2024,X,Foto,Promosi,50,58,3,0,1,0,0,4426229,4,Jan 2024
1/7/2024,Facebook,Reel/Video Pendek,Promosi,150,179,24,2,0,1,3,132918,30,Jan 2024
1/7/2024,X,Foto,Hiburan,150,321,36,0,2,0,1,0,39,Jan 2024
1/7/2024,TikTok,Carousel,Hiburan,100,119,14,1,1,0,1,0,17,Jan 2024
1/7/2024,Facebook,Reel/Video Pendek,Behind The Scene,50,68,5,0,0,0,0,169751,5,Jan 2024
1/7/2024,TikTok,Reel/Video Pendek,Behind The Scene,50,77,11,0,1,1,0,1551728,13,Jan 2024
1/7/2024,X,Story,Edukasi,50,113,8,0,1,0,0,142384,9,Jan 2024
1/8/2024,TikTok,Carousel,Promosi,150,171,14,1,2,0,6,0,23,Jan 2024
1/8/2024,X,Story,Edukasi,100,121,9,1,1,3,1,0,15,Jan 2024
1/8/2024,TikTok,Foto,Promosi,50,112,1,0,0,0,0,0,1,Jan 2024
1/8/2024,Instagram,Story,Promosi,100,142,23,1,1,0,1,0,26,Jan 2024
1/8/2024,TikTok,Foto,Behind The Scene,50,102,1,0,0,0,0,0,1,Jan 2024
1/8/2024,TikTok,Story,Edukasi,900,1261,64,6,2,0,32,1181418,104,Jan 2024
1/8/2024,Instagram,Story,Hiburan,50,62,2,0,0,0,0,0,2,Jan 2024
1/8/2024,Facebook,Carousel,Edukasi,50,116,9,0,1,0,1,0,11,Jan 2024
1/8/2024,TikTok,Story,Edukasi,50,51,8,0,1,2,0,0,11,Jan 2024
1/9/2024,Facebook,Reel/Video Pendek,Hiburan,50,55,4,0,1,0,0,0,5,Jan 2024
1/9/2024,Instagram,Reel/Video Pendek,Promosi,300,361,51,5,5,0,2,0,63,Jan 2024
1/9/2024,Facebook,Story,Hiburan,50,96,4,0,0,0,0,0,4,Jan 2024
1/10/2024,Facebook,Reel/Video Pendek,Behind The Scene,50,93,5,0,0,0,0,0,5,Jan 2024
1/10/2024,TikTok,Reel/Video Pendek,Edukasi,50,106,4,0,1,1,0,0,6,Jan 2024
1/10/2024,TikTok,Reel/Video Pendek,Edukasi,150,177,10,2,3,0,2,450550,17,Jan 2024
1/10/2024,Instagram,Reel/Video Pendek,Behind The Scene,100,215,3,1,2,0,2,0,8,Jan 2024
1/10/2024,X,Carousel,Behind The Scene,100,158,20,1,0,3,0,0,24,Jan 2024
1/10/2024,TikTok,Story,Hiburan,100,249,18,1,1,0,1,87323,21,Jan 2024
1/10/2024,Instagram,Foto,Hiburan,200,290,23,3,0,0,3,0,29,Jan 2024
1/10/2024,X,Story,Behind The Scene,150,572,21,2,2,3,1,0,29,Jan 2024
1/10/2024,Facebook,Carousel,Hiburan,100,233,6,0,2,0,3,0,11,Jan 2024
1/10/2024,Facebook,Story,Edukasi,550,2465,61,5,3,0,4,0,73,Jan 2024
1/11/2024,Instagram,Story,Promosi,200,239,35,3,4,4,0,0,46,Jan 2024
1/11/2024,TikTok,Reel/Video Pendek,Edukasi,50,113,3,0,0,0,1,0,4,Jan 2024
1/11/2024,Facebook,Reel/Video Pendek,Promosi,100,173,3,0,2,1,1,0,7,Jan 2024
1/11/2024,TikTok,Story,Hiburan,50,167,11,0,0,1,0,3447250,12,Jan 2024
1/11/2024,Facebook,Foto,Hiburan,50,75,8,0,0,0,0,2597170,8,Jan 2024
1/11/2024,TikTok,Carousel,Edukasi,50,83,2,0,0,0,2,0,4,Jan 2024
1/12/2024,Instagram,Carousel,Edukasi,100,118,23,1,0,0,1,0,25,Jan 2024
1/12/2024,Facebook,Story,Behind The Scene,250,718,33,3,3,0,4,59854,43,Jan 2024
1/12/2024,Facebook,Carousel,Edukasi,100,398,4,0,1,0,0,0,5,Jan 2024
1/12/2024,Instagram,Reel/Video Pendek,Promosi,50,75,8,0,0,1,0,0,9,Jan 2024
1/12/2024,TikTok,Carousel,Hiburan,50,121,2,0,0,1,0,0,3,Jan 2024
1/12/2024,X,Carousel,Edukasi,50,63,7,0,0,0,0,0,7,Jan 2024
1/12/2024,Facebook,Foto,Promosi,200,257,34,1,5,0,2,0,42,Jan 2024
1/12/2024,Facebook,Carousel,Edukasi,50,156,6,0,0,0,0,0,6,Jan 2024
1/12/2024,Instagram,Story,Behind The Scene,100,235,14,1,0,0,0,0,15,Jan 2024
1/12/2024,Facebook,Reel/Video Pendek,Hiburan,100,245,10,0,2,0,2,0,14,Jan 2024
1/12/2024,Facebook,Carousel,Promosi,50,118,8,0,1,1,0,0,10,Jan 2024
1/12/2024,Instagram,Story,Promosi,50,77,5,0,1,0,0,0,6,Jan 2024
1/12/2024,Instagram,Carousel,Behind The Scene,50,70,11,0,1,1,0,4692440,13,Jan 2024
1/13/2024,Instagram,Story,Promosi,50,194,6,0,1,0,0,0,7,Jan 2024
1/13/2024,Instagram,Reel/Video Pendek,Edukasi,50,197,3,0,1,0,0,0,4,Jan 2024
1/13/2024,Facebook,Carousel,Hiburan,250,948,60,3,5,0,4,239920,72,Jan 2024
1/13/2024,TikTok,Carousel,Promosi,100,344,7,1,2,0,0,0,10,Jan 2024
1/13/2024,Facebook,Reel/Video Pendek,Edukasi,50,99,4,0,0,0,0,4865993,4,Jan 2024
1/13/2024,Facebook,Carousel,Behind The Scene,50,77,4,0,0,2,0,0,6,Jan 2024
1/13/2024,Facebook,Story,Hiburan,5300,11242,1036,15,27,121,114,0,1313,Jan 2024
1/13/2024,X,Story,Hiburan,50,81,9,0,0,0,0,0,9,Jan 2024
1/13/2024,Facebook,Reel/Video Pendek,Hiburan,100,224,6,0,1,1,0,0,8,Jan 2024
1/13/2024,Facebook,Foto,Edukasi,150,296,32,1,1,0,5,0,39,Jan 2024
1/14/2024,X,Carousel,Promosi,200,445,45,2,0,5,3,0,55,Jan 2024
1/14/2024,Instagram,Story,Hiburan,50,57,9,0,0,1,0,0,10,Jan 2024
1/14/2024,TikTok,Foto,Promosi,50,157,11,0,0,0,0,0,11,Jan 2024
1/14/2024,Facebook,Reel/Video Pendek,Hiburan,50,97,4,0,0,1,0,0,5,Jan 2024
1/14/2024,Facebook,Reel/Video Pendek,Behind The Scene,100,116,18,1,2,0,1,0,22,Jan 2024
1/14/2024,Instagram,Story,Hiburan,100,240,15,1,1,0,0,0,17,Jan 2024
1/15/2024,Facebook,Foto,Edukasi,50,69,12,0,1,0,0,0,13,Jan 2024
1/15/2024,Facebook,Reel/Video Pendek,Edukasi,50,188,8,0,1,0,0,0,9,Jan 2024
1/15/2024,Facebook,Reel/Video Pendek,Behind The Scene,100,103,13,1,0,4,0,609023,18,Jan 2024
1/15/2024,Instagram,Reel/Video Pendek,Behind The Scene,50,95,6,0,1,0,0,0,7,Jan 2024
1/15/2024,Facebook,Carousel,Hiburan,50,111,8,0,0,0,1,274045,9,Jan 2024
1/15/2024,Facebook,Foto,Edukasi,450,1346,17,5,6,0,1,63071,29,Jan 2024
1/16/2024,Instagram,Story,Hiburan,50,51,2,0,1,0,0,0,3,Jan 2024
1/16/2024,Facebook,Foto,Behind The Scene,100,198,21,1,2,0,2,0,26,Jan 2024
1/16/2024,X,Foto,Hiburan,400,1555,23,3,9,0,2,0,37,Jan 2024
1/16/2024,X,Carousel,Hiburan,50,107,9,0,0,1,0,0,10,Jan 2024
1/16/2024,Instagram,Carousel,Edukasi,50,121,8,0,0,0,1,1707473,9,Jan 2024
1/17/2024,Instagram,Foto,Hiburan,50,61,2,0,0,0,0,0,2,Jan 2024
1/17/2024,Facebook,Story,Promosi,50,103,11,0,0,0,0,0,11,Jan 2024
1/17/2024,TikTok,Carousel,Promosi,50,206,8,0,0,2,0,102303,10,Jan 2024
1/17/2024,TikTok,Reel/Video Pendek,Behind The Scene,50,54,5,0,0,0,1,149698,6,Jan 2024
1/17/2024,Facebook,Carousel,Promosi,50,124,10,0,0,0,1,974411,11,Jan 2024
1/17/2024,X,Foto,Hiburan,50,91,2,0,0,0,0,0,2,Jan 2024
1/17/2024,TikTok,Story,Behind The Scene,100,239,4,0,1,0,0,0,5,Jan 2024
1/17/2024,Facebook,Foto,Promosi,1250,1669,104,1,16,0,20,0,141,Jan 2024
1/17/2024,X,Story,Edukasi,150,214,27,2,3,0,0,0,32,Jan 2024
1/17/2024,TikTok,Reel/Video Pendek,Hiburan,150,233,18,0,3,0,3,0,24,Jan 2024
1/17/2024,TikTok,Foto,Promosi,300,878,11,5,6,0,0,0,22,Jan 2024
1/17/2024,Facebook,Reel/Video Pendek,Hiburan,50,127,9,0,0,0,0,0,9,Jan 2024
1/18/2024,X,Story,Hiburan,50,88,8,0,1,0,0,1677657,9,Jan 2024
1/18/2024,Facebook,Carousel,Hiburan,150,188,9,1,3,0,2,0,15,Jan 2024
1/18/2024,X,Reel/Video Pendek,Hiburan,50,82,12,0,1,0,0,0,13,Jan 2024
1/18/2024,Facebook,Reel/Video Pendek,Hiburan,1800,3098,75,9,12,0,29,1635597,125,Jan 2024
1/19/2024,X,Carousel,Behind The Scene,50,214,11,0,1,0,0,0,12,Jan 2024
1/19/2024,Instagram,Foto,Behind The Scene,100,206,20,1,0,0,1,120065,22,Jan 2024
1/19/2024,Facebook,Foto,Behind The Scene,50,107,12,0,0,0,0,1219972,12,Jan 2024
1/19/2024,X,Foto,Edukasi,1650,3148,266,12,3,0,11,0,292,Jan 2024
1/19/2024,X,Story,Edukasi,50,79,9,0,1,0,0,1447390,10,Jan 2024
1/19/2024,TikTok,Carousel,Promosi,50,97,12,0,0,0,0,0,12,Jan 2024
1/19/2024,Facebook,Reel/Video Pendek,Promosi,50,142,7,0,1,0,0,0,8,Jan 2024
1/19/2024,X,Story,Hiburan,50,118,11,0,0,1,0,0,12,Jan 2024
1/19/2024,X,Carousel,Promosi,50,61,4,0,1,0,0,0,5,Jan 2024
1/19/2024,Facebook,Foto,Behind The Scene,200,284,38,1,2,0,1,308465,42,Jan 2024
1/19/2024,TikTok,Story,Hiburan,100,239,22,0,2,0,1,0,25,Jan 2024
1/20/2024,TikTok,Reel/Video Pendek,Edukasi,50,115,10,0,0,2,0,0,12,Jan 2024
1/20/2024,TikTok,Reel/Video Pendek,Behind The Scene,50,153,9,0,0,0,0,0,9,Jan 2024
1/20/2024,Facebook,Story,Edukasi,50,73,9,0,1,0,0,0,10,Jan 2024
1/20/2024,Instagram,Story,Edukasi,50,75,2,0,0,0,0,0,2,Jan 2024
1/20/2024,TikTok,Story,Hiburan,50,90,10,0,1,0,0,0,11,Jan 2024
1/20/2024,Instagram,Story,Hiburan,100,214,21,0,2,0,0,1127974,23,Jan 2024
1/20/2024,Instagram,Reel/Video Pendek,Behind The Scene,50,105,9,0,0,0,1,0,10,Jan 2024
1/20/2024,X,Foto,Edukasi,200,438,36,1,4,0,0,205531,41,Jan 2024
1/21/2024,Facebook,Reel/Video Pendek,Edukasi,50,96,4,0,1,1,0,1514129,6,Jan 2024
1/21/2024,X,Foto,Hiburan,50,178,8,0,0,0,0,0,8,Jan 2024
1/21/2024,Facebook,Carousel,Hiburan,50,123,3,0,0,1,0,0,4,Jan 2024
1/21/2024,TikTok,Reel/Video Pendek,Edukasi,100,285,17,1,1,0,0,0,19,Jan 2024
1/21/2024,TikTok,Story,Hiburan,50,53,11,0,0,1,0,0,12,Jan 2024
1/21/2024,TikTok,Story,Behind The Scene,50,184,12,0,0,0,0,0,12,Jan 2024
1/21/2024,Instagram,Foto,Edukasi,50,116,4,0,1,0,0,0,5,Jan 2024
1/21/2024,Instagram,Carousel,Behind The Scene,50,57,4,0,1,0,0,324598,5,Jan 2024
1/22/2024,TikTok,Foto,Promosi,150,171,21,1,1,0,1,0,24,Jan 2024
1/22/2024,X,Reel/Video Pendek,Promosi,100,163,22,1,2,0,1,0,26,Jan 2024
1/22/2024,X,Carousel,Hiburan,50,114,8,0,1,0,0,0,9,Jan 2024
1/22/2024,X,Foto,Promosi,50,58,8,0,1,0,0,0,9,Jan 2024
1/22/2024,X,Carousel,Behind The Scene,50,56,10,0,1,0,0,0,11,Jan 2024
1/22/2024,Facebook,Story,Hiburan,50,213,4,0,0,0,0,0,4,Jan 2024
1/22/2024,Facebook,Carousel,Hiburan,50,76,1,0,0,0,0,0,1,Jan 2024
1/22/2024,Instagram,Foto,Hiburan,50,128,9,0,1,1,0,0,11,Jan 2024
1/22/2024,X,Story,Hiburan,300,620,30,1,2,0,5,2886406,38,Jan 2024
1/22/2024,Facebook,Reel/Video Pendek,Edukasi,50,99,8,0,0,0,0,0,8,Jan 2024
1/22/2024,Facebook,Story,Edukasi,50,75,10,0,0,0,0,0,10,Jan 2024
1/23/2024,X,Carousel,Promosi,100,221,18,1,1,0,1,255530,21,Jan 2024
1/23/2024,Facebook,Foto,Hiburan,50,85,6,0,0,0,0,0,6,Jan 2024
1/23/2024,X,Reel/Video Pendek,Edukasi,250,1061,22,4,0,0,7,0,33,Jan 2024
1/23/2024,Instagram,Story,Behind The Scene,50,102,5,0,1,0,0,0,6,Jan 2024
1/23/2024,X,Foto,Hiburan,50,69,6,0,1,0,0,111216,7,Jan 2024
1/23/2024,Facebook,Foto,Behind The Scene,50,56,2,0,0,0,0,0,2,Jan 2024
1/23/2024,X,Foto,Hiburan,800,1122,96,5,12,0,6,822011,119,Jan 2024
1/23/2024,Instagram,Reel/Video Pendek,Edukasi,50,109,8,0,0,0,1,0,9,Jan 2024
1/24/2024,Instagram,Reel/Video Pendek,Promosi,50,52,6,0,1,2,0,702213,9,Jan 2024
1/25/2024,TikTok,Carousel,Hiburan,50,108,6,0,1,0,0,0,7,Jan 2024
1/25/2024,Facebook,Story,Edukasi,2400,6358,445,46,40,0,25,0,556,Jan 2024
1/25/2024,X,Carousel,Promosi,450,915,59,0,5,0,0,0,64,Jan 2024
1/25/2024,TikTok,Carousel,Hiburan,300,720,58,3,0,12,1,246356,74,Jan 2024
1/25/2024,Instagram,Story,Behind The Scene,300,466,53,1,7,0,5,0,66,Jan 2024
1/25/2024,X,Carousel,Hiburan,50,110,2,0,0,0,0,1246477,2,Jan 2024
1/25/2024,TikTok,Foto,Promosi,250,605,9,4,1,0,10,0,24,Jan 2024
1/25/2024,Facebook,Reel/Video Pendek,Edukasi,50,219,10,0,0,1,0,0,11,Jan 2024
1/25/2024,X,Carousel,Hiburan,150,348,27,2,0,2,2,469879,33,Jan 2024
1/26/2024,Facebook,Story,Promosi,50,103,3,0,0,1,2,72916,6,Jan 2024
1/26/2024,Facebook,Foto,Edukasi,50,98,5,0,1,1,0,0,7,Jan 2024
1/26/2024,TikTok,Carousel,Edukasi,50,104,9,0,0,0,0,2409066,9,Jan 2024
1/26/2024,Instagram,Reel/Video Pendek,Behind The Scene,50,91,12,0,0,0,2,0,14,Jan 2024
1/26/2024,TikTok,Carousel,Edukasi,50,68,9,0,0,0,0,0,9,Jan 2024
1/26/2024,Facebook,Carousel,Behind The Scene,50,89,2,0,0,2,0,0,4,Jan 2024
1/27/2024,Facebook,Reel/Video Pendek,Hiburan,50,80,10,0,0,0,0,0,10,Jan 2024
1/27/2024,Facebook,Carousel,Promosi,200,251,32,3,4,0,0,0,39,Jan 2024
1/27/2024,X,Story,Edukasi,50,74,7,0,0,0,0,0,7,Jan 2024
1/27/2024,TikTok,Carousel,Edukasi,100,174,20,0,1,0,0,0,21,Jan 2024
1/27/2024,TikTok,Foto,Promosi,50,79,5,0,0,2,0,1666389,7,Jan 2024
1/28/2024,Instagram,Foto,Behind The Scene,50,103,3,0,0,0,0,0,3,Jan 2024
1/28/2024,TikTok,Foto,Behind The Scene,100,174,19,0,1,0,1,0,21,Jan 2024
1/28/2024,Instagram,Story,Promosi,50,89,11,0,0,0,0,0,11,Jan 2024
1/28/2024,Facebook,Foto,Hiburan,100,116,3,0,0,0,0,53342,3,Jan 2024
1/28/2024,TikTok,Reel/Video Pendek,Hiburan,50,80,10,0,0,1,0,0,11,Jan 2024
1/28/2024,Facebook,Reel/Video Pendek,Edukasi,50,85,5,0,0,0,1,0,6,Jan 2024
1/28/2024,Instagram,Foto,Hiburan,50,104,8,0,0,0,0,64481,8,Jan 2024
1/28/2024,X,Story,Edukasi,300,1113,55,5,5,0,9,0,74,Jan 2024
1/29/2024,X,Story,Edukasi,100,249,20,0,1,4,1,0,26,Jan 2024
1/29/2024,Instagram,Reel/Video Pendek,Hiburan,50,166,5,0,1,0,0,0,6,Jan 2024
1/29/2024,X,Story,Behind The Scene,550,1185,41,6,6,26,10,0,89,Jan 2024
1/29/2024,Facebook,Story,Hiburan,50,62,11,0,0,1,0,0,12,Jan 2024
1/29/2024,TikTok,Foto,Promosi,50,92,9,0,0,0,0,0,9,Jan 2024
1/29/2024,TikTok,Reel/Video Pendek,Hiburan,50,124,9,0,0,0,0,119657,9,Jan 2024
1/29/2024,X,Foto,Behind The Scene,50,94,12,0,0,0,0,0,12,Jan 2024
1/29/2024,TikTok,Foto,Hiburan,50,181,2,0,1,0,0,0,3,Jan 2024
1/29/2024,Instagram,Story,Behind The Scene,50,216,10,0,0,0,0,0,10,Jan 2024
1/30/2024,Instagram,Carousel,Hiburan,150,191,30,2,2,4,2,703659,40,Jan 2024
1/30/2024,Instagram,Carousel,Behind The Scene,100,317,10,0,1,0,4,1699353,15,Jan 2024
1/30/2024,TikTok,Foto,Promosi,50,82,5,0,0,0,0,0,5,Jan 2024
1/31/2024,Facebook,Foto,Edukasi,1150,4901,278,2,13,0,10,0,303,Jan 2024
1/31/2024,Instagram,Reel/Video Pendek,Promosi,100,236,17,1,2,0,1,0,21,Jan 2024
1/31/2024,X,Story,Edukasi,50,63,6,0,0,0,0,0,6,Jan 2024
1/31/2024,Facebook,Foto,Hiburan,50,209,2,0,0,1,0,243738,3,Jan 2024
1/31/2024,Instagram,Carousel,Behind The Scene,400,708,44,6,5,0,1,0,56,Jan 2024
2/1/2024,Facebook,Story,Edukasi,300,435,52,5,0,0,5,2159581,62,Feb 2024
2/1/2024,TikTok,Reel/Video Pendek,Edukasi,50,110,10,0,1,0,0,0,11,Feb 2024
2/1/2024,TikTok,Carousel,Edukasi,1350,2996,200,16,37,0,15,0,268,Feb 2024
2/1/2024,TikTok,Foto,Edukasi,50,63,3,0,0,0,2,0,5,Feb 2024
2/2/2024,TikTok,Foto,Edukasi,50,109,10,0,0,0,0,163538,10,Feb 2024
2/2/2024,X,Foto,Edukasi,50,220,5,0,0,1,0,0,6,Feb 2024
2/2/2024,X,Story,Hiburan,50,67,12,0,0,0,0,0,12,Feb 2024
2/2/2024,Instagram,Reel/Video Pendek,Promosi,50,175,6,0,0,0,0,0,6,Feb 2024
2/2/2024,Facebook,Carousel,Behind The Scene,50,115,4,0,0,1,1,2231042,6,Feb 2024
2/3/2024,X,Reel/Video Pendek,Hiburan,200,381,14,0,2,0,0,1908261,16,Feb 2024
2/3/2024,X,Foto,Promosi,200,270,15,1,5,0,1,0,22,Feb 2024
2/3/2024,X,Reel/Video Pendek,Hiburan,50,108,5,0,0,0,0,183981,5,Feb 2024
2/4/2024,TikTok,Foto,Behind The Scene,50,150,3,0,0,0,0,0,3,Feb 2024
2/4/2024,X,Reel/Video Pendek,Hiburan,50,172,2,0,0,0,0,1311361,2,Feb 2024
2/4/2024,TikTok,Foto,Promosi,50,127,9,0,0,0,0,0,9,Feb 2024
2/4/2024,TikTok,Carousel,Promosi,50,54,8,0,0,0,0,0,8,Feb 2024
2/4/2024,Facebook,Story,Promosi,50,88,3,0,1,1,0,0,5,Feb 2024
2/4/2024,X,Carousel,Promosi,100,269,20,0,2,0,1,4269624,23,Feb 2024
2/4/2024,Instagram,Carousel,Edukasi,50,208,10,0,0,0,0,0,10,Feb 2024
2/5/2024,X,Foto,Edukasi,250,312,25,1,3,0,1,0,30,Feb 2024
2/5/2024,Instagram,Reel/Video Pendek,Behind The Scene,50,148,3,0,0,0,1,0,4,Feb 2024
2/5/2024,TikTok,Reel/Video Pendek,Behind The Scene,50,106,2,0,0,0,2,0,4,Feb 2024
2/5/2024,Instagram,Reel/Video Pendek,Edukasi,200,481,15,1,3,9,1,1456396,29,Feb 2024
2/5/2024,X,Story,Hiburan,600,1271,84,10,1,29,4,0,128,Feb 2024
2/6/2024,Facebook,Story,Promosi,150,185,13,0,1,0,0,76353,14,Feb 2024
2/6/2024,X,Reel/Video Pendek,Behind The Scene,100,381,18,1,2,0,1,0,22,Feb 2024
2/6/2024,TikTok,Carousel,Promosi,50,144,3,0,1,1,0,0,5,Feb 2024
2/6/2024,TikTok,Carousel,Promosi,400,994,22,6,0,5,2,0,35,Feb 2024
2/6/2024,X,Foto,Hiburan,50,117,11,0,0,0,2,97811,13,Feb 2024
2/7/2024,Facebook,Foto,Hiburan,50,74,4,0,0,0,0,1848353,4,Feb 2024
2/7/2024,Facebook,Carousel,Hiburan,50,70,10,0,0,1,0,0,11,Feb 2024
2/7/2024,Instagram,Story,Promosi,150,271,21,2,2,3,1,1731395,29,Feb 2024
2/7/2024,Instagram,Carousel,Behind The Scene,150,198,18,1,0,0,2,0,21,Feb 2024
2/7/2024,TikTok,Carousel,Behind The Scene,200,377,19,0,4,1,4,0,28,Feb 2024
2/7/2024,Instagram,Foto,Edukasi,100,170,22,1,2,0,1,122321,26,Feb 2024
2/8/2024,Instagram,Foto,Hiburan,400,760,44,2,6,0,4,0,56,Feb 2024
2/8/2024,Facebook,Foto,Promosi,50,91,3,0,1,0,0,0,4,Feb 2024
2/8/2024,X,Reel/Video Pendek,Behind The Scene,50,103,3,0,0,0,0,0,3,Feb 2024
2/8/2024,TikTok,Carousel,Edukasi,50,119,8,0,0,1,0,0,9,Feb 2024
2/8/2024,TikTok,Carousel,Behind The Scene,200,368,9,0,2,0,3,0,14,Feb 2024
2/8/2024,Instagram,Reel/Video Pendek,Behind The Scene,50,161,10,0,1,0,0,0,11,Feb 2024
2/8/2024,Instagram,Carousel,Edukasi,150,182,35,0,3,0,2,946164,40,Feb 2024
2/8/2024,TikTok,Reel/Video Pendek,Promosi,200,230,17,3,4,0,0,2231502,24,Feb 2024
2/8/2024,Instagram,Story,Edukasi,50,73,8,0,1,0,0,0,9,Feb 2024
2/8/2024,Instagram,Foto,Behind The Scene,150,364,17,0,2,0,0,0,19,Feb 2024
2/8/2024,Facebook,Foto,Edukasi,50,142,9,0,0,0,1,0,10,Feb 2024
2/8/2024,Facebook,Carousel,Hiburan,50,128,2,0,0,0,0,0,2,Feb 2024
2/8/2024,X,Carousel,Edukasi,750,1096,153,12,1,0,7,0,173,Feb 2024
2/8/2024,Facebook,Reel/Video Pendek,Behind The Scene,50,58,5,0,1,1,0,0,7,Feb 2024
2/8/2024,Instagram,Reel/Video Pendek,Promosi,50,86,12,0,0,0,0,0,12,Feb 2024
2/8/2024,Instagram,Story,Edukasi,50,173,8,0,0,0,0,0,8,Feb 2024
2/9/2024,Instagram,Foto,Hiburan,50,211,5,0,1,0,0,0,6,Feb 2024
2/9/2024,TikTok,Foto,Promosi,3300,5584,552,52,80,0,10,0,694,Feb 2024
2/9/2024,X,Story,Hiburan,350,701,28,5,3,0,1,0,37,Feb 2024
2/9/2024,X,Foto,Edukasi,8700,18407,892,159,36,0,372,0,1459,Feb 2024
2/9/2024,X,Foto,Behind The Scene,400,634,60,7,2,16,14,4290371,99,Feb 2024
2/9/2024,Facebook,Story,Edukasi,50,140,10,0,1,0,0,1119686,11,Feb 2024
2/9/2024,Facebook,Story,Hiburan,50,76,7,0,1,0,0,0,8,Feb 2024
2/9/2024,Facebook,Reel/Video Pendek,Behind The Scene,50,193,3,0,0,0,0,1396485,3,Feb 2024
2/9/2024,TikTok,Story,Edukasi,50,94,7,0,1,0,0,0,8,Feb 2024
2/9/2024,X,Foto,Behind The Scene,150,365,33,2,0,0,2,0,37,Feb 2024
2/10/2024,TikTok,Story,Edukasi,1400,3041,339,6,37,0,16,0,398,Feb 2024
2/10/2024,X,Story,Promosi,50,94,6,0,0,0,0,235614,6,Feb 2024
2/10/2024,TikTok,Foto,Edukasi,50,195,10,0,0,0,0,2492894,10,Feb 2024
2/10/2024,TikTok,Story,Behind The Scene,50,121,10,0,0,0,0,366714,10,Feb 2024
2/10/2024,Facebook,Reel/Video Pendek,Hiburan,150,260,8,0,2,0,1,1536338,11,Feb 2024
2/10/2024,Instagram,Foto,Edukasi,50,97,9,0,0,0,0,0,9,Feb 2024
2/10/2024,Instagram,Story,Behind The Scene,50,78,9,0,0,0,0,0,9,Feb 2024
2/10/2024,TikTok,Story,Hiburan,150,471,15,1,0,0,6,0,22,Feb 2024
2/10/2024,X,Carousel,Promosi,50,114,9,0,1,0,0,0,10,Feb 2024
2/10/2024,Facebook,Story,Behind The Scene,50,61,7,0,1,0,0,0,8,Feb 2024
2/10/2024,Facebook,Foto,Behind The Scene,50,79,10,0,0,0,1,0,11,Feb 2024
2/11/2024,X,Carousel,Promosi,50,192,9,0,0,0,0,138403,9,Feb 2024
2/11/2024,TikTok,Foto,Edukasi,50,92,7,0,0,1,0,0,8,Feb 2024
2/11/2024,Instagram,Reel/Video Pendek,Behind The Scene,650,876,54,8,4,0,1,0,67,Feb 2024
2/11/2024,X,Carousel,Behind The Scene,50,92,8,0,0,0,1,0,9,Feb 2024
2/11/2024,Instagram,Carousel,Edukasi,50,72,11,0,0,0,0,0,11,Feb 2024
2/11/2024,Instagram,Foto,Hiburan,350,948,49,3,8,0,0,0,60,Feb 2024
2/12/2024,TikTok,Foto,Behind The Scene,50,73,3,0,1,0,0,0,4,Feb 2024
2/12/2024,X,Story,Hiburan,100,153,8,1,0,4,1,59182,14,Feb 2024
2/12/2024,Instagram,Reel/Video Pendek,Promosi,150,328,19,2,3,0,1,0,25,Feb 2024
2/12/2024,X,Carousel,Behind The Scene,200,392,44,1,5,5,1,2973635,56,Feb 2024
2/12/2024,Instagram,Foto,Promosi,50,169,2,0,0,1,0,0,3,Feb 2024
2/12/2024,Facebook,Foto,Edukasi,200,322,9,3,4,8,9,0,33,Feb 2024
2/12/2024,Facebook,Reel/Video Pendek,Promosi,100,397,9,1,1,0,1,75379,12,Feb 2024
2/12/2024,X,Carousel,Promosi,200,753,17,1,2,0,1,0,21,Feb 2024
2/12/2024,Instagram,Foto,Hiburan,50,145,2,0,0,0,0,0,2,Feb 2024
2/13/2024,X,Story,Promosi,100,211,18,1,0,0,1,0,20,Feb 2024
2/13/2024,X,Reel/Video Pendek,Hiburan,100,199,11,1,2,0,1,4168939,15,Feb 2024
2/13/2024,X,Reel/Video Pendek,Behind The Scene,50,115,6,0,0,1,0,0,7,Feb 2024
2/13/2024,TikTok,Story,Promosi,1850,8218,280,4,43,79,96,0,502,Feb 2024
2/13/2024,X,Foto,Behind The Scene,50,103,1,0,1,0,0,0,2,Feb 2024
2/13/2024,X,Foto,Hiburan,300,648,38,2,1,10,2,0,53,Feb 2024
2/13/2024,Facebook,Carousel,Edukasi,50,92,10,0,0,0,0,0,10,Feb 2024
2/14/2024,Instagram,Foto,Hiburan,50,77,10,0,0,0,0,0,10,Feb 2024
2/14/2024,TikTok,Reel/Video Pendek,Behind The Scene,200,785,20,2,3,0,8,3849905,33,Feb 2024
2/14/2024,Facebook,Reel/Video Pendek,Promosi,100,255,8,0,2,2,1,0,13,Feb 2024
2/14/2024,TikTok,Reel/Video Pendek,Behind The Scene,100,208,9,1,1,0,0,0,11,Feb 2024
2/15/2024,X,Foto,Promosi,50,73,4,0,0,0,0,0,4,Feb 2024
2/15/2024,Instagram,Reel/Video Pendek,Promosi,50,170,11,0,1,0,2,0,14,Feb 2024
2/15/2024,X,Foto,Hiburan,50,62,12,0,1,0,0,1652881,13,Feb 2024
2/15/2024,Instagram,Story,Promosi,50,197,11,0,0,0,0,1487046,11,Feb 2024
2/15/2024,X,Story,Promosi,50,86,2,0,0,0,0,0,2,Feb 2024
2/16/2024,TikTok,Carousel,Behind The Scene,100,230,7,1,1,0,0,0,9,Feb 2024
2/16/2024,Instagram,Reel/Video Pendek,Hiburan,50,91,4,0,0,0,0,0,4,Feb 2024
2/16/2024,X,Foto,Hiburan,50,213,6,0,1,0,0,83190,7,Feb 2024
2/16/2024,X,Story,Behind The Scene,50,137,9,0,1,0,1,0,11,Feb 2024
2/16/2024,X,Story,Edukasi,50,134,8,0,0,2,0,0,10,Feb 2024
2/16/2024,TikTok,Carousel,Edukasi,50,119,8,0,1,1,0,0,10,Feb 2024
2/16/2024,Facebook,Reel/Video Pendek,Promosi,50,59,3,0,1,0,0,0,4,Feb 2024
2/16/2024,TikTok,Story,Edukasi,700,1147,90,4,10,0,12,104239,116,Feb 2024
2/16/2024,Instagram,Story,Promosi,50,157,9,0,0,0,0,131779,9,Feb 2024
2/16/2024,Instagram,Reel/Video Pendek,Promosi,300,343,12,3,3,0,3,0,21,Feb 2024
2/16/2024,TikTok,Reel/Video Pendek,Edukasi,200,500,42,1,2,0,2,0,47,Feb 2024
2/17/2024,Facebook,Carousel,Behind The Scene,50,92,10,0,0,0,0,0,10,Feb 2024
2/17/2024,X,Foto,Edukasi,50,218,6,0,0,0,1,0,7,Feb 2024
2/17/2024,TikTok,Foto,Promosi,50,100,2,0,1,0,1,81330,4,Feb 2024
2/17/2024,X,Reel/Video Pendek,Hiburan,50,75,8,0,0,1,1,4943584,10,Feb 2024
2/17/2024,TikTok,Story,Behind The Scene,250,450,43,1,7,0,3,229579,54,Feb 2024
2/17/2024,X,Story,Hiburan,400,1435,54,7,11,0,8,0,80,Feb 2024
2/18/2024,X,Reel/Video Pendek,Hiburan,50,162,11,0,0,0,0,56803,11,Feb 2024
2/18/2024,TikTok,Reel/Video Pendek,Promosi,50,121,4,0,1,0,0,0,5,Feb 2024
2/18/2024,X,Story,Behind The Scene,300,1223,42,5,2,0,1,0,50,Feb 2024
2/18/2024,TikTok,Reel/Video Pendek,Behind The Scene,50,116,8,0,1,0,0,188033,9,Feb 2024
2/18/2024,Instagram,Carousel,Behind The Scene,100,203,8,0,1,1,1,0,11,Feb 2024
2/18/2024,Instagram,Foto,Promosi,100,169,5,0,2,0,1,0,8,Feb 2024
2/18/2024,Instagram,Reel/Video Pendek,Behind The Scene,350,396,80,3,7,0,1,0,91,Feb 2024
2/18/2024,Facebook,Reel/Video Pendek,Edukasi,100,362,10,0,0,1,1,0,12,Feb 2024
2/18/2024,Instagram,Carousel,Promosi,50,116,2,0,1,0,0,510626,3,Feb 2024
2/18/2024,TikTok,Foto,Promosi,150,178,31,2,3,0,0,0,36,Feb 2024
2/19/2024,Instagram,Foto,Behind The Scene,50,76,9,0,0,0,0,87573,9,Feb 2024
2/19/2024,X,Foto,Promosi,2200,4758,121,18,16,86,4,0,245,Feb 2024
2/19/2024,Instagram,Carousel,Edukasi,150,181,14,0,1,6,0,607356,21,Feb 2024
2/19/2024,Instagram,Reel/Video Pendek,Edukasi,200,260,44,0,3,0,3,0,50,Feb 2024
2/19/2024,TikTok,Story,Promosi,100,419,12,0,2,1,5,0,20,Feb 2024
2/20/2024,X,Foto,Hiburan,50,83,11,0,0,0,1,0,12,Feb 2024
2/20/2024,Instagram,Foto,Edukasi,50,75,7,0,1,0,0,0,8,Feb 2024
2/20/2024,X,Carousel,Promosi,50,57,9,0,0,0,0,0,9,Feb 2024
2/20/2024,Facebook,Foto,Edukasi,50,73,10,0,0,0,0,0,10,Feb 2024
2/20/2024,X,Story,Edukasi,350,706,27,1,6,0,1,0,35,Feb 2024
2/20/2024,X,Reel/Video Pendek,Edukasi,150,200,26,2,4,0,0,0,32,Feb 2024
2/21/2024,X,Reel/Video Pendek,Behind The Scene,750,3189,105,10,9,0,31,0,155,Feb 2024
2/22/2024,X,Foto,Hiburan,100,117,10,1,2,0,1,0,14,Feb 2024
2/22/2024,Facebook,Story,Hiburan,100,336,4,1,2,0,1,110567,8,Feb 2024
2/22/2024,Instagram,Carousel,Hiburan,50,143,11,0,1,1,0,542037,13,Feb 2024
2/22/2024,Facebook,Story,Edukasi,50,147,1,0,1,0,0,85565,2,Feb 2024
2/22/2024,X,Carousel,Promosi,50,88,10,0,0,0,0,0,10,Feb 2024
2/22/2024,X,Foto,Hiburan,50,88,11,0,0,0,0,67906,11,Feb 2024
2/22/2024,Facebook,Foto,Hiburan,100,147,23,0,2,0,1,0,26,Feb 2024
2/22/2024,Facebook,Story,Promosi,350,691,54,6,3,0,5,2623453,68,Feb 2024
2/22/2024,Instagram,Story,Behind The Scene,350,1401,63,4,8,0,3,742463,78,Feb 2024
2/22/2024,X,Foto,Behind The Scene,50,70,9,0,0,0,0,0,9,Feb 2024
2/23/2024,X,Story,Hiburan,50,60,6,0,1,0,0,0,7,Feb 2024
2/23/2024,Instagram,Story,Edukasi,50,81,10,0,0,0,0,0,10,Feb 2024
2/23/2024,TikTok,Carousel,Behind The Scene,350,853,73,5,10,0,4,0,92,Feb 2024
2/23/2024,Facebook,Story,Promosi,100,269,15,1,2,0,0,0,18,Feb 2024
2/23/2024,TikTok,Foto,Edukasi,600,1395,51,0,10,26,8,0,95,Feb 2024
2/23/2024,Facebook,Foto,Behind The Scene,1100,2018,112,8,16,0,2,0,138,Feb 2024
2/23/2024,Facebook,Story,Edukasi,50,197,4,0,1,0,0,175200,5,Feb 2024
2/23/2024,Facebook,Reel/Video Pendek,Promosi,50,195,8,0,0,0,0,0,8,Feb 2024
2/24/2024,Facebook,Story,Promosi,50,102,6,0,0,0,2,0,8,Feb 2024
2/24/2024,Instagram,Reel/Video Pendek,Promosi,200,696,28,2,5,0,4,1270533,39,Feb 2024
2/24/2024,Facebook,Story,Hiburan,200,804,14,0,5,9,3,0,31,Feb 2024
2/24/2024,Instagram,Story,Behind The Scene,50,150,11,0,0,0,0,0,11,Feb 2024
2/24/2024,X,Story,Behind The Scene,350,353,41,1,3,9,2,0,56,Feb 2024
2/24/2024,X,Carousel,Edukasi,150,242,25,1,4,0,0,291917,30,Feb 2024
2/25/2024,TikTok,Carousel,Edukasi,50,119,1,0,1,0,0,2695093,2,Feb 2024
2/25/2024,TikTok,Carousel,Edukasi,150,308,25,2,2,0,1,0,30,Feb 2024
2/25/2024,X,Reel/Video Pendek,Promosi,250,999,44,4,0,0,1,1631225,49,Feb 2024
2/25/2024,Instagram,Carousel,Promosi,50,101,3,0,0,0,0,518884,3,Feb 2024
2/25/2024,X,Foto,Behind The Scene,50,54,9,0,0,0,0,2689872,9,Feb 2024
2/26/2024,Facebook,Carousel,Hiburan,50,96,5,0,0,0,1,121038,6,Feb 2024
2/26/2024,TikTok,Foto,Behind The Scene,350,913,87,5,10,0,2,0,104,Feb 2024
2/26/2024,TikTok,Carousel,Promosi,200,453,29,0,5,0,3,0,37,Feb 2024
2/26/2024,Facebook,Reel/Video Pendek,Behind The Scene,50,111,8,0,0,0,0,0,8,Feb 2024
2/27/2024,TikTok,Story,Promosi,50,77,2,0,1,0,1,125142,4,Feb 2024
2/27/2024,X,Foto,Promosi,1000,2476,55,17,13,47,15,0,147,Feb 2024
2/27/2024,Facebook,Story,Edukasi,50,59,8,0,0,0,0,0,8,Feb 2024
2/27/2024,Facebook,Foto,Hiburan,100,314,17,0,1,0,1,2825249,19,Feb 2024
2/27/2024,Instagram,Reel/Video Pendek,Behind The Scene,100,140,5,1,0,0,1,0,7,Feb 2024
2/27/2024,Facebook,Foto,Behind The Scene,200,367,14,3,5,0,0,0,22,Feb 2024
2/27/2024,TikTok,Foto,Edukasi,50,202,9,0,0,0,1,0,10,Feb 2024
2/27/2024,TikTok,Story,Behind The Scene,800,1086,162,2,20,0,7,0,191,Feb 2024
2/27/2024,X,Story,Hiburan,150,209,9,2,0,5,2,0,18,Feb 2024
2/28/2024,Instagram,Carousel,Behind The Scene,100,443,20,0,2,0,1,0,23,Feb 2024
2/28/2024,Facebook,Foto,Hiburan,50,103,4,0,0,0,0,0,4,Feb 2024
2/28/2024,X,Foto,Hiburan,50,101,11,0,1,0,0,0,12,Feb 2024
2/28/2024,X,Reel/Video Pendek,Edukasi,150,155,18,1,1,0,1,0,21,Feb 2024
2/28/2024,X,Reel/Video Pendek,Hiburan,50,65,10,0,0,2,0,2010870,12,Feb 2024
2/28/2024,Instagram,Carousel,Behind The Scene,50,99,5,0,0,0,0,218227,5,Feb 2024
2/28/2024,X,Reel/Video Pendek,Promosi,50,139,12,0,0,0,0,0,12,Feb 2024
2/28/2024,X,Reel/Video Pendek,Promosi,50,99,9,0,1,2,0,0,12,Feb 2024
2/28/2024,Instagram,Carousel,Behind The Scene,50,123,5,0,1,1,0,907394,7,Feb 2024
2/28/2024,TikTok,Carousel,Promosi,50,81,2,0,0,2,0,0,4,Feb 2024
2/28/2024,Facebook,Carousel,Promosi,200,427,36,1,1,4,3,894201,45,Feb 2024
2/28/2024,X,Foto,Behind The Scene,50,58,11,0,1,0,0,0,12,Feb 2024
2/29/2024,X,Reel/Video Pendek,Behind The Scene,100,376,14,0,0,0,0,729161,14,Feb 2024
2/29/2024,TikTok,Reel/Video Pendek,Promosi,150,662,9,2,0,0,3,0,14,Feb 2024
2/29/2024,Facebook,Story,Behind The Scene,200,821,29,0,1,7,2,0,39,Feb 2024
2/29/2024,Facebook,Carousel,Hiburan,50,70,6,0,0,0,0,0,6,Feb 2024
2/29/2024,X,Story,Hiburan,50,109,7,0,0,1,0,0,8,Feb 2024
3/1/2024,Instagram,Reel/Video Pendek,Hiburan,250,922,59,2,0,9,6,0,76,Mar 2024
3/1/2024,Facebook,Story,Edukasi,50,97,8,0,1,0,0,0,9,Mar 2024
3/1/2024,Facebook,Reel/Video Pendek,Behind The Scene,50,96,10,0,0,0,0,0,10,Mar 2024
3/1/2024,Instagram,Story,Promosi,100,197,17,1,2,4,2,0,26,Mar 2024
3/1/2024,X,Story,Promosi,50,153,2,0,0,0,2,0,4,Mar 2024
3/1/2024,TikTok,Reel/Video Pendek,Edukasi,50,52,10,0,1,0,2,0,13,Mar 2024
3/2/2024,TikTok,Foto,Promosi,50,95,8,0,0,0,0,0,8,Mar 2024
3/2/2024,Instagram,Foto,Edukasi,200,426,40,2,3,0,3,0,48,Mar 2024
3/2/2024,Facebook,Foto,Behind The Scene,50,221,9,0,0,2,0,974884,11,Mar 2024
3/2/2024,Facebook,Foto,Hiburan,50,75,6,0,0,0,0,0,6,Mar 2024
3/2/2024,Facebook,Carousel,Promosi,100,216,11,0,2,3,0,0,16,Mar 2024
3/2/2024,TikTok,Foto,Behind The Scene,200,689,27,2,3,0,2,0,34,Mar 2024
3/3/2024,X,Reel/Video Pendek,Behind The Scene,50,77,4,0,0,0,1,0,5,Mar 2024
3/3/2024,TikTok,Reel/Video Pendek,Hiburan,50,134,8,0,1,0,1,150483,10,Mar 2024
3/3/2024,Instagram,Story,Hiburan,50,169,5,0,0,0,0,1070674,5,Mar 2024
3/3/2024,X,Story,Edukasi,100,245,19,1,1,0,1,0,22,Mar 2024
3/3/2024,TikTok,Story,Hiburan,50,154,11,0,1,0,0,67274,12,Mar 2024
3/3/2024,X,Foto,Edukasi,100,390,7,0,2,0,2,3364917,11,Mar 2024
3/3/2024,Facebook,Reel/Video Pendek,Promosi,50,69,4,0,1,0,0,2524762,5,Mar 2024
3/3/2024,TikTok,Carousel,Promosi,50,201,8,0,0,0,0,91541,8,Mar 2024
3/3/2024,X,Reel/Video Pendek,Hiburan,50,142,8,0,0,0,0,0,8,Mar 2024
3/4/2024,X,Carousel,Hiburan,50,116,12,0,0,0,0,0,12,Mar 2024
3/4/2024,Instagram,Foto,Edukasi,50,53,6,0,0,0,1,3661295,7,Mar 2024
3/4/2024,Facebook,Carousel,Edukasi,100,207,17,0,1,0,1,82556,19,Mar 2024
3/4/2024,Instagram,Foto,Hiburan,150,194,37,0,0,0,0,0,37,Mar 2024
3/5/2024,X,Reel/Video Pendek,Edukasi,50,76,3,0,1,0,2,0,6,Mar 2024
3/5/2024,Facebook,Carousel,Promosi,50,94,2,0,1,0,0,0,3,Mar 2024
3/5/2024,TikTok,Foto,Hiburan,50,55,7,0,0,0,0,900902,7,Mar 2024
3/5/2024,TikTok,Reel/Video Pendek,Hiburan,50,124,4,0,0,0,0,70690,4,Mar 2024
3/5/2024,Instagram,Reel/Video Pendek,Hiburan,350,1545,65,5,8,7,2,0,87,Mar 2024
3/5/2024,TikTok,Carousel,Behind The Scene,50,114,10,0,0,0,0,0,10,Mar 2024
3/5/2024,TikTok,Foto,Behind The Scene,200,244,41,2,2,0,3,0,48,Mar 2024
3/5/2024,Facebook,Story,Edukasi,150,171,26,1,3,0,2,0,32,Mar 2024
3/5/2024,TikTok,Foto,Behind The Scene,50,119,11,0,1,0,0,0,12,Mar 2024
3/5/2024,X,Foto,Promosi,100,186,8,1,1,0,1,0,11,Mar 2024
3/6/2024,Facebook,Foto,Promosi,50,116,5,0,0,0,0,0,5,Mar 2024
3/6/2024,TikTok,Reel/Video Pendek,Edukasi,200,445,26,3,0,8,2,0,39,Mar 2024
3/6/2024,Facebook,Reel/Video Pendek,Promosi,100,152,19,0,1,0,0,0,20,Mar 2024
3/6/2024,Instagram,Carousel,Promosi,50,113,8,0,0,0,0,131851,8,Mar 2024
3/6/2024,Facebook,Foto,Hiburan,50,56,1,0,0,0,0,0,1,Mar 2024
3/6/2024,TikTok,Foto,Behind The Scene,100,210,9,0,0,0,0,146010,9,Mar 2024
3/7/2024,TikTok,Reel/Video Pendek,Hiburan,850,3416,101,12,21,0,2,0,136,Mar 2024
3/7/2024,Facebook,Reel/Video Pendek,Promosi,50,76,11,0,0,0,0,0,11,Mar 2024
3/7/2024,Instagram,Story,Promosi,150,621,16,1,0,0,2,0,19,Mar 2024
3/8/2024,Instagram,Foto,Promosi,50,191,6,0,1,0,0,0,7,Mar 2024
3/8/2024,Facebook,Foto,Edukasi,50,116,10,0,0,0,0,0,10,Mar 2024
3/8/2024,Facebook,Foto,Promosi,50,50,8,0,0,0,0,0,8,Mar 2024
3/8/2024,X,Foto,Edukasi,500,2219,74,1,13,0,5,0,93,Mar 2024
3/8/2024,X,Carousel,Hiburan,50,79,2,0,1,0,0,0,3,Mar 2024
3/8/2024,TikTok,Story,Edukasi,50,105,5,0,1,0,0,3061412,6,Mar 2024
3/9/2024,TikTok,Story,Behind The Scene,50,115,11,0,0,0,0,0,11,Mar 2024
3/9/2024,X,Foto,Edukasi,50,98,4,0,1,0,0,0,5,Mar 2024
3/9/2024,TikTok,Story,Behind The Scene,50,99,9,0,1,0,0,0,10,Mar 2024
3/9/2024,Instagram,Story,Behind The Scene,50,118,1,0,1,0,1,0,3,Mar 2024
3/9/2024,X,Carousel,Promosi,100,141,10,0,1,0,0,0,11,Mar 2024
3/9/2024,Facebook,Story,Edukasi,1000,2208,55,5,8,11,8,0,87,Mar 2024
3/9/2024,Facebook,Foto,Hiburan,50,119,10,0,1,0,0,0,11,Mar 2024
3/9/2024,X,Foto,Edukasi,50,206,11,0,0,0,0,0,11,Mar 2024
3/9/2024,Facebook,Reel/Video Pendek,Promosi,50,102,8,0,0,0,0,102605,8,Mar 2024
3/9/2024,Instagram,Carousel,Hiburan,50,182,8,0,0,1,0,142298,9,Mar 2024
3/10/2024,Facebook,Story,Hiburan,50,119,2,0,0,2,0,0,4,Mar 2024
3/10/2024,X,Carousel,Promosi,250,321,27,3,3,0,2,69289,35,Mar 2024
3/10/2024,Instagram,Reel/Video Pendek,Behind The Scene,100,353,12,1,1,0,0,0,14,Mar 2024
3/10/2024,Instagram,Foto,Promosi,50,116,1,0,0,0,0,2118623,1,Mar 2024
3/10/2024,TikTok,Story,Edukasi,100,234,4,0,0,0,2,0,6,Mar 2024
3/11/2024,Facebook,Story,Behind The Scene,50,86,4,0,1,0,2,2587280,7,Mar 2024
3/11/2024,Facebook,Foto,Promosi,50,70,3,0,0,1,0,1974221,4,Mar 2024
3/12/2024,TikTok,Foto,Promosi,50,112,8,0,0,0,0,4187010,8,Mar 2024
3/12/2024,X,Story,Behind The Scene,50,198,4,0,1,0,0,0,5,Mar 2024
3/12/2024,X,Foto,Edukasi,50,90,3,0,0,1,1,1392618,5,Mar 2024
3/12/2024,TikTok,Reel/Video Pendek,Edukasi,50,85,6,0,0,0,0,2006834,6,Mar 2024
3/12/2024,TikTok,Carousel,Promosi,100,337,9,1,2,0,1,0,13,Mar 2024
3/12/2024,TikTok,Story,Edukasi,50,85,6,0,0,2,2,0,10,Mar 2024
3/12/2024,X,Carousel,Hiburan,50,50,2,0,0,0,0,0,2,Mar 2024
3/13/2024,Instagram,Story,Hiburan,200,499,45,3,5,0,2,492325,55,Mar 2024
3/13/2024,X,Story,Edukasi,50,98,6,0,0,0,0,0,6,Mar 2024
3/13/2024,Facebook,Foto,Behind The Scene,50,106,8,0,0,0,0,0,8,Mar 2024
3/13/2024,TikTok,Carousel,Promosi,100,234,4,0,0,1,1,0,6,Mar 2024
3/13/2024,X,Carousel,Edukasi,50,96,1,0,1,0,1,1588502,3,Mar 2024
3/13/2024,Instagram,Carousel,Behind The Scene,50,102,7,0,0,0,0,1172462,7,Mar 2024
3/13/2024,X,Reel/Video Pendek,Behind The Scene,100,426,11,0,1,0,0,67341,12,Mar 2024
3/13/2024,Instagram,Foto,Behind The Scene,50,117,2,0,1,0,0,1910366,3,Mar 2024
3/13/2024,Facebook,Reel/Video Pendek,Edukasi,100,195,24,1,0,0,4,0,29,Mar 2024
3/13/2024,TikTok,Story,Hiburan,50,106,7,0,0,0,1,0,8,Mar 2024
3/13/2024,X,Reel/Video Pendek,Edukasi,100,329,10,1,1,2,1,233019,15,Mar 2024
3/13/2024,Instagram,Reel/Video Pendek,Behind The Scene,650,2739,97,10,16,0,36,0,159,Mar 2024
3/13/2024,TikTok,Carousel,Edukasi,50,134,10,0,1,0,0,63620,11,Mar 2024
3/13/2024,Instagram,Story,Behind The Scene,50,69,6,0,0,0,1,0,7,Mar 2024
3/13/2024,TikTok,Reel/Video Pendek,Behind The Scene,50,118,5,0,0,0,0,0,5,Mar 2024
3/14/2024,Instagram,Reel/Video Pendek,Behind The Scene,50,119,7,0,0,0,1,0,8,Mar 2024
3/14/2024,X,Story,Behind The Scene,50,189,1,0,1,0,1,0,3,Mar 2024
3/14/2024,X,Foto,Promosi,50,123,9,0,0,0,0,224167,9,Mar 2024
3/14/2024,X,Reel/Video Pendek,Behind The Scene,400,527,20,3,10,0,0,0,33,Mar 2024
3/14/2024,Instagram,Foto,Behind The Scene,50,210,4,0,0,0,0,0,4,Mar 2024
3/15/2024,X,Story,Hiburan,100,201,8,1,0,0,1,0,10,Mar 2024
3/15/2024,TikTok,Foto,Behind The Scene,50,93,1,0,1,1,2,0,5,Mar 2024
3/15/2024,Instagram,Reel/Video Pendek,Promosi,50,90,12,0,1,2,0,902904,15,Mar 2024
3/15/2024,Facebook,Foto,Hiburan,100,109,22,0,1,0,0,0,23,Mar 2024
3/15/2024,TikTok,Reel/Video Pendek,Behind The Scene,50,79,7,0,1,0,0,0,8,Mar 2024
3/15/2024,Instagram,Story,Promosi,100,344,19,0,2,0,0,2900526,21,Mar 2024
3/15/2024,TikTok,Carousel,Edukasi,50,69,3,0,1,0,0,0,4,Mar 2024
3/15/2024,X,Reel/Video Pendek,Edukasi,50,65,11,0,0,0,0,0,11,Mar 2024
3/15/2024,TikTok,Story,Hiburan,200,552,26,2,1,3,7,0,39,Mar 2024
3/15/2024,Instagram,Carousel,Promosi,50,95,7,0,0,2,0,0,9,Mar 2024
3/15/2024,Instagram,Reel/Video Pendek,Behind The Scene,150,345,21,1,1,0,2,0,25,Mar 2024
3/15/2024,TikTok,Reel/Video Pendek,Behind The Scene,50,64,1,0,1,0,0,112710,2,Mar 2024
3/15/2024,TikTok,Reel/Video Pendek,Edukasi,50,77,9,0,0,0,0,0,9,Mar 2024
3/16/2024,TikTok,Foto,Edukasi,50,202,11,0,1,0,0,0,12,Mar 2024
3/16/2024,TikTok,Foto,Behind The Scene,250,291,11,3,2,4,3,4867033,23,Mar 2024
3/16/2024,TikTok,Carousel,Edukasi,50,93,4,0,0,0,0,2071070,4,Mar 2024
3/16/2024,Facebook,Carousel,Behind The Scene,1000,1878,120,18,23,0,14,0,175,Mar 2024
3/16/2024,X,Carousel,Edukasi,50,130,5,0,0,0,0,0,5,Mar 2024
3/16/2024,Instagram,Story,Behind The Scene,50,208,3,0,0,0,1,0,4,Mar 2024
3/16/2024,Instagram,Foto,Promosi,50,185,3,0,0,0,0,0,3,Mar 2024
3/16/2024,Instagram,Carousel,Behind The Scene,50,64,4,0,0,0,0,1451968,4,Mar 2024
3/17/2024,X,Story,Behind The Scene,50,121,8,0,0,0,0,0,8,Mar 2024
3/17/2024,Facebook,Story,Promosi,700,1638,53,12,1,0,1,305104,67,Mar 2024
3/17/2024,X,Carousel,Promosi,50,223,7,0,0,0,0,0,7,Mar 2024
3/18/2024,Facebook,Carousel,Edukasi,100,435,7,1,1,0,0,0,9,Mar 2024
3/18/2024,Instagram,Story,Hiburan,50,57,7,0,0,0,1,0,8,Mar 2024
3/18/2024,X,Reel/Video Pendek,Promosi,100,145,15,0,2,0,0,0,17,Mar 2024
3/18/2024,Instagram,Reel/Video Pendek,Promosi,50,94,6,0,0,0,1,0,7,Mar 2024
3/18/2024,TikTok,Carousel,Hiburan,50,186,2,0,1,0,1,0,4,Mar 2024
3/18/2024,Instagram,Reel/Video Pendek,Edukasi,100,143,23,1,0,0,1,0,25,Mar 2024
3/18/2024,Facebook,Carousel,Edukasi,50,114,1,0,0,0,0,0,1,Mar 2024
3/19/2024,Facebook,Story,Behind The Scene,100,127,24,0,1,0,0,0,25,Mar 2024
3/19/2024,Facebook,Foto,Hiburan,50,172,8,0,0,0,0,464809,8,Mar 2024
3/19/2024,Facebook,Story,Edukasi,50,81,4,0,1,2,0,0,7,Mar 2024
3/19/2024,TikTok,Carousel,Promosi,50,62,1,0,0,0,0,0,1,Mar 2024
3/19/2024,TikTok,Reel/Video Pendek,Promosi,50,107,12,0,0,0,0,0,12,Mar 2024
3/19/2024,TikTok,Story,Edukasi,50,74,4,0,0,0,0,608500,4,Mar 2024
3/20/2024,TikTok,Carousel,Behind The Scene,50,103,5,0,0,0,0,0,5,Mar 2024
3/20/2024,Facebook,Carousel,Behind The Scene,50,218,4,0,0,0,2,1280124,6,Mar 2024
3/21/2024,TikTok,Story,Promosi,50,114,8,0,0,0,0,0,8,Mar 2024
3/21/2024,Facebook,Reel/Video Pendek,Behind The Scene,100,280,12,0,0,0,1,0,13,Mar 2024
3/21/2024,TikTok,Carousel,Edukasi,500,749,98,8,5,0,8,0,119,Mar 2024
3/21/2024,Instagram,Story,Hiburan,100,109,15,1,0,4,1,0,21,Mar 2024
3/21/2024,Facebook,Carousel,Edukasi,100,101,11,1,0,0,1,0,13,Mar 2024
3/21/2024,Facebook,Reel/Video Pendek,Promosi,50,51,6,0,0,0,0,87948,6,Mar 2024
3/22/2024,TikTok,Story,Promosi,50,105,10,0,0,0,0,0,10,Mar 2024
3/22/2024,TikTok,Foto,Hiburan,150,302,16,0,1,0,2,0,19,Mar 2024
3/22/2024,X,Story,Promosi,50,203,7,0,1,0,1,392167,9,Mar 2024
3/22/2024,X,Reel/Video Pendek,Promosi,100,244,9,1,1,0,3,0,14,Mar 2024
3/22/2024,TikTok,Reel/Video Pendek,Promosi,50,116,11,0,0,0,0,2986842,11,Mar 2024
3/22/2024,TikTok,Reel/Video Pendek,Behind The Scene,100,206,12,0,0,0,2,0,14,Mar 2024
3/22/2024,X,Reel/Video Pendek,Behind The Scene,100,262,13,1,2,3,0,0,19,Mar 2024
3/22/2024,X,Story,Promosi,50,182,4,0,1,0,0,0,5,Mar 2024
3/23/2024,Instagram,Carousel,Hiburan,50,75,5,0,1,0,1,0,7,Mar 2024
3/23/2024,TikTok,Story,Edukasi,50,147,6,0,0,0,0,0,6,Mar 2024
3/23/2024,Instagram,Reel/Video Pendek,Edukasi,100,430,22,1,2,0,1,0,26,Mar 2024
3/23/2024,TikTok,Carousel,Edukasi,150,321,18,1,1,0,0,0,20,Mar 2024
3/23/2024,TikTok,Carousel,Hiburan,50,77,3,0,0,1,0,0,4,Mar 2024
3/23/2024,Instagram,Carousel,Hiburan,50,188,11,0,0,0,0,0,11,Mar 2024
3/23/2024,Instagram,Reel/Video Pendek,Edukasi,50,66,5,0,0,0,0,516002,5,Mar 2024
3/24/2024,Instagram,Carousel,Promosi,100,282,9,1,2,0,1,0,13,Mar 2024
3/24/2024,Facebook,Reel/Video Pendek,Edukasi,24500,82752,4993,214,246,1211,380,0,7044,Mar 2024
3/24/2024,Facebook,Reel/Video Pendek,Hiburan,50,165,8,0,0,0,0,0,8,Mar 2024
3/24/2024,Facebook,Story,Edukasi,50,58,3,0,0,0,0,0,3,Mar 2024
3/24/2024,Instagram,Reel/Video Pendek,Hiburan,100,172,8,0,0,1,0,0,9,Mar 2024
3/24/2024,X,Carousel,Hiburan,50,113,2,0,0,0,0,0,2,Mar 2024
3/24/2024,X,Carousel,Promosi,50,124,9,0,1,0,0,0,10,Mar 2024
3/24/2024,TikTok,Story,Edukasi,150,348,23,0,0,0,1,0,24,Mar 2024
3/24/2024,Instagram,Story,Promosi,200,256,49,3,2,5,1,0,60,Mar 2024
3/24/2024,TikTok,Foto,Edukasi,50,119,3,0,1,1,0,1779944,5,Mar 2024
3/24/2024,Instagram,Foto,Behind The Scene,50,216,7,0,0,0,0,128131,7,Mar 2024
3/24/2024,Instagram,Carousel,Hiburan,200,564,22,3,1,0,0,0,26,Mar 2024
3/24/2024,TikTok,Reel/Video Pendek,Promosi,250,593,29,1,1,0,4,0,35,Mar 2024
3/25/2024,TikTok,Story,Edukasi,50,142,11,0,0,0,0,884563,11,Mar 2024
3/25/2024,Instagram,Reel/Video Pendek,Hiburan,100,296,3,1,0,0,0,569409,4,Mar 2024
3/25/2024,TikTok,Carousel,Edukasi,100,159,16,0,1,0,0,0,17,Mar 2024
3/25/2024,Instagram,Reel/Video Pendek,Edukasi,150,205,14,2,2,3,1,0,22,Mar 2024
3/26/2024,Facebook,Carousel,Behind The Scene,50,98,6,0,0,0,0,0,6,Mar 2024
3/26/2024,Facebook,Story,Promosi,100,346,23,1,2,0,1,0,27,Mar 2024
3/26/2024,Facebook,Carousel,Behind The Scene,50,80,5,0,0,0,0,0,5,Mar 2024
3/26/2024,TikTok,Foto,Edukasi,50,182,4,0,0,0,0,255987,4,Mar 2024
3/26/2024,Facebook,Story,Behind The Scene,50,189,9,0,0,0,0,0,9,Mar 2024
3/26/2024,Instagram,Reel/Video Pendek,Hiburan,50,99,7,0,0,1,2,0,10,Mar 2024
3/26/2024,Facebook,Carousel,Edukasi,150,321,13,0,4,0,2,0,19,Mar 2024
3/26/2024,Instagram,Story,Promosi,50,144,1,0,0,0,0,0,1,Mar 2024
3/26/2024,Facebook,Story,Promosi,150,243,21,1,2,0,1,1922477,25,Mar 2024
3/27/2024,Facebook,Reel/Video Pendek,Hiburan,50,94,10,0,1,0,0,923053,11,Mar 2024
3/27/2024,X,Foto,Promosi,100,431,4,0,0,0,0,0,4,Mar 2024
3/27/2024,Facebook,Story,Behind The Scene,50,82,6,0,1,0,0,0,7,Mar 2024
3/27/2024,Facebook,Carousel,Behind The Scene,50,178,9,0,0,0,0,0,9,Mar 2024
3/27/2024,TikTok,Carousel,Promosi,300,806,20,2,7,14,5,0,48,Mar 2024
3/27/2024,Facebook,Foto,Hiburan,50,110,3,0,0,0,0,2793145,3,Mar 2024
3/27/2024,TikTok,Carousel,Hiburan,100,120,13,0,0,0,1,139260,14,Mar 2024
3/27/2024,Facebook,Foto,Hiburan,400,1373,57,7,5,0,3,2070561,72,Mar 2024
3/28/2024,X,Story,Promosi,50,59,10,0,0,0,0,0,10,Mar 2024
3/28/2024,X,Story,Hiburan,50,224,11,0,1,0,1,0,13,Mar 2024
3/28/2024,Facebook,Story,Behind The Scene,50,124,8,0,0,0,0,0,8,Mar 2024
3/28/2024,TikTok,Reel/Video Pendek,Promosi,50,76,10,0,0,0,0,503602,10,Mar 2024
3/28/2024,Instagram,Foto,Hiburan,300,627,12,4,5,13,1,0,35,Mar 2024
3/28/2024,Facebook,Foto,Edukasi,50,92,3,0,0,0,0,1409577,3,Mar 2024
3/28/2024,TikTok,Carousel,Edukasi,50,74,1,0,1,0,0,0,2,Mar 2024
3/28/2024,TikTok,Reel/Video Pendek,Edukasi,50,94,8,0,1,0,0,0,9,Mar 2024
3/29/2024,Instagram,Foto,Hiburan,100,352,11,0,0,0,0,901405,11,Mar 2024
3/29/2024,TikTok,Story,Behind The Scene,350,774,27,4,10,0,4,190935,45,Mar 2024
3/29/2024,TikTok,Story,Edukasi,50,81,10,0,0,0,0,110059,10,Mar 2024
3/29/2024,Instagram,Reel/Video Pendek,Hiburan,100,110,24,1,0,0,0,126011,25,Mar 2024
3/29/2024,TikTok,Story,Edukasi,100,185,19,0,0,1,1,0,21,Mar 2024
3/29/2024,X,Foto,Edukasi,100,266,7,1,0,0,0,0,8,Mar 2024
3/29/2024,Facebook,Reel/Video Pendek,Hiburan,50,150,3,0,1,0,0,0,4,Mar 2024
3/30/2024,TikTok,Story,Promosi,100,221,13,0,2,0,1,0,16,Mar 2024
3/30/2024,X,Reel/Video Pendek,Hiburan,50,117,8,0,1,2,0,0,11,Mar 2024
3/30/2024,X,Foto,Promosi,100,389,9,0,2,0,0,0,11,Mar 2024
3/30/2024,X,Carousel,Behind The Scene,50,113,8,0,0,2,0,0,10,Mar 2024
3/30/2024,TikTok,Foto,Behind The Scene,350,519,66,1,0,0,5,0,72,Mar 2024
3/30/2024,Facebook,Foto,Behind The Scene,50,102,8,0,0,0,0,0,8,Mar 2024
3/30/2024,X,Foto,Hiburan,50,89,6,0,0,0,0,3163249,6,Mar 2024
3/30/2024,Instagram,Story,Hiburan,50,122,5,0,1,0,0,3202501,6,Mar 2024
3/31/2024,X,Reel/Video Pendek,Hiburan,100,178,10,0,0,0,0,0,10,Mar 2024
3/31/2024,Instagram,Carousel,Promosi,50,88,9,0,0,0,0,0,9,Mar 2024
3/31/2024,TikTok,Reel/Video Pendek,Hiburan,150,659,13,1,3,0,0,0,17,Mar 2024
3/31/2024,X,Carousel,Hiburan,50,168,3,0,1,0,0,1002450,4,Mar 2024
4/1/2024,X,Foto,Promosi,150,258,21,0,2,4,0,987857,27,Apr 2024
4/1/2024,Instagram,Story,Edukasi,50,121,5,0,1,0,0,0,6,Apr 2024
4/1/2024,Instagram,Carousel,Behind The Scene,250,575,38,2,7,0,7,256883,54,Apr 2024
4/1/2024,TikTok,Foto,Hiburan,50,140,7,0,0,0,0,360232,7,Apr 2024
4/1/2024,Facebook,Story,Edukasi,950,3813,147,1,5,0,18,0,171,Apr 2024
4/1/2024,X,Story,Hiburan,200,435,7,3,3,0,0,0,13,Apr 2024
4/1/2024,Facebook,Reel/Video Pendek,Behind The Scene,50,90,8,0,0,1,0,0,9,Apr 2024
4/1/2024,X,Foto,Promosi,700,1638,106,7,16,0,22,0,151,Apr 2024
4/2/2024,TikTok,Reel/Video Pendek,Hiburan,150,431,18,1,1,1,3,0,24,Apr 2024
4/2/2024,TikTok,Foto,Edukasi,50,108,3,0,0,0,0,0,3,Apr 2024
4/2/2024,TikTok,Foto,Edukasi,50,61,1,0,0,0,0,0,1,Apr 2024
4/2/2024,TikTok,Reel/Video Pendek,Behind The Scene,200,323,27,2,5,0,0,0,34,Apr 2024
4/2/2024,TikTok,Story,Edukasi,100,350,20,1,2,0,1,4431300,24,Apr 2024
4/2/2024,X,Story,Edukasi,50,86,4,0,1,0,0,0,5,Apr 2024
4/2/2024,TikTok,Foto,Edukasi,50,87,11,0,0,0,0,140343,11,Apr 2024
4/2/2024,TikTok,Story,Promosi,50,80,9,0,1,0,0,3183485,10,Apr 2024
4/2/2024,X,Carousel,Promosi,1100,2582,94,7,13,54,16,0,184,Apr 2024
4/3/2024,Instagram,Story,Hiburan,200,218,16,3,1,5,1,0,26,Apr 2024
4/3/2024,Facebook,Story,Promosi,50,187,9,0,0,0,0,0,9,Apr 2024
4/3/2024,Facebook,Foto,Behind The Scene,200,457,32,2,0,0,2,746866,36,Apr 2024
4/4/2024,X,Story,Edukasi,100,197,15,1,0,0,0,56741,16,Apr 2024
4/4/2024,X,Reel/Video Pendek,Behind The Scene,50,124,6,0,1,1,0,0,8,Apr 2024
4/4/2024,X,Carousel,Promosi,50,116,4,0,0,2,0,0,6,Apr 2024
4/4/2024,Instagram,Foto,Promosi,50,94,11,0,0,0,0,1606193,11,Apr 2024
4/4/2024,Instagram,Reel/Video Pendek,Hiburan,50,93,11,0,1,0,2,94922,14,Apr 2024
4/4/2024,X,Carousel,Edukasi,100,345,5,1,1,0,1,2026660,8,Apr 2024
4/5/2024,Facebook,Reel/Video Pendek,Edukasi,200,315,31,0,0,0,1,0,32,Apr 2024
4/5/2024,TikTok,Reel/Video Pendek,Hiburan,250,458,17,1,4,0,2,0,24,Apr 2024
4/5/2024,X,Foto,Promosi,100,153,11,0,0,2,0,0,13,Apr 2024
4/5/2024,X,Carousel,Behind The Scene,50,105,9,0,1,1,0,145212,11,Apr 2024
4/5/2024,TikTok,Reel/Video Pendek,Edukasi,50,81,7,0,0,2,0,0,9,Apr 2024
4/5/2024,TikTok,Foto,Behind The Scene,50,82,7,0,1,0,0,0,8,Apr 2024
4/5/2024,Instagram,Carousel,Promosi,5600,9070,217,68,31,0,270,1213695,586,Apr 2024
4/5/2024,Facebook,Reel/Video Pendek,Behind The Scene,50,120,5,0,0,1,0,0,6,Apr 2024
4/6/2024,TikTok,Carousel,Hiburan,50,154,10,0,1,0,1,0,12,Apr 2024
4/6/2024,Instagram,Carousel,Promosi,50,113,3,0,0,0,0,0,3,Apr 2024
4/6/2024,Instagram,Carousel,Behind The Scene,100,412,20,0,0,0,0,0,20,Apr 2024
4/6/2024,TikTok,Reel/Video Pendek,Behind The Scene,50,67,11,0,1,0,1,2970363,13,Apr 2024
4/6/2024,Facebook,Story,Promosi,50,142,11,0,0,0,0,786450,11,Apr 2024
4/7/2024,Facebook,Carousel,Edukasi,50,132,5,0,1,0,0,0,6,Apr 2024
4/7/2024,Instagram,Foto,Edukasi,50,204,4,0,0,0,1,0,5,Apr 2024
4/7/2024,Facebook,Story,Edukasi,50,80,12,0,0,0,0,0,12,Apr 2024
4/7/2024,Instagram,Reel/Video Pendek,Hiburan,100,102,9,0,0,0,1,0,10,Apr 2024
4/7/2024,TikTok,Story,Hiburan,50,204,5,0,1,0,0,0,6,Apr 2024
4/7/2024,Facebook,Foto,Edukasi,100,320,16,0,2,0,1,1284817,19,Apr 2024
4/7/2024,Facebook,Story,Behind The Scene,100,208,24,1,1,0,1,876561,27,Apr 2024
4/8/2024,Instagram,Story,Edukasi,100,127,15,1,1,0,0,0,17,Apr 2024
4/8/2024,X,Carousel,Edukasi,300,567,35,3,5,0,2,0,45,Apr 2024
4/8/2024,TikTok,Reel/Video Pendek,Edukasi,150,374,19,1,0,0,2,3359206,22,Apr 2024
4/8/2024,X,Story,Hiburan,350,1203,31,3,0,0,2,0,36,Apr 2024
4/8/2024,X,Carousel,Edukasi,250,442,53,0,7,0,2,253993,62,Apr 2024
4/8/2024,Instagram,Foto,Behind The Scene,50,109,11,0,0,0,0,168460,11,Apr 2024
4/8/2024,Instagram,Story,Promosi,50,82,9,0,1,0,0,0,10,Apr 2024
4/8/2024,Facebook,Story,Promosi,100,191,17,1,0,2,1,0,21,Apr 2024
4/8/2024,Instagram,Story,Behind The Scene,600,1053,28,2,1,4,7,50685,42,Apr 2024
4/8/2024,Instagram,Carousel,Behind The Scene,100,408,19,1,2,0,0,1766727,22,Apr 2024
4/8/2024,TikTok,Foto,Promosi,50,123,5,0,0,0,0,0,5,Apr 2024
4/8/2024,Facebook,Reel/Video Pendek,Hiburan,150,287,19,2,1,0,1,425708,23,Apr 2024
4/8/2024,Instagram,Story,Promosi,4850,15468,1088,87,39,0,70,0,1284,Apr 2024
4/9/2024,X,Foto,Hiburan,100,111,9,1,1,0,1,746966,12,Apr 2024
4/9/2024,X,Story,Behind The Scene,100,371,6,0,0,0,1,0,7,Apr 2024
4/9/2024,X,Foto,Hiburan,1000,2433,43,12,2,0,11,0,68,Apr 2024
4/9/2024,Facebook,Carousel,Hiburan,50,104,9,0,1,0,0,0,10,Apr 2024
4/9/2024,Instagram,Reel/Video Pendek,Edukasi,50,136,5,0,0,0,0,0,5,Apr 2024
4/9/2024,TikTok,Foto,Hiburan,50,107,8,0,0,0,0,0,8,Apr 2024
4/9/2024,Instagram,Reel/Video Pendek,Promosi,100,139,19,1,2,0,1,0,23,Apr 2024
4/10/2024,X,Story,Promosi,150,329,11,1,1,0,0,0,13,Apr 2024
4/10/2024,Instagram,Carousel,Hiburan,50,58,1,0,0,0,1,0,2,Apr 2024
4/10/2024,TikTok,Carousel,Edukasi,50,140,2,0,1,0,0,0,3,Apr 2024
4/10/2024,TikTok,Story,Promosi,50,67,7,0,1,0,0,0,8,Apr 2024
4/10/2024,Facebook,Foto,Promosi,50,106,6,0,0,0,0,0,6,Apr 2024
4/10/2024,TikTok,Foto,Edukasi,100,328,10,1,2,0,0,0,13,Apr 2024
4/10/2024,X,Foto,Edukasi,200,246,6,2,4,0,1,600973,13,Apr 2024
4/11/2024,TikTok,Foto,Behind The Scene,50,97,2,0,1,0,0,0,3,Apr 2024
4/11/2024,Instagram,Story,Hiburan,100,211,17,0,2,0,1,0,20,Apr 2024
4/11/2024,Facebook,Reel/Video Pendek,Behind The Scene,50,173,5,0,0,2,0,0,7,Apr 2024
4/11/2024,TikTok,Reel/Video Pendek,Hiburan,50,111,1,0,0,0,2,0,3,Apr 2024
4/11/2024,Instagram,Reel/Video Pendek,Edukasi,400,882,27,4,0,0,4,0,35,Apr 2024
4/11/2024,Instagram,Story,Hiburan,100,112,23,1,2,0,1,0,27,Apr 2024
4/11/2024,X,Reel/Video Pendek,Hiburan,50,106,10,0,0,0,0,0,10,Apr 2024
4/11/2024,TikTok,Carousel,Hiburan,50,154,9,0,1,0,0,0,10,Apr 2024
4/11/2024,TikTok,Story,Edukasi,50,64,3,0,0,0,0,0,3,Apr 2024
4/11/2024,X,Foto,Edukasi,50,92,3,0,1,0,0,1295273,4,Apr 2024
4/12/2024,Facebook,Foto,Behind The Scene,50,187,1,0,0,0,0,0,1,Apr 2024
4/12/2024,TikTok,Story,Hiburan,50,115,6,0,0,1,0,293616,7,Apr 2024
4/12/2024,TikTok,Foto,Promosi,100,138,23,0,1,0,0,0,24,Apr 2024
4/12/2024,TikTok,Reel/Video Pendek,Behind The Scene,250,606,61,1,1,0,0,0,63,Apr 2024
4/12/2024,TikTok,Foto,Behind The Scene,50,106,9,0,0,0,1,2422162,10,Apr 2024
4/12/2024,Instagram,Carousel,Hiburan,250,513,28,0,4,0,1,0,33,Apr 2024
4/13/2024,TikTok,Foto,Promosi,50,201,6,0,0,2,0,1301624,8,Apr 2024
4/13/2024,Instagram,Reel/Video Pendek,Behind The Scene,50,176,7,0,1,0,0,0,8,Apr 2024
4/13/2024,X,Foto,Hiburan,50,115,10,0,0,0,0,212610,10,Apr 2024
4/13/2024,X,Reel/Video Pendek,Edukasi,100,181,13,0,2,0,0,2284597,15,Apr 2024
4/13/2024,X,Carousel,Hiburan,150,151,18,2,3,0,1,0,24,Apr 2024
4/13/2024,X,Story,Promosi,50,120,2,0,0,0,1,0,3,Apr 2024
4/13/2024,Instagram,Foto,Promosi,50,170,4,0,0,0,0,0,4,Apr 2024
4/13/2024,Facebook,Carousel,Behind The Scene,150,441,6,2,4,0,1,74923,13,Apr 2024
4/13/2024,Facebook,Reel/Video Pendek,Promosi,400,1184,20,7,1,0,7,0,35,Apr 2024
4/13/2024,Instagram,Story,Behind The Scene,50,106,3,0,1,0,0,0,4,Apr 2024
4/13/2024,Facebook,Story,Edukasi,100,207,24,0,1,0,0,0,25,Apr 2024
4/13/2024,X,Carousel,Promosi,250,464,54,0,5,0,0,1331867,59,Apr 2024
4/13/2024,Instagram,Carousel,Promosi,50,126,2,0,0,0,1,0,3,Apr 2024
4/14/2024,Facebook,Story,Promosi,100,215,23,0,1,0,4,0,28,Apr 2024
4/14/2024,TikTok,Foto,Promosi,50,67,5,0,0,0,0,0,5,Apr 2024
4/14/2024,TikTok,Carousel,Promosi,50,181,8,0,1,1,0,0,10,Apr 2024
4/14/2024,TikTok,Story,Hiburan,50,96,11,0,1,0,0,0,12,Apr 2024
4/14/2024,X,Carousel,Promosi,200,738,10,1,1,0,0,0,12,Apr 2024
4/14/2024,X,Reel/Video Pendek,Promosi,50,122,3,0,1,0,0,0,4,Apr 2024
4/15/2024,Facebook,Carousel,Hiburan,50,105,9,0,0,2,0,0,11,Apr 2024
4/15/2024,X,Reel/Video Pendek,Promosi,50,212,10,0,0,0,0,0,10,Apr 2024
4/15/2024,Instagram,Carousel,Promosi,400,644,99,3,3,0,8,0,113,Apr 2024
4/15/2024,X,Story,Hiburan,50,119,10,0,0,0,2,0,12,Apr 2024
4/15/2024,Instagram,Carousel,Hiburan,50,201,7,0,0,0,0,0,7,Apr 2024
4/15/2024,Instagram,Story,Behind The Scene,50,104,12,0,1,0,0,967411,13,Apr 2024
4/15/2024,X,Reel/Video Pendek,Promosi,50,50,5,0,0,0,0,0,5,Apr 2024
4/15/2024,Instagram,Foto,Behind The Scene,50,96,10,0,0,0,0,219830,10,Apr 2024
4/16/2024,TikTok,Story,Edukasi,100,402,12,0,1,0,1,874014,14,Apr 2024
4/16/2024,Facebook,Reel/Video Pendek,Edukasi,50,115,7,0,1,0,0,3769350,8,Apr 2024
4/16/2024,Facebook,Carousel,Edukasi,100,147,7,1,2,0,1,0,11,Apr 2024
4/16/2024,TikTok,Reel/Video Pendek,Hiburan,50,173,11,0,0,0,0,167522,11,Apr 2024
4/16/2024,TikTok,Reel/Video Pendek,Promosi,350,535,35,4,8,0,3,0,50,Apr 2024
4/16/2024,Facebook,Reel/Video Pendek,Hiburan,100,115,21,1,0,0,0,0,22,Apr 2024
4/17/2024,Instagram,Foto,Promosi,50,194,7,0,1,0,0,245831,8,Apr 2024
4/17/2024,Instagram,Carousel,Hiburan,50,50,5,0,1,0,1,767717,7,Apr 2024
4/17/2024,TikTok,Foto,Promosi,250,740,20,1,6,0,3,0,30,Apr 2024
4/17/2024,TikTok,Foto,Edukasi,200,640,13,3,3,0,4,0,23,Apr 2024
4/17/2024,TikTok,Reel/Video Pendek,Hiburan,50,90,10,0,1,0,1,0,12,Apr 2024
4/17/2024,X,Foto,Promosi,50,70,11,0,1,2,0,0,14,Apr 2024
4/18/2024,X,Carousel,Edukasi,150,299,27,2,3,0,1,0,33,Apr 2024
4/18/2024,TikTok,Foto,Edukasi,50,183,8,0,0,2,0,0,10,Apr 2024
4/18/2024,Instagram,Reel/Video Pendek,Behind The Scene,50,111,12,0,0,0,0,0,12,Apr 2024
4/18/2024,Facebook,Reel/Video Pendek,Hiburan,50,84,3,0,0,0,0,0,3,Apr 2024
4/18/2024,Instagram,Reel/Video Pendek,Hiburan,50,146,7,0,0,0,0,0,7,Apr 2024
4/18/2024,Facebook,Story,Hiburan,50,116,8,0,1,0,1,0,10,Apr 2024
4/18/2024,Instagram,Reel/Video Pendek,Behind The Scene,250,1097,29,3,5,0,1,0,38,Apr 2024
4/18/2024,Facebook,Reel/Video Pendek,Promosi,200,275,18,2,2,0,0,0,22,Apr 2024
4/18/2024,Facebook,Carousel,Edukasi,50,169,10,0,0,1,0,1051783,11,Apr 2024
4/18/2024,TikTok,Reel/Video Pendek,Behind The Scene,50,78,10,0,0,0,0,0,10,Apr 2024
4/18/2024,TikTok,Carousel,Behind The Scene,50,50,10,0,0,0,0,0,10,Apr 2024
4/18/2024,Facebook,Foto,Edukasi,100,212,10,0,0,0,1,1381888,11,Apr 2024
4/18/2024,Instagram,Reel/Video Pendek,Behind The Scene,50,177,7,0,0,0,0,0,7,Apr 2024
4/19/2024,TikTok,Carousel,Hiburan,50,119,11,0,0,0,0,0,11,Apr 2024
4/19/2024,Instagram,Foto,Behind The Scene,100,411,14,0,0,4,4,0,22,Apr 2024
4/20/2024,Instagram,Reel/Video Pendek,Promosi,50,175,9,0,1,0,0,0,10,Apr 2024
4/20/2024,TikTok,Foto,Promosi,50,74,10,0,0,0,0,431059,10,Apr 2024
4/20/2024,TikTok,Carousel,Edukasi,100,134,5,0,0,0,0,0,5,Apr 2024
4/20/2024,TikTok,Carousel,Hiburan,50,215,7,0,0,1,1,0,9,Apr 2024
4/20/2024,X,Foto,Promosi,300,567,70,1,7,0,1,1893995,79,Apr 2024
4/20/2024,X,Reel/Video Pendek,Edukasi,100,183,3,1,2,0,1,1977073,7,Apr 2024
4/20/2024,X,Reel/Video Pendek,Behind The Scene,50,111,5,0,1,1,0,0,7,Apr 2024
4/20/2024,Instagram,Foto,Promosi,50,76,4,0,1,0,0,0,5,Apr 2024
4/20/2024,Instagram,Reel/Video Pendek,Promosi,50,52,3,0,0,0,0,0,3,Apr 2024
4/20/2024,Facebook,Foto,Behind The Scene,700,2751,44,9,14,0,10,1175573,77,Apr 2024
4/20/2024,X,Story,Hiburan,50,84,8,0,1,0,0,0,9,Apr 2024
4/21/2024,Instagram,Carousel,Edukasi,100,148,23,0,1,0,0,0,24,Apr 2024
4/21/2024,Instagram,Carousel,Edukasi,50,211,1,0,0,1,0,4572916,2,Apr 2024
4/21/2024,X,Story,Promosi,1550,2383,268,28,24,0,21,0,341,Apr 2024
4/21/2024,Facebook,Story,Promosi,100,339,6,0,1,3,1,1180058,11,Apr 2024
4/21/2024,X,Story,Promosi,50,110,7,0,0,0,0,0,7,Apr 2024
4/21/2024,TikTok,Foto,Behind The Scene,50,97,11,0,0,0,0,0,11,Apr 2024
4/21/2024,X,Carousel,Edukasi,50,224,11,0,0,0,0,172154,11,Apr 2024
4/22/2024,TikTok,Story,Promosi,50,169,8,0,1,0,0,0,9,Apr 2024
4/22/2024,Facebook,Reel/Video Pendek,Promosi,50,60,4,0,0,0,0,0,4,Apr 2024
4/22/2024,TikTok,Story,Hiburan,450,1990,44,4,9,0,2,0,59,Apr 2024
4/22/2024,Facebook,Story,Promosi,50,96,10,0,0,1,0,51440,11,Apr 2024
4/22/2024,Instagram,Foto,Edukasi,250,604,52,0,5,0,1,0,58,Apr 2024
4/22/2024,Instagram,Reel/Video Pendek,Behind The Scene,1050,4267,98,6,11,0,15,0,130,Apr 2024
4/22/2024,Instagram,Foto,Behind The Scene,50,82,6,0,0,2,0,0,8,Apr 2024
4/22/2024,X,Foto,Promosi,450,1063,108,6,6,0,8,0,128,Apr 2024
4/22/2024,Facebook,Reel/Video Pendek,Edukasi,50,185,6,0,1,1,0,0,8,Apr 2024
4/22/2024,Instagram,Story,Edukasi,50,71,6,0,0,1,0,571811,7,Apr 2024
4/22/2024,Facebook,Story,Promosi,50,112,5,0,1,0,0,0,6,Apr 2024
4/22/2024,X,Foto,Edukasi,550,988,104,6,6,3,3,629797,122,Apr 2024
4/22/2024,X,Carousel,Hiburan,50,121,3,0,0,0,0,465883,3,Apr 2024
4/22/2024,Facebook,Foto,Behind The Scene,100,311,21,1,1,0,1,493094,24,Apr 2024
4/22/2024,TikTok,Reel/Video Pendek,Edukasi,50,135,2,0,0,0,0,0,2,Apr 2024
4/23/2024,Facebook,Carousel,Edukasi,100,209,22,1,0,0,0,1148557,23,Apr 2024
4/23/2024,TikTok,Carousel,Edukasi,50,56,6,0,0,0,1,342593,7,Apr 2024
4/23/2024,X,Reel/Video Pendek,Hiburan,50,109,3,0,1,0,0,0,4,Apr 2024
4/23/2024,TikTok,Foto,Promosi,50,120,5,0,0,0,0,0,5,Apr 2024
4/23/2024,Facebook,Foto,Promosi,50,101,10,0,1,1,0,0,12,Apr 2024
4/23/2024,Instagram,Carousel,Behind The Scene,50,112,2,0,0,0,2,191407,4,Apr 2024
4/23/2024,X,Carousel,Behind The Scene,200,727,42,3,2,0,1,0,48,Apr 2024
4/24/2024,Instagram,Reel/Video Pendek,Hiburan,100,174,17,1,0,3,0,0,21,Apr 2024
4/24/2024,Facebook,Reel/Video Pendek,Hiburan,50,119,8,0,0,1,0,362671,9,Apr 2024
4/24/2024,Instagram,Reel/Video Pendek,Edukasi,50,86,12,0,0,0,0,1236800,12,Apr 2024
4/24/2024,X,Carousel,Behind The Scene,50,83,9,0,0,2,0,0,11,Apr 2024
4/24/2024,Facebook,Foto,Hiburan,50,92,2,0,0,0,0,343938,2,Apr 2024
4/24/2024,X,Carousel,Promosi,350,548,57,5,8,0,5,0,75,Apr 2024
4/25/2024,X,Reel/Video Pendek,Behind The Scene,100,128,17,1,2,3,0,0,23,Apr 2024
4/25/2024,TikTok,Story,Behind The Scene,50,92,11,0,1,0,0,0,12,Apr 2024
4/25/2024,Facebook,Foto,Promosi,50,121,1,0,0,0,0,0,1,Apr 2024
4/25/2024,TikTok,Story,Hiburan,100,159,21,0,2,1,0,242814,24,Apr 2024
4/25/2024,Facebook,Carousel,Hiburan,50,196,5,0,0,1,0,0,6,Apr 2024
4/25/2024,Instagram,Reel/Video Pendek,Promosi,50,79,1,0,0,0,0,386960,1,Apr 2024
4/26/2024,Facebook,Carousel,Promosi,50,104,10,0,0,0,1,448414,11,Apr 2024
4/26/2024,Instagram,Story,Edukasi,50,119,7,0,0,0,1,0,8,Apr 2024
4/26/2024,Facebook,Reel/Video Pendek,Edukasi,50,53,2,0,1,0,0,0,3,Apr 2024
4/26/2024,X,Reel/Video Pendek,Promosi,100,216,7,1,1,0,0,0,9,Apr 2024
4/26/2024,TikTok,Carousel,Hiburan,750,3361,50,1,15,0,9,0,75,Apr 2024
4/26/2024,Instagram,Carousel,Edukasi,200,310,42,2,4,0,3,168602,51,Apr 2024
4/26/2024,Facebook,Reel/Video Pendek,Behind The Scene,50,145,9,0,0,0,0,0,9,Apr 2024
4/26/2024,Facebook,Story,Hiburan,100,178,6,1,1,4,2,0,14,Apr 2024
4/26/2024,Instagram,Story,Promosi,250,548,16,4,6,0,2,0,28,Apr 2024
4/27/2024,TikTok,Reel/Video Pendek,Behind The Scene,50,187,2,0,1,0,0,0,3,Apr 2024
4/27/2024,X,Reel/Video Pendek,Edukasi,50,183,12,0,0,0,2,0,14,Apr 2024
4/27/2024,TikTok,Foto,Hiburan,50,118,9,0,0,1,0,0,10,Apr 2024
4/27/2024,TikTok,Foto,Behind The Scene,150,580,29,2,3,0,2,1573074,36,Apr 2024
4/27/2024,Instagram,Foto,Promosi,100,345,8,1,0,4,0,0,13,Apr 2024
4/27/2024,Facebook,Story,Edukasi,50,108,8,0,0,0,0,0,8,Apr 2024
4/27/2024,Instagram,Carousel,Edukasi,50,123,5,0,1,0,1,0,7,Apr 2024
4/27/2024,X,Story,Behind The Scene,50,223,3,0,0,0,2,0,5,Apr 2024
4/27/2024,Instagram,Foto,Promosi,50,224,3,0,0,0,0,184501,3,Apr 2024
4/27/2024,X,Carousel,Edukasi,50,190,12,0,0,0,0,0,12,Apr 2024
4/27/2024,X,Story,Hiburan,50,81,7,0,1,1,0,0,9,Apr 2024
4/27/2024,Instagram,Foto,Behind The Scene,100,132,19,0,2,0,0,0,21,Apr 2024
4/27/2024,TikTok,Foto,Promosi,151350,460658,17888,1236,3927,3905,204,3055169,27160,Apr 2024
4/28/2024,Facebook,Reel/Video Pendek,Hiburan,50,118,3,0,1,0,0,316646,4,Apr 2024
4/28/2024,X,Carousel,Edukasi,100,217,5,0,0,2,0,0,7,Apr 2024
4/28/2024,TikTok,Foto,Behind The Scene,50,163,10,0,1,0,0,1643503,11,Apr 2024
4/28/2024,Instagram,Carousel,Edukasi,150,352,14,2,0,0,2,349626,18,Apr 2024
4/28/2024,TikTok,Story,Edukasi,50,66,9,0,0,0,1,4886171,10,Apr 2024
4/28/2024,X,Foto,Edukasi,50,55,12,0,1,2,0,0,15,Apr 2024
4/28/2024,Facebook,Story,Edukasi,50,179,7,0,1,1,0,0,9,Apr 2024
4/28/2024,X,Story,Promosi,50,55,6,0,0,0,0,0,6,Apr 2024
4/29/2024,TikTok,Foto,Promosi,300,1080,18,1,3,6,2,1667718,30,Apr 2024
4/29/2024,Facebook,Foto,Promosi,9200,21361,2137,85,89,0,140,0,2451,Apr 2024
4/29/2024,Instagram,Carousel,Edukasi,50,205,2,0,0,0,1,602826,3,Apr 2024
4/29/2024,Facebook,Reel/Video Pendek,Promosi,100,186,8,0,2,0,0,0,10,Apr 2024
4/29/2024,Instagram,Story,Behind The Scene,50,74,5,0,1,1,2,73494,9,Apr 2024
4/29/2024,Instagram,Story,Edukasi,50,124,12,0,1,0,0,0,13,Apr 2024
4/29/2024,TikTok,Carousel,Hiburan,1600,7005,93,18,45,77,29,0,262,Apr 2024
4/29/2024,Instagram,Foto,Behind The Scene,50,102,1,0,0,0,0,150804,1,Apr 2024
4/29/2024,TikTok,Foto,Hiburan,100,181,9,1,1,3,2,2581576,16,Apr 2024
4/30/2024,TikTok,Foto,Promosi,50,117,6,0,1,1,2,81660,10,Apr 2024
4/30/2024,TikTok,Carousel,Behind The Scene,100,326,23,0,2,0,0,971042,25,Apr 2024
4/30/2024,Facebook,Story,Edukasi,50,80,4,0,0,0,0,133649,4,Apr 2024
5/1/2024,Instagram,Reel/Video Pendek,Edukasi,100,242,17,0,0,0,0,88996,17,May 2024
5/1/2024,X,Carousel,Behind The Scene,200000,227868,30656,2033,3850,0,4676,0,41215,May 2024
5/1/2024,X,Story,Promosi,50,93,7,0,0,0,0,614597,7,May 2024
5/1/2024,Instagram,Carousel,Promosi,50,193,11,0,1,2,0,1632497,14,May 2024
5/1/2024,TikTok,Reel/Video Pendek,Edukasi,50,216,3,0,0,0,0,0,3,May 2024
5/1/2024,Instagram,Reel/Video Pendek,Promosi,50,206,5,0,0,0,0,0,5,May 2024
5/1/2024,X,Reel/Video Pendek,Hiburan,50,108,12,0,0,1,0,2549976,13,May 2024
5/1/2024,Instagram,Reel/Video Pendek,Promosi,150,276,31,2,2,0,2,0,37,May 2024
5/2/2024,X,Foto,Promosi,50,169,6,0,0,0,1,0,7,May 2024
5/2/2024,Facebook,Reel/Video Pendek,Promosi,50,80,5,0,0,1,0,0,6,May 2024
5/2/2024,Facebook,Carousel,Promosi,50,83,3,0,0,1,0,360021,4,May 2024
5/3/2024,X,Foto,Behind The Scene,50,119,7,0,0,0,0,209771,7,May 2024
5/3/2024,TikTok,Reel/Video Pendek,Promosi,50,95,1,0,1,0,0,3002631,2,May 2024
5/3/2024,Facebook,Reel/Video Pendek,Edukasi,50,90,4,0,0,0,2,0,6,May 2024
5/3/2024,X,Reel/Video Pendek,Behind The Scene,50,117,5,0,0,1,0,3005470,6,May 2024
5/3/2024,Instagram,Story,Hiburan,50,106,2,0,0,0,0,0,2,May 2024
5/3/2024,Facebook,Foto,Hiburan,50,79,4,0,0,1,0,0,5,May 2024
5/3/2024,Instagram,Carousel,Hiburan,550,1371,97,9,5,0,8,0,119,May 2024
5/3/2024,Instagram,Story,Edukasi,150,464,4,2,4,0,0,108837,10,May 2024
5/3/2024,TikTok,Story,Promosi,50,96,9,0,0,1,0,0,10,May 2024
5/3/2024,Facebook,Reel/Video Pendek,Edukasi,50,62,2,0,0,0,0,0,2,May 2024
5/3/2024,Instagram,Foto,Hiburan,1050,1790,52,11,30,45,14,0,152,May 2024
5/4/2024,Facebook,Foto,Edukasi,150,630,24,2,2,3,1,1201347,32,May 2024
5/4/2024,X,Foto,Behind The Scene,100,433,10,0,0,0,1,0,11,May 2024
5/4/2024,Facebook,Foto,Behind The Scene,1200,2034,166,4,35,45,2,0,252,May 2024
5/4/2024,Instagram,Reel/Video Pendek,Behind The Scene,100,366,7,1,2,0,1,758814,11,May 2024
5/4/2024,TikTok,Story,Edukasi,1950,5676,392,23,15,0,114,0,544,May 2024
5/5/2024,X,Carousel,Edukasi,50,154,5,0,1,0,0,0,6,May 2024
5/5/2024,X,Reel/Video Pendek,Promosi,100,238,5,1,2,0,1,0,9,May 2024
5/5/2024,Facebook,Story,Promosi,50,185,10,0,0,0,1,0,11,May 2024
5/5/2024,TikTok,Reel/Video Pendek,Promosi,150,213,25,0,1,7,2,145964,35,May 2024
5/5/2024,Facebook,Reel/Video Pendek,Edukasi,50,53,10,0,0,0,0,87742,10,May 2024
5/5/2024,X,Foto,Promosi,350,1032,80,2,1,0,5,0,88,May 2024
5/5/2024,TikTok,Reel/Video Pendek,Hiburan,350,532,23,5,7,0,1,0,36,May 2024
5/6/2024,Facebook,Reel/Video Pendek,Hiburan,100,314,11,0,0,1,0,0,12,May 2024
5/6/2024,Facebook,Carousel,Behind The Scene,50,146,11,0,1,0,0,2517799,12,May 2024
5/6/2024,Facebook,Carousel,Promosi,100,151,6,0,1,4,0,0,11,May 2024
5/6/2024,Instagram,Reel/Video Pendek,Behind The Scene,50,191,8,0,1,1,0,323493,10,May 2024
5/6/2024,Facebook,Carousel,Hiburan,50,183,3,0,0,1,1,0,5,May 2024
5/6/2024,X,Story,Hiburan,150,366,32,2,1,0,2,0,37,May 2024
5/6/2024,Instagram,Reel/Video Pendek,Hiburan,50,85,10,0,1,0,0,0,11,May 2024
5/6/2024,X,Carousel,Hiburan,100,170,12,0,1,1,1,112190,15,May 2024
5/6/2024,Instagram,Story,Behind The Scene,350,726,64,1,7,15,1,807189,88,May 2024
5/6/2024,TikTok,Story,Behind The Scene,800,1776,171,9,1,0,11,431241,192,May 2024
5/7/2024,TikTok,Foto,Edukasi,600,1881,112,7,10,0,4,123401,133,May 2024
5/7/2024,Instagram,Foto,Behind The Scene,200,782,39,3,0,0,5,0,47,May 2024
5/7/2024,X,Story,Promosi,50,81,6,0,0,2,0,0,8,May 2024
5/7/2024,Facebook,Foto,Edukasi,50,60,4,0,0,0,0,0,4,May 2024
5/7/2024,X,Carousel,Edukasi,50,54,7,0,0,0,0,513008,7,May 2024
5/7/2024,Instagram,Story,Promosi,250,558,41,4,5,0,1,2702916,51,May 2024
5/7/2024,TikTok,Story,Hiburan,250,424,47,0,2,5,3,0,57,May 2024
5/7/2024,Facebook,Story,Behind The Scene,50,206,8,0,1,0,0,0,9,May 2024
5/7/2024,TikTok,Foto,Edukasi,100,103,12,1,1,0,0,473357,14,May 2024
5/8/2024,X,Carousel,Promosi,50,93,11,0,0,0,0,0,11,May 2024
5/8/2024,Instagram,Foto,Hiburan,50,115,2,0,0,0,0,608839,2,May 2024
5/8/2024,X,Reel/Video Pendek,Edukasi,50,69,8,0,0,1,1,689107,10,May 2024
5/8/2024,Facebook,Reel/Video Pendek,Promosi,50,70,5,0,0,0,0,265805,5,May 2024
5/8/2024,TikTok,Reel/Video Pendek,Edukasi,100,263,14,1,1,0,1,1747674,17,May 2024
5/8/2024,X,Reel/Video Pendek,Edukasi,50,205,8,0,0,0,0,0,8,May 2024
5/8/2024,TikTok,Story,Edukasi,150,362,20,1,0,0,1,0,22,May 2024
5/8/2024,TikTok,Story,Behind The Scene,50,87,9,0,0,0,0,0,9,May 2024
5/8/2024,X,Story,Hiburan,50,123,1,0,0,0,0,0,1,May 2024
5/8/2024,TikTok,Carousel,Hiburan,50,90,7,0,0,0,0,0,7,May 2024
5/8/2024,X,Reel/Video Pendek,Behind The Scene,50,121,3,0,0,0,2,0,5,May 2024
5/9/2024,Facebook,Foto,Hiburan,50,107,4,0,0,0,1,0,5,May 2024
5/9/2024,X,Foto,Edukasi,200,202,37,3,2,0,0,0,42,May 2024
5/9/2024,TikTok,Story,Hiburan,200,210,49,0,2,0,0,0,51,May 2024
5/9/2024,TikTok,Reel/Video Pendek,Promosi,50,65,11,0,0,0,0,301059,11,May 2024
5/9/2024,Instagram,Foto,Edukasi,100,288,7,0,1,0,1,0,9,May 2024
5/9/2024,X,Story,Promosi,50,55,8,0,0,0,1,0,9,May 2024
5/9/2024,TikTok,Reel/Video Pendek,Hiburan,50,122,3,0,0,0,2,0,5,May 2024
5/9/2024,X,Story,Promosi,50,51,9,0,0,0,0,3834595,9,May 2024
5/9/2024,Facebook,Reel/Video Pendek,Hiburan,50,184,8,0,1,0,0,365121,9,May 2024
5/10/2024,Instagram,Reel/Video Pendek,Promosi,50,141,3,0,0,0,0,0,3,May 2024
5/10/2024,Facebook,Story,Hiburan,50,189,12,0,0,0,0,0,12,May 2024
5/10/2024,TikTok,Foto,Promosi,1300,1871,112,12,15,0,24,0,163,May 2024
5/10/2024,TikTok,Reel/Video Pendek,Hiburan,300,701,55,4,6,14,2,0,81,May 2024
5/10/2024,Facebook,Carousel,Promosi,50,135,11,0,0,0,0,135384,11,May 2024
5/10/2024,Instagram,Reel/Video Pendek,Hiburan,50,209,7,0,1,1,0,348476,9,May 2024
5/10/2024,Instagram,Story,Promosi,350,507,17,1,4,9,4,0,35,May 2024
5/10/2024,Facebook,Reel/Video Pendek,Edukasi,400,670,33,5,1,0,6,0,45,May 2024
5/11/2024,Instagram,Foto,Behind The Scene,1000,1806,161,18,16,0,17,0,212,May 2024
5/11/2024,Instagram,Reel/Video Pendek,Promosi,50,206,7,0,0,0,0,303443,7,May 2024
5/11/2024,Facebook,Reel/Video Pendek,Edukasi,250,800,21,4,6,0,2,0,33,May 2024
5/11/2024,TikTok,Carousel,Behind The Scene,50,196,4,0,0,0,0,0,4,May 2024
5/11/2024,X,Reel/Video Pendek,Hiburan,50,50,8,0,0,0,0,0,8,May 2024
5/11/2024,TikTok,Story,Edukasi,150,444,4,2,1,0,1,0,8,May 2024
5/11/2024,TikTok,Reel/Video Pendek,Edukasi,150,662,23,1,2,2,2,0,30,May 2024
5/11/2024,X,Foto,Behind The Scene,150,583,31,1,3,0,0,0,35,May 2024
5/12/2024,TikTok,Reel/Video Pendek,Edukasi,200,383,23,3,4,0,2,0,32,May 2024
5/12/2024,Facebook,Carousel,Behind The Scene,50,201,10,0,0,1,0,0,11,May 2024
5/12/2024,Facebook,Reel/Video Pendek,Promosi,50,117,12,0,0,0,0,113667,12,May 2024
5/12/2024,X,Foto,Promosi,1550,1791,260,27,12,0,4,0,303,May 2024
5/12/2024,Instagram,Foto,Edukasi,50,218,2,0,0,0,0,0,2,May 2024
5/12/2024,Instagram,Story,Hiburan,50,219,8,0,0,0,0,0,8,May 2024
5/13/2024,TikTok,Reel/Video Pendek,Behind The Scene,200,241,22,3,3,8,0,546525,36,May 2024
5/13/2024,Facebook,Carousel,Behind The Scene,250,582,52,3,2,0,1,169857,58,May 2024
5/13/2024,Facebook,Reel/Video Pendek,Behind The Scene,350,917,81,3,8,0,3,0,95,May 2024
5/13/2024,X,Carousel,Behind The Scene,50,84,6,0,0,0,0,775881,6,May 2024
5/13/2024,Facebook,Carousel,Promosi,50,117,3,0,0,0,0,0,3,May 2024
5/14/2024,Facebook,Story,Edukasi,100,106,6,1,2,1,1,0,11,May 2024
5/14/2024,Facebook,Reel/Video Pendek,Behind The Scene,50,206,11,0,0,0,0,0,11,May 2024
5/14/2024,X,Foto,Hiburan,50,105,11,0,0,0,1,0,12,May 2024
5/15/2024,Instagram,Carousel,Behind The Scene,50,113,9,0,1,0,0,0,10,May 2024
5/15/2024,Instagram,Reel/Video Pendek,Promosi,50,101,9,0,1,0,0,583451,10,May 2024
5/15/2024,TikTok,Foto,Edukasi,50,77,2,0,0,0,0,0,2,May 2024
5/16/2024,Facebook,Carousel,Hiburan,350,1305,76,5,5,0,6,0,92,May 2024
5/16/2024,X,Reel/Video Pendek,Edukasi,50,98,4,0,0,0,0,0,4,May 2024
5/16/2024,X,Carousel,Promosi,100,171,6,0,0,0,1,0,7,May 2024
5/16/2024,Facebook,Foto,Hiburan,50,56,7,0,1,0,0,1661347,8,May 2024
5/16/2024,Instagram,Carousel,Hiburan,350,531,44,3,2,0,5,0,54,May 2024
5/16/2024,Instagram,Reel/Video Pendek,Edukasi,100,173,19,0,1,0,0,0,20,May 2024
5/16/2024,TikTok,Story,Promosi,50,83,3,0,0,0,0,69748,3,May 2024
5/16/2024,Instagram,Story,Behind The Scene,50,139,5,0,1,0,0,0,6,May 2024
5/16/2024,TikTok,Story,Behind The Scene,50,102,3,0,0,0,0,1769509,3,May 2024
5/16/2024,Instagram,Reel/Video Pendek,Promosi,50,151,5,0,0,0,0,0,5,May 2024
5/16/2024,Facebook,Reel/Video Pendek,Promosi,50,187,10,0,1,0,0,0,11,May 2024
5/17/2024,TikTok,Reel/Video Pendek,Promosi,50,211,4,0,0,0,0,0,4,May 2024
5/17/2024,X,Carousel,Promosi,50,118,11,0,1,1,0,141139,13,May 2024
5/17/2024,TikTok,Story,Promosi,50,94,4,0,0,0,0,0,4,May 2024
5/17/2024,Instagram,Foto,Edukasi,50,123,10,0,0,0,0,0,10,May 2024
5/17/2024,TikTok,Reel/Video Pendek,Hiburan,200,234,33,3,4,0,7,3019886,47,May 2024
5/18/2024,X,Reel/Video Pendek,Edukasi,50,115,3,0,1,0,0,0,4,May 2024
5/18/2024,TikTok,Story,Promosi,300,870,10,2,7,0,4,0,23,May 2024
5/18/2024,TikTok,Story,Behind The Scene,50,52,10,0,0,0,0,2290555,10,May 2024
5/18/2024,X,Foto,Edukasi,100,387,14,0,1,0,0,0,15,May 2024
5/18/2024,Facebook,Story,Behind The Scene,250,586,53,1,1,0,3,1434310,58,May 2024
5/18/2024,TikTok,Reel/Video Pendek,Behind The Scene,350,732,71,4,8,16,1,1378837,100,May 2024
5/18/2024,X,Reel/Video Pendek,Hiburan,150,234,26,2,1,5,1,0,35,May 2024
5/18/2024,Facebook,Foto,Hiburan,50,57,4,0,1,0,0,65833,5,May 2024
5/18/2024,X,Foto,Hiburan,50,115,4,0,0,0,0,0,4,May 2024
5/19/2024,Instagram,Reel/Video Pendek,Hiburan,50,124,10,0,0,0,0,0,10,May 2024
5/19/2024,Instagram,Story,Behind The Scene,100,183,8,0,1,0,1,0,10,May 2024
5/19/2024,Instagram,Story,Edukasi,100,209,16,0,2,0,1,110773,19,May 2024
5/19/2024,Instagram,Carousel,Edukasi,100,360,8,0,2,0,0,4038590,10,May 2024
5/19/2024,Facebook,Carousel,Edukasi,50,80,5,0,0,0,2,0,7,May 2024
5/19/2024,Facebook,Story,Edukasi,50,145,8,0,0,0,0,0,8,May 2024
5/19/2024,TikTok,Carousel,Behind The Scene,50,89,4,0,1,0,0,65042,5,May 2024
5/20/2024,X,Reel/Video Pendek,Edukasi,400,1262,19,1,9,0,7,1333444,36,May 2024
5/20/2024,Instagram,Reel/Video Pendek,Behind The Scene,100,128,13,1,2,0,0,0,16,May 2024
5/20/2024,Facebook,Foto,Edukasi,50,104,10,0,0,2,0,0,12,May 2024
5/20/2024,TikTok,Story,Hiburan,50,138,3,0,0,0,1,0,4,May 2024
5/20/2024,X,Reel/Video Pendek,Hiburan,50,113,10,0,0,0,0,0,10,May 2024
5/20/2024,TikTok,Reel/Video Pendek,Behind The Scene,50,121,10,0,0,0,0,0,10,May 2024
5/20/2024,TikTok,Foto,Edukasi,50,97,6,0,1,0,1,0,8,May 2024
5/20/2024,X,Reel/Video Pendek,Edukasi,100,127,20,0,2,0,2,0,24,May 2024
5/20/2024,X,Foto,Edukasi,250,418,28,4,7,8,8,0,55,May 2024
5/20/2024,Instagram,Reel/Video Pendek,Behind The Scene,100,194,24,0,0,0,1,0,25,May 2024
5/20/2024,Facebook,Carousel,Hiburan,50,69,12,0,0,0,0,0,12,May 2024
5/21/2024,Instagram,Reel/Video Pendek,Behind The Scene,50,115,11,0,1,1,0,0,13,May 2024
5/21/2024,Instagram,Foto,Hiburan,50,109,7,0,1,0,0,0,8,May 2024
5/21/2024,Instagram,Story,Hiburan,50,140,3,0,0,0,0,0,3,May 2024
5/21/2024,Instagram,Foto,Edukasi,50,65,5,0,0,0,0,0,5,May 2024
5/22/2024,TikTok,Reel/Video Pendek,Edukasi,50,173,6,0,1,0,1,0,8,May 2024
5/22/2024,Facebook,Carousel,Behind The Scene,700,1010,142,11,17,0,6,0,176,May 2024
5/22/2024,Instagram,Foto,Behind The Scene,100,156,24,0,2,0,0,0,26,May 2024
5/22/2024,TikTok,Reel/Video Pendek,Behind The Scene,50,193,11,0,0,0,0,0,11,May 2024
5/22/2024,Instagram,Reel/Video Pendek,Promosi,100,204,17,1,0,2,1,0,21,May 2024
5/22/2024,X,Story,Promosi,50,84,1,0,1,0,0,0,2,May 2024
5/22/2024,Instagram,Story,Promosi,50,120,11,0,0,0,1,0,12,May 2024
5/22/2024,TikTok,Story,Behind The Scene,300,1305,30,5,2,1,0,0,38,May 2024
5/22/2024,Facebook,Story,Edukasi,50,104,5,0,0,0,1,0,6,May 2024
5/23/2024,TikTok,Reel/Video Pendek,Hiburan,50,165,7,0,0,0,0,298927,7,May 2024
5/23/2024,Facebook,Foto,Hiburan,50,162,9,0,0,0,0,1143391,9,May 2024
5/23/2024,Facebook,Foto,Hiburan,50,116,2,0,0,0,1,420168,3,May 2024
5/23/2024,TikTok,Reel/Video Pendek,Edukasi,50,169,2,0,0,1,0,0,3,May 2024
5/23/2024,TikTok,Foto,Promosi,150,338,15,1,1,5,1,0,23,May 2024
5/23/2024,TikTok,Reel/Video Pendek,Hiburan,50,73,11,0,0,0,0,0,11,May 2024
5/23/2024,Instagram,Reel/Video Pendek,Behind The Scene,200,450,16,3,1,5,1,0,26,May 2024
5/23/2024,TikTok,Story,Hiburan,50,139,8,0,1,1,0,0,10,May 2024
5/23/2024,X,Reel/Video Pendek,Edukasi,50,78,8,0,0,0,0,0,8,May 2024
5/24/2024,TikTok,Reel/Video Pendek,Behind The Scene,50,75,7,0,0,0,0,0,7,May 2024
5/24/2024,TikTok,Carousel,Promosi,50,81,3,0,0,0,0,0,3,May 2024
5/24/2024,TikTok,Reel/Video Pendek,Hiburan,50,176,6,0,0,0,0,324196,6,May 2024
5/24/2024,Facebook,Story,Promosi,50,168,5,0,1,0,0,1700259,6,May 2024
5/24/2024,TikTok,Story,Promosi,550,2021,81,4,16,0,1,2305575,102,May 2024
5/24/2024,TikTok,Foto,Hiburan,50,57,11,0,1,0,1,227146,13,May 2024
5/24/2024,Instagram,Carousel,Behind The Scene,50,171,7,0,1,0,0,0,8,May 2024
5/24/2024,X,Carousel,Behind The Scene,100,434,23,0,1,0,0,0,24,May 2024
5/25/2024,Facebook,Story,Edukasi,150,585,22,0,1,6,0,333358,29,May 2024
5/25/2024,TikTok,Story,Promosi,50,143,7,0,1,0,0,893187,8,May 2024
5/25/2024,Facebook,Foto,Hiburan,50,60,1,0,1,0,2,0,4,May 2024
5/25/2024,TikTok,Story,Behind The Scene,50,215,3,0,0,0,0,0,3,May 2024
5/25/2024,Facebook,Reel/Video Pendek,Edukasi,50,137,12,0,1,0,0,0,13,May 2024
5/25/2024,X,Carousel,Edukasi,50,116,10,0,0,0,0,0,10,May 2024
5/26/2024,Instagram,Reel/Video Pendek,Promosi,100,115,5,0,1,0,0,240177,6,May 2024
5/26/2024,Facebook,Foto,Promosi,150,573,13,1,3,6,1,0,24,May 2024
5/26/2024,Instagram,Reel/Video Pendek,Hiburan,50,55,5,0,0,0,0,0,5,May 2024
5/26/2024,Facebook,Foto,Behind The Scene,50,86,5,0,0,0,0,0,5,May 2024
5/26/2024,TikTok,Carousel,Behind The Scene,193250,257135,24678,864,4626,0,2628,0,32796,May 2024
5/26/2024,Facebook,Reel/Video Pendek,Edukasi,150,201,13,2,3,0,1,0,19,May 2024
5/26/2024,TikTok,Reel/Video Pendek,Behind The Scene,50,84,4,0,1,0,0,285209,5,May 2024
5/26/2024,TikTok,Reel/Video Pendek,Behind The Scene,50,51,4,0,0,0,0,0,4,May 2024
5/26/2024,Instagram,Reel/Video Pendek,Edukasi,150,359,15,2,2,0,4,0,23,May 2024
5/26/2024,Instagram,Foto,Edukasi,50,61,5,0,0,0,0,0,5,May 2024
5/27/2024,Instagram,Carousel,Behind The Scene,50,124,2,0,1,0,0,0,3,May 2024
5/27/2024,Instagram,Reel/Video Pendek,Behind The Scene,50,217,1,0,0,0,1,0,2,May 2024
5/27/2024,X,Foto,Edukasi,50,168,9,0,0,0,0,0,9,May 2024
5/27/2024,X,Story,Promosi,100,326,17,1,2,0,1,231244,21,May 2024
5/27/2024,X,Story,Behind The Scene,4050,15256,416,28,39,0,43,0,526,May 2024
5/27/2024,Instagram,Reel/Video Pendek,Edukasi,50,62,6,0,0,0,0,0,6,May 2024
5/27/2024,X,Reel/Video Pendek,Promosi,100,344,8,0,1,0,1,0,10,May 2024
5/28/2024,TikTok,Carousel,Promosi,50,92,2,0,0,1,0,1040036,3,May 2024
5/28/2024,TikTok,Story,Behind The Scene,100,351,10,1,1,0,1,0,13,May 2024
5/28/2024,Facebook,Reel/Video Pendek,Edukasi,50,172,11,0,0,0,1,0,12,May 2024
5/28/2024,X,Reel/Video Pendek,Edukasi,150,192,28,1,0,0,1,56014,30,May 2024
5/28/2024,TikTok,Story,Behind The Scene,550,1330,75,1,8,0,0,0,84,May 2024
5/28/2024,Instagram,Carousel,Promosi,50,160,9,0,0,0,0,0,9,May 2024
5/28/2024,Instagram,Foto,Edukasi,50,82,11,0,1,0,0,0,12,May 2024
5/28/2024,Instagram,Reel/Video Pendek,Hiburan,100,432,17,1,2,0,3,0,23,May 2024
5/28/2024,X,Foto,Behind The Scene,50,57,8,0,1,0,1,0,10,May 2024
5/29/2024,Facebook,Reel/Video Pendek,Hiburan,50,204,2,0,1,0,0,336990,3,May 2024
5/29/2024,TikTok,Carousel,Hiburan,50,119,2,0,0,0,0,0,2,May 2024
5/30/2024,X,Foto,Promosi,50,192,11,0,0,0,0,0,11,May 2024
5/30/2024,X,Carousel,Edukasi,50,211,5,0,0,0,0,0,5,May 2024
5/30/2024,Instagram,Story,Promosi,200,325,7,0,0,0,3,0,10,May 2024
5/30/2024,Instagram,Story,Edukasi,50,173,4,0,0,0,1,0,5,May 2024
5/30/2024,X,Reel/Video Pendek,Hiburan,300,1314,49,2,4,0,9,0,64,May 2024
5/30/2024,X,Carousel,Hiburan,350,590,62,4,6,15,1,170457,88,May 2024
5/31/2024,Facebook,Reel/Video Pendek,Hiburan,150,352,10,1,4,0,0,54768,15,May 2024
5/31/2024,TikTok,Foto,Behind The Scene,50,77,9,0,1,0,0,171223,10,May 2024
5/31/2024,Facebook,Story,Edukasi,50,91,10,0,1,0,0,0,11,May 2024
5/31/2024,Facebook,Foto,Promosi,50,116,11,0,1,1,0,0,13,May 2024
5/31/2024,X,Carousel,Behind The Scene,50,109,4,0,0,1,0,0,5,May 2024
6/1/2024,Facebook,Story,Behind The Scene,100,159,7,0,0,0,2,0,9,Jun 2024
6/1/2024,Instagram,Story,Behind The Scene,100,163,10,0,2,3,1,0,16,Jun 2024
6/1/2024,TikTok,Story,Behind The Scene,50,79,1,0,0,0,0,0,1,Jun 2024
6/1/2024,TikTok,Reel/Video Pendek,Behind The Scene,50,84,12,0,0,0,0,0,12,Jun 2024
6/1/2024,TikTok,Foto,Behind The Scene,50,124,5,0,0,1,0,0,6,Jun 2024
6/1/2024,Facebook,Carousel,Behind The Scene,4350,4605,792,45,59,32,119,1205743,1047,Jun 2024
6/1/2024,X,Foto,Behind The Scene,50,115,8,0,0,0,0,0,8,Jun 2024
6/2/2024,Facebook,Foto,Hiburan,50,124,5,0,1,0,1,0,7,Jun 2024
6/2/2024,Facebook,Foto,Edukasi,50,121,7,0,1,0,0,0,8,Jun 2024
6/2/2024,X,Foto,Promosi,50,65,8,0,0,0,0,596208,8,Jun 2024
6/2/2024,Facebook,Reel/Video Pendek,Promosi,100,178,8,0,1,0,1,0,10,Jun 2024
6/2/2024,Facebook,Foto,Hiburan,50,84,11,0,0,0,0,0,11,Jun 2024
6/2/2024,TikTok,Carousel,Promosi,50,108,4,0,0,0,2,821086,6,Jun 2024
6/2/2024,TikTok,Carousel,Behind The Scene,50,121,5,0,1,0,0,372548,6,Jun 2024
6/2/2024,Instagram,Carousel,Behind The Scene,250,536,12,1,3,2,1,0,19,Jun 2024
6/2/2024,Facebook,Foto,Hiburan,100,182,11,1,0,0,1,292355,13,Jun 2024
6/2/2024,TikTok,Carousel,Promosi,50,195,2,0,1,0,0,73929,3,Jun 2024
6/2/2024,TikTok,Story,Promosi,50,55,9,0,0,0,0,0,9,Jun 2024
6/2/2024,Facebook,Reel/Video Pendek,Behind The Scene,50,101,7,0,0,1,0,0,8,Jun 2024
6/2/2024,Instagram,Foto,Promosi,50,136,2,0,0,1,0,0,3,Jun 2024
6/2/2024,Instagram,Foto,Edukasi,50,104,2,0,0,0,2,0,4,Jun 2024
6/3/2024,TikTok,Reel/Video Pendek,Behind The Scene,50,53,5,0,0,0,0,0,5,Jun 2024
6/3/2024,Instagram,Foto,Edukasi,50,171,3,0,0,0,0,0,3,Jun 2024
6/3/2024,X,Reel/Video Pendek,Edukasi,50,215,5,0,0,0,1,0,6,Jun 2024
6/3/2024,TikTok,Reel/Video Pendek,Promosi,50,137,10,0,0,0,0,0,10,Jun 2024
6/3/2024,TikTok,Story,Hiburan,50,190,11,0,0,0,0,0,11,Jun 2024
6/3/2024,X,Foto,Edukasi,50,136,5,0,0,0,0,0,5,Jun 2024
6/4/2024,Instagram,Carousel,Promosi,3700,13950,837,48,101,59,72,3485608,1117,Jun 2024
6/4/2024,TikTok,Carousel,Promosi,400,666,87,5,2,0,2,1814864,96,Jun 2024
6/4/2024,TikTok,Reel/Video Pendek,Edukasi,100,167,20,0,0,0,1,153698,21,Jun 2024
6/4/2024,Facebook,Reel/Video Pendek,Edukasi,50,71,4,0,1,0,0,140741,5,Jun 2024
6/4/2024,Instagram,Foto,Hiburan,50,214,10,0,0,0,0,0,10,Jun 2024
6/4/2024,Facebook,Reel/Video Pendek,Behind The Scene,50,102,11,0,1,0,2,0,14,Jun 2024
6/4/2024,TikTok,Carousel,Hiburan,1200,2699,227,10,25,0,22,0,284,Jun 2024
6/4/2024,X,Carousel,Promosi,700,1256,159,13,7,0,13,0,192,Jun 2024
6/4/2024,TikTok,Story,Promosi,650,1097,158,4,4,13,6,2100060,185,Jun 2024
6/4/2024,Instagram,Carousel,Promosi,100,192,11,1,1,0,1,0,14,Jun 2024
6/4/2024,X,Story,Hiburan,100,142,8,0,0,1,0,0,9,Jun 2024
6/4/2024,Facebook,Story,Behind The Scene,50,178,5,0,1,0,0,0,6,Jun 2024
6/5/2024,Instagram,Foto,Promosi,50,116,10,0,0,0,0,447276,10,Jun 2024
6/5/2024,X,Carousel,Behind The Scene,150,655,32,1,0,0,0,0,33,Jun 2024
6/5/2024,Facebook,Carousel,Promosi,250,268,44,4,0,0,4,0,52,Jun 2024
6/5/2024,X,Reel/Video Pendek,Edukasi,100,225,12,1,2,0,1,0,16,Jun 2024
6/5/2024,TikTok,Foto,Promosi,50,154,11,0,1,0,1,0,13,Jun 2024
6/5/2024,TikTok,Carousel,Behind The Scene,50,139,3,0,1,1,1,0,6,Jun 2024
6/5/2024,Instagram,Story,Hiburan,50,131,8,0,1,0,0,0,9,Jun 2024
6/6/2024,Instagram,Carousel,Edukasi,200,647,46,1,5,0,1,53046,53,Jun 2024
6/6/2024,Facebook,Reel/Video Pendek,Promosi,50,69,10,0,1,0,0,0,11,Jun 2024
6/6/2024,Instagram,Story,Edukasi,50,205,7,0,1,0,1,0,9,Jun 2024
6/7/2024,X,Reel/Video Pendek,Behind The Scene,50,121,2,0,0,0,0,3491898,2,Jun 2024
6/7/2024,Facebook,Story,Promosi,100,189,7,0,0,0,1,0,8,Jun 2024
6/7/2024,TikTok,Foto,Behind The Scene,50,118,3,0,0,1,0,635055,4,Jun 2024
6/7/2024,TikTok,Story,Hiburan,50,105,4,0,0,2,0,0,6,Jun 2024
6/7/2024,Facebook,Reel/Video Pendek,Hiburan,550,1092,100,8,8,0,2,0,118,Jun 2024
6/7/2024,X,Story,Hiburan,50,105,9,0,1,0,0,186267,10,Jun 2024
6/7/2024,TikTok,Story,Promosi,50,134,8,0,0,0,0,0,8,Jun 2024
6/8/2024,X,Foto,Behind The Scene,50,210,9,0,0,0,0,124183,9,Jun 2024
6/8/2024,Instagram,Foto,Edukasi,150,163,11,1,0,0,1,0,13,Jun 2024
6/8/2024,TikTok,Reel/Video Pendek,Hiburan,250,498,20,2,0,6,4,75730,32,Jun 2024
6/8/2024,Facebook,Carousel,Hiburan,50,201,10,0,0,0,0,2623963,10,Jun 2024
6/8/2024,TikTok,Reel/Video Pendek,Behind The Scene,200,385,13,2,2,0,0,0,17,Jun 2024
6/8/2024,Facebook,Story,Edukasi,100,145,13,0,1,0,1,0,15,Jun 2024
6/8/2024,Facebook,Carousel,Hiburan,50,103,7,0,0,0,0,0,7,Jun 2024
6/8/2024,TikTok,Reel/Video Pendek,Edukasi,50,103,2,0,0,2,0,0,4,Jun 2024
6/8/2024,Instagram,Reel/Video Pendek,Edukasi,50,55,5,0,0,0,0,0,5,Jun 2024
6/9/2024,X,Reel/Video Pendek,Behind The Scene,100,184,6,0,0,3,0,309803,9,Jun 2024
6/9/2024,X,Story,Edukasi,50,105,11,0,1,0,0,0,12,Jun 2024
6/9/2024,Instagram,Reel/Video Pendek,Edukasi,150,231,23,2,0,0,4,0,29,Jun 2024
6/9/2024,TikTok,Foto,Hiburan,1150,2768,129,13,22,18,19,0,201,Jun 2024
6/9/2024,TikTok,Foto,Hiburan,50,106,10,0,0,0,0,0,10,Jun 2024
6/9/2024,Facebook,Carousel,Hiburan,50,96,5,0,0,0,0,0,5,Jun 2024
6/9/2024,Instagram,Foto,Behind The Scene,300,459,37,2,4,0,2,0,45,Jun 2024
6/9/2024,TikTok,Reel/Video Pendek,Promosi,200,412,33,1,4,0,3,587838,41,Jun 2024
6/9/2024,X,Story,Promosi,50,111,10,0,0,0,0,0,10,Jun 2024
6/9/2024,TikTok,Foto,Hiburan,50,83,4,0,0,1,0,0,5,Jun 2024
6/9/2024,Instagram,Reel/Video Pendek,Edukasi,50,108,4,0,0,0,1,0,5,Jun 2024
6/9/2024,Facebook,Foto,Behind The Scene,50,116,9,0,1,0,0,0,10,Jun 2024
6/9/2024,TikTok,Foto,Hiburan,150,644,13,2,3,0,6,0,24,Jun 2024
6/10/2024,TikTok,Foto,Behind The Scene,50,103,6,0,0,0,0,0,6,Jun 2024
6/10/2024,TikTok,Carousel,Hiburan,50,200,4,0,0,0,0,0,4,Jun 2024
6/10/2024,Instagram,Foto,Hiburan,50,67,3,0,0,0,1,0,4,Jun 2024
6/10/2024,TikTok,Reel/Video Pendek,Edukasi,100,180,24,0,2,1,1,0,28,Jun 2024
6/10/2024,Instagram,Story,Hiburan,150,419,25,0,2,0,1,0,28,Jun 2024
6/10/2024,Instagram,Reel/Video Pendek,Hiburan,450,710,39,6,13,13,4,0,75,Jun 2024
6/10/2024,Facebook,Foto,Behind The Scene,100,196,17,0,1,0,1,3917629,19,Jun 2024
6/10/2024,X,Foto,Promosi,200,728,24,2,2,0,2,214494,30,Jun 2024
6/10/2024,Facebook,Foto,Promosi,50,122,1,0,0,0,2,0,3,Jun 2024
6/10/2024,Instagram,Foto,Behind The Scene,550,1113,67,7,12,27,9,2103592,122,Jun 2024
6/11/2024,TikTok,Reel/Video Pendek,Behind The Scene,100,233,15,1,0,0,0,0,16,Jun 2024
6/11/2024,Instagram,Carousel,Edukasi,200,442,44,3,2,0,2,0,51,Jun 2024
6/11/2024,Instagram,Reel/Video Pendek,Behind The Scene,50,103,9,0,0,0,0,0,9,Jun 2024
6/11/2024,X,Carousel,Hiburan,100,299,18,0,1,0,0,2857835,19,Jun 2024
6/11/2024,X,Reel/Video Pendek,Edukasi,50,205,11,0,1,1,0,211559,13,Jun 2024
6/11/2024,Instagram,Foto,Hiburan,50,106,7,0,0,0,1,0,8,Jun 2024
6/11/2024,X,Foto,Promosi,50,109,3,0,1,0,0,0,4,Jun 2024
6/11/2024,Instagram,Carousel,Behind The Scene,50,101,2,0,0,0,0,0,2,Jun 2024
6/12/2024,X,Reel/Video Pendek,Edukasi,200,363,45,1,2,6,6,0,60,Jun 2024
6/12/2024,Instagram,Reel/Video Pendek,Promosi,50,89,12,0,0,0,0,0,12,Jun 2024
6/12/2024,TikTok,Foto,Behind The Scene,50,92,4,0,0,0,0,0,4,Jun 2024
6/12/2024,Instagram,Foto,Edukasi,50,123,5,0,0,0,0,0,5,Jun 2024
6/12/2024,Instagram,Carousel,Hiburan,100,132,5,1,0,0,0,329488,6,Jun 2024
6/12/2024,X,Reel/Video Pendek,Behind The Scene,50,138,2,0,0,0,0,287543,2,Jun 2024
6/12/2024,TikTok,Carousel,Promosi,100,241,16,1,2,0,1,0,20,Jun 2024
6/13/2024,Instagram,Foto,Behind The Scene,300,824,50,0,4,3,2,0,59,Jun 2024
6/13/2024,Instagram,Reel/Video Pendek,Hiburan,50,123,10,0,0,0,1,682378,11,Jun 2024
6/13/2024,Instagram,Story,Promosi,150,301,9,1,1,0,2,1279475,13,Jun 2024
6/13/2024,Facebook,Foto,Behind The Scene,50,78,6,0,0,0,0,0,6,Jun 2024
6/13/2024,X,Story,Edukasi,50,85,3,0,1,0,0,0,4,Jun 2024
6/13/2024,Facebook,Carousel,Promosi,50,94,12,0,1,0,0,149564,13,Jun 2024
6/13/2024,TikTok,Story,Edukasi,700,1610,112,4,18,0,8,0,142,Jun 2024
6/14/2024,Facebook,Reel/Video Pendek,Promosi,100,317,16,1,2,2,4,0,25,Jun 2024
6/14/2024,TikTok,Carousel,Promosi,150,460,6,0,4,5,2,0,17,Jun 2024
6/14/2024,Facebook,Foto,Promosi,50,102,3,0,0,0,2,80342,5,Jun 2024
6/14/2024,Instagram,Story,Behind The Scene,100,385,22,1,2,0,1,1303828,26,Jun 2024
6/14/2024,X,Foto,Edukasi,50,159,6,0,0,0,0,4142034,6,Jun 2024
6/14/2024,X,Reel/Video Pendek,Edukasi,50,177,9,0,1,0,0,0,10,Jun 2024
6/14/2024,Instagram,Foto,Edukasi,350,669,44,3,4,0,4,2675498,55,Jun 2024
6/14/2024,Instagram,Foto,Behind The Scene,200,398,40,3,4,0,3,0,50,Jun 2024
6/14/2024,TikTok,Carousel,Promosi,50,156,7,0,0,0,0,0,7,Jun 2024
6/15/2024,Facebook,Carousel,Behind The Scene,50,119,11,0,1,0,0,0,12,Jun 2024
6/15/2024,Instagram,Reel/Video Pendek,Hiburan,50,68,2,0,0,0,0,307894,2,Jun 2024
6/15/2024,TikTok,Story,Promosi,150,327,27,2,3,0,2,0,34,Jun 2024
6/15/2024,Facebook,Story,Hiburan,100,264,21,0,2,0,1,0,24,Jun 2024
6/15/2024,Instagram,Foto,Behind The Scene,150,200,25,0,2,0,6,0,33,Jun 2024
6/15/2024,Instagram,Foto,Edukasi,50,66,5,0,0,0,0,0,5,Jun 2024
6/16/2024,Instagram,Foto,Behind The Scene,50,179,6,0,0,2,0,0,8,Jun 2024
6/16/2024,TikTok,Story,Edukasi,100,215,20,1,1,0,1,0,23,Jun 2024
6/16/2024,Instagram,Story,Behind The Scene,150,442,28,2,2,0,7,0,39,Jun 2024
6/16/2024,Facebook,Carousel,Edukasi,50,102,6,0,1,0,0,1608819,7,Jun 2024
6/16/2024,X,Carousel,Edukasi,50,174,6,0,1,0,0,0,7,Jun 2024
6/16/2024,X,Foto,Hiburan,550,2448,18,4,15,0,9,0,46,Jun 2024
6/16/2024,TikTok,Foto,Behind The Scene,50,94,3,0,1,0,1,0,5,Jun 2024
6/17/2024,TikTok,Story,Promosi,50,65,8,0,0,0,0,2196389,8,Jun 2024
6/17/2024,Facebook,Reel/Video Pendek,Behind The Scene,50,97,7,0,0,0,0,0,7,Jun 2024
6/18/2024,TikTok,Foto,Behind The Scene,50,55,8,0,0,0,0,0,8,Jun 2024
6/18/2024,Facebook,Reel/Video Pendek,Promosi,150,558,15,1,0,0,2,0,18,Jun 2024
6/18/2024,TikTok,Carousel,Hiburan,50,202,10,0,1,0,0,0,11,Jun 2024
6/18/2024,X,Carousel,Behind The Scene,50,125,8,0,0,0,0,0,8,Jun 2024
6/18/2024,X,Foto,Hiburan,50,87,8,0,0,0,0,0,8,Jun 2024
6/18/2024,TikTok,Story,Promosi,1400,2751,322,12,13,0,20,0,367,Jun 2024
6/18/2024,Facebook,Story,Behind The Scene,1150,2037,205,20,31,34,18,65655,308,Jun 2024
6/18/2024,Facebook,Reel/Video Pendek,Behind The Scene,50,86,5,0,0,0,0,0,5,Jun 2024
6/19/2024,Facebook,Foto,Behind The Scene,50,67,7,0,0,0,0,0,7,Jun 2024
6/19/2024,Facebook,Carousel,Promosi,100,362,23,0,2,0,2,1978927,27,Jun 2024
6/19/2024,Instagram,Foto,Edukasi,200,457,23,3,0,7,1,0,34,Jun 2024
6/19/2024,Facebook,Carousel,Promosi,50,80,10,0,0,0,1,0,11,Jun 2024
6/19/2024,X,Foto,Promosi,100,205,6,1,1,0,1,0,9,Jun 2024
6/19/2024,Facebook,Foto,Promosi,100,149,15,1,2,0,1,0,19,Jun 2024
6/20/2024,Instagram,Carousel,Hiburan,150,368,31,2,1,0,5,4475505,39,Jun 2024
6/20/2024,X,Foto,Edukasi,100,356,11,0,1,0,0,190525,12,Jun 2024
6/20/2024,TikTok,Foto,Behind The Scene,100,414,10,1,2,0,1,0,14,Jun 2024
6/20/2024,TikTok,Carousel,Promosi,50,100,4,0,1,0,0,2617348,5,Jun 2024
6/20/2024,Instagram,Foto,Hiburan,50,89,12,0,0,0,0,0,12,Jun 2024
6/20/2024,TikTok,Story,Edukasi,50,152,6,0,0,0,0,0,6,Jun 2024
6/20/2024,X,Story,Hiburan,50,136,4,0,1,0,0,0,5,Jun 2024
6/21/2024,TikTok,Foto,Hiburan,6050,14003,836,115,130,0,71,0,1152,Jun 2024
6/21/2024,X,Story,Behind The Scene,50,68,3,0,1,0,0,1380738,4,Jun 2024
6/21/2024,Facebook,Story,Hiburan,50,165,4,0,0,2,0,0,6,Jun 2024
6/21/2024,TikTok,Reel/Video Pendek,Hiburan,50,87,5,0,1,0,0,368692,6,Jun 2024
6/21/2024,Instagram,Reel/Video Pendek,Hiburan,50,88,8,0,1,2,0,0,11,Jun 2024
6/21/2024,Facebook,Reel/Video Pendek,Edukasi,3500,8536,546,59,60,0,47,86983,712,Jun 2024
6/21/2024,Instagram,Story,Promosi,50,193,9,0,0,2,0,0,11,Jun 2024
6/21/2024,X,Foto,Behind The Scene,50,213,10,0,0,0,0,0,10,Jun 2024
6/21/2024,X,Story,Edukasi,100,233,10,1,1,0,0,133075,12,Jun 2024
6/22/2024,TikTok,Carousel,Hiburan,50,92,6,0,1,0,0,3344613,7,Jun 2024
6/22/2024,Facebook,Reel/Video Pendek,Edukasi,100,170,14,1,1,0,1,0,17,Jun 2024
6/22/2024,Instagram,Story,Edukasi,50,183,3,0,1,1,0,0,5,Jun 2024
6/23/2024,Facebook,Reel/Video Pendek,Edukasi,50,106,9,0,0,0,0,0,9,Jun 2024
6/23/2024,TikTok,Carousel,Edukasi,50,70,2,0,1,0,0,3560989,3,Jun 2024
6/23/2024,Instagram,Foto,Edukasi,100,435,20,0,1,0,0,63730,21,Jun 2024
6/23/2024,Facebook,Carousel,Hiburan,50,131,2,0,0,0,0,0,2,Jun 2024
6/23/2024,Facebook,Foto,Hiburan,50,70,6,0,0,0,0,0,6,Jun 2024
6/23/2024,Facebook,Story,Behind The Scene,100,140,10,0,1,0,1,1928659,12,Jun 2024
6/23/2024,Facebook,Carousel,Behind The Scene,150,352,21,0,1,1,2,0,25,Jun 2024
6/24/2024,TikTok,Story,Promosi,50,92,8,0,0,0,0,460729,8,Jun 2024
6/24/2024,X,Carousel,Hiburan,50,87,10,0,0,0,0,0,10,Jun 2024
6/24/2024,Instagram,Carousel,Promosi,150,363,29,0,1,0,1,0,31,Jun 2024
6/24/2024,Facebook,Carousel,Hiburan,350,381,72,3,7,0,1,0,83,Jun 2024
6/25/2024,TikTok,Foto,Promosi,100,163,24,0,2,0,1,357969,27,Jun 2024
6/25/2024,Instagram,Story,Hiburan,50,113,9,0,1,0,0,0,10,Jun 2024
6/25/2024,X,Foto,Behind The Scene,50,208,8,0,0,0,0,1100248,8,Jun 2024
6/25/2024,TikTok,Foto,Behind The Scene,50,81,8,0,1,0,1,0,10,Jun 2024
6/25/2024,Facebook,Reel/Video Pendek,Promosi,300,528,56,5,5,0,3,0,69,Jun 2024
6/25/2024,TikTok,Reel/Video Pendek,Edukasi,450,1440,103,7,3,0,5,446529,118,Jun 2024
6/25/2024,Facebook,Foto,Hiburan,50,84,4,0,1,0,0,0,5,Jun 2024
6/25/2024,TikTok,Foto,Edukasi,50,93,7,0,0,0,0,150276,7,Jun 2024
6/26/2024,Facebook,Carousel,Hiburan,50,136,9,0,1,1,0,0,11,Jun 2024
6/26/2024,Facebook,Story,Edukasi,50,224,7,0,0,0,0,0,7,Jun 2024
6/26/2024,Facebook,Foto,Edukasi,200,210,7,3,2,0,2,0,14,Jun 2024
6/26/2024,TikTok,Foto,Promosi,50,122,3,0,0,0,0,1104616,3,Jun 2024
6/26/2024,X,Foto,Hiburan,50,86,4,0,0,0,0,0,4,Jun 2024
6/26/2024,Facebook,Reel/Video Pendek,Promosi,50,99,8,0,0,1,0,0,9,Jun 2024
6/26/2024,Facebook,Foto,Edukasi,50,115,2,0,0,0,0,243099,2,Jun 2024
6/27/2024,X,Reel/Video Pendek,Hiburan,50,79,8,0,0,0,0,0,8,Jun 2024
6/27/2024,Instagram,Carousel,Edukasi,100,260,14,0,1,0,1,0,16,Jun 2024
6/27/2024,Instagram,Carousel,Edukasi,50,133,6,0,1,0,0,325342,7,Jun 2024
6/27/2024,X,Carousel,Promosi,50,99,1,0,1,0,0,0,2,Jun 2024
6/27/2024,X,Story,Promosi,50,104,4,0,0,0,0,0,4,Jun 2024
6/28/2024,X,Reel/Video Pendek,Behind The Scene,50,138,7,0,1,0,0,0,8,Jun 2024
6/28/2024,Facebook,Carousel,Promosi,50,84,7,0,0,0,0,347441,7,Jun 2024
6/28/2024,Instagram,Reel/Video Pendek,Edukasi,50,93,7,0,0,0,0,0,7,Jun 2024
6/28/2024,Instagram,Story,Hiburan,50,65,9,0,1,0,0,0,10,Jun 2024
6/29/2024,Facebook,Reel/Video Pendek,Promosi,100,238,9,0,2,0,1,635628,12,Jun 2024
6/29/2024,TikTok,Foto,Edukasi,50,210,9,0,0,0,0,0,9,Jun 2024
6/29/2024,Facebook,Foto,Hiburan,350,707,72,4,5,7,3,0,91,Jun 2024
6/29/2024,TikTok,Reel/Video Pendek,Hiburan,2200,2422,477,26,53,0,37,0,593,Jun 2024
6/29/2024,Instagram,Story,Behind The Scene,50,66,7,0,1,2,0,0,10,Jun 2024
6/30/2024,Facebook,Carousel,Edukasi,100,258,24,0,2,3,4,0,33,Jun 2024
6/30/2024,Facebook,Reel/Video Pendek,Promosi,500,1230,89,7,11,0,7,3125219,114,Jun 2024
6/30/2024,Instagram,Carousel,Hiburan,100,330,8,1,1,0,1,0,11,Jun 2024
6/30/2024,Instagram,Carousel,Hiburan,50,74,3,0,1,0,0,0,4,Jun 2024
6/30/2024,X,Story,Behind The Scene,50,101,10,0,1,0,0,0,11,Jun 2024
6/30/2024,Instagram,Foto,Hiburan,150,257,15,2,1,0,0,0,18,Jun 2024
6/30/2024,TikTok,Foto,Edukasi,50,119,10,0,1,0,0,0,11,Jun 2024
6/30/2024,Facebook,Reel/Video Pendek,Edukasi,150,471,16,1,1,0,6,819071,24,Jun 2024
6/30/2024,TikTok,Reel/Video Pendek,Behind The Scene,150,567,23,1,1,6,0,0,31,Jun 2024
7/1/2024,Instagram,Foto,Promosi,50,148,9,0,1,0,0,925325,10,Jul 2024
7/1/2024,Instagram,Foto,Hiburan,250,322,56,0,6,0,3,96752,65,Jul 2024
7/1/2024,TikTok,Foto,Hiburan,50,75,3,0,1,0,1,0,5,Jul 2024
7/1/2024,Instagram,Story,Edukasi,50,107,5,0,0,0,0,0,5,Jul 2024
7/1/2024,Facebook,Story,Edukasi,50,142,2,0,1,0,0,0,3,Jul 2024
7/1/2024,X,Carousel,Promosi,50,90,7,0,0,0,0,667504,7,Jul 2024
7/1/2024,Instagram,Foto,Promosi,50,109,11,0,0,0,0,0,11,Jul 2024
7/1/2024,Instagram,Story,Promosi,150,476,14,2,2,3,2,0,23,Jul 2024
7/1/2024,X,Reel/Video Pendek,Behind The Scene,50,138,2,0,0,0,0,0,2,Jul 2024
7/1/2024,Instagram,Carousel,Promosi,50,85,2,0,0,0,0,0,2,Jul 2024
7/1/2024,X,Carousel,Hiburan,250,511,42,0,6,0,8,0,56,Jul 2024
7/2/2024,Facebook,Foto,Behind The Scene,50,86,7,0,0,0,0,0,7,Jul 2024
7/2/2024,Facebook,Carousel,Behind The Scene,50,114,3,0,0,1,0,0,4,Jul 2024
7/2/2024,TikTok,Carousel,Promosi,100,106,13,0,2,4,0,459076,19,Jul 2024
7/2/2024,X,Carousel,Hiburan,50,108,11,0,1,0,0,0,12,Jul 2024
7/2/2024,Facebook,Foto,Edukasi,50,88,9,0,0,0,0,99239,9,Jul 2024
7/2/2024,Facebook,Reel/Video Pendek,Promosi,100,168,16,1,0,0,0,162230,17,Jul 2024
7/2/2024,Instagram,Story,Hiburan,3500,5080,398,67,39,153,19,0,676,Jul 2024
7/2/2024,Instagram,Reel/Video Pendek,Hiburan,1000,2483,89,12,7,0,4,171999,112,Jul 2024
7/2/2024,X,Reel/Video Pendek,Behind The Scene,50,62,5,0,1,2,0,0,8,Jul 2024
7/3/2024,Facebook,Foto,Edukasi,50,56,4,0,1,0,0,0,5,Jul 2024
7/3/2024,Facebook,Foto,Hiburan,50,71,5,0,0,1,0,0,6,Jul 2024
7/3/2024,Facebook,Foto,Edukasi,50,97,2,0,1,2,0,0,5,Jul 2024
7/3/2024,X,Reel/Video Pendek,Behind The Scene,150,217,14,2,2,2,0,2329478,20,Jul 2024
7/3/2024,X,Foto,Promosi,50,106,4,0,1,1,0,0,6,Jul 2024
7/4/2024,X,Foto,Hiburan,100,203,7,0,0,0,0,2104471,7,Jul 2024
7/4/2024,Facebook,Carousel,Hiburan,50,195,9,0,0,0,0,0,9,Jul 2024
7/4/2024,Facebook,Carousel,Edukasi,50,109,11,0,0,0,0,0,11,Jul 2024
7/4/2024,Instagram,Reel/Video Pendek,Behind The Scene,50,202,1,0,0,0,0,137825,1,Jul 2024
7/5/2024,TikTok,Story,Hiburan,200,315,21,1,1,0,1,795864,24,Jul 2024
7/5/2024,X,Story,Behind The Scene,50,59,7,0,0,0,1,0,8,Jul 2024
7/5/2024,Instagram,Story,Edukasi,200,311,39,3,1,0,1,0,44,Jul 2024
7/5/2024,TikTok,Story,Promosi,50,71,8,0,1,1,0,0,10,Jul 2024
7/5/2024,Facebook,Reel/Video Pendek,Edukasi,50,110,6,0,0,1,0,0,7,Jul 2024
7/5/2024,Instagram,Carousel,Behind The Scene,400,626,96,5,10,0,7,0,118,Jul 2024
7/5/2024,Instagram,Story,Behind The Scene,200,467,7,1,5,0,1,0,14,Jul 2024
7/6/2024,Instagram,Story,Behind The Scene,100,249,17,1,0,0,0,0,18,Jul 2024
7/6/2024,TikTok,Story,Promosi,650,1228,28,5,7,0,5,0,45,Jul 2024
7/6/2024,X,Carousel,Hiburan,100,249,20,0,0,3,0,0,23,Jul 2024
7/6/2024,Instagram,Carousel,Promosi,50,64,6,0,0,0,0,0,6,Jul 2024
7/6/2024,Facebook,Story,Promosi,50,181,7,0,0,0,0,0,7,Jul 2024
7/6/2024,X,Foto,Behind The Scene,50,139,9,0,0,0,2,0,11,Jul 2024
7/6/2024,TikTok,Reel/Video Pendek,Hiburan,150,472,32,1,2,0,1,0,36,Jul 2024
7/6/2024,TikTok,Reel/Video Pendek,Promosi,50,100,8,0,1,0,0,0,9,Jul 2024
7/6/2024,Instagram,Foto,Promosi,50,56,3,0,0,0,0,0,3,Jul 2024
7/6/2024,X,Reel/Video Pendek,Behind The Scene,50,154,10,0,0,1,0,213416,11,Jul 2024
7/6/2024,Facebook,Carousel,Hiburan,50,64,12,0,0,0,0,1383246,12,Jul 2024
7/6/2024,TikTok,Carousel,Behind The Scene,50,197,10,0,0,0,0,0,10,Jul 2024
7/7/2024,X,Story,Hiburan,50,144,5,0,0,0,1,165127,6,Jul 2024
7/7/2024,TikTok,Carousel,Edukasi,1950,4401,198,8,25,0,7,3350599,238,Jul 2024
7/7/2024,Instagram,Foto,Promosi,350,513,23,0,7,0,4,0,34,Jul 2024
7/8/2024,Facebook,Reel/Video Pendek,Hiburan,50,130,2,0,0,0,0,0,2,Jul 2024
7/8/2024,X,Carousel,Hiburan,50,103,9,0,1,0,0,0,10,Jul 2024
7/8/2024,X,Foto,Edukasi,100,159,16,0,0,0,0,0,16,Jul 2024
7/8/2024,Instagram,Reel/Video Pendek,Hiburan,50,191,5,0,0,0,0,303210,5,Jul 2024
7/8/2024,Facebook,Carousel,Hiburan,50,99,12,0,1,1,0,0,14,Jul 2024
7/8/2024,X,Story,Hiburan,100,222,5,1,1,0,0,0,7,Jul 2024
7/8/2024,TikTok,Reel/Video Pendek,Promosi,200,301,45,0,1,0,1,0,47,Jul 2024
7/8/2024,TikTok,Carousel,Hiburan,50,97,1,0,1,0,0,0,2,Jul 2024
7/8/2024,TikTok,Reel/Video Pendek,Hiburan,50,212,9,0,0,0,0,0,9,Jul 2024
7/8/2024,X,Reel/Video Pendek,Edukasi,150,359,33,1,0,0,5,812324,39,Jul 2024
7/8/2024,Instagram,Foto,Edukasi,50,80,8,0,0,0,0,1432634,8,Jul 2024
7/9/2024,X,Carousel,Edukasi,50,199,7,0,0,0,0,0,7,Jul 2024
7/9/2024,TikTok,Story,Promosi,150,343,13,0,0,0,0,400371,13,Jul 2024
7/9/2024,X,Carousel,Promosi,50,80,7,0,0,0,0,0,7,Jul 2024
7/9/2024,Instagram,Carousel,Edukasi,100,129,12,0,2,0,1,136757,15,Jul 2024
7/9/2024,Instagram,Reel/Video Pendek,Behind The Scene,850,875,93,8,16,0,16,0,133,Jul 2024
7/9/2024,TikTok,Story,Edukasi,650,2319,119,10,16,0,10,0,155,Jul 2024
7/9/2024,X,Story,Hiburan,150,637,18,2,2,0,2,0,24,Jul 2024
7/9/2024,Facebook,Reel/Video Pendek,Promosi,100,167,17,0,0,0,1,0,18,Jul 2024
7/10/2024,Instagram,Foto,Hiburan,50,77,9,0,0,0,0,1835184,9,Jul 2024
7/10/2024,Facebook,Carousel,Promosi,50,79,11,0,0,1,0,845043,12,Jul 2024
7/10/2024,Instagram,Reel/Video Pendek,Behind The Scene,50,142,9,0,1,0,0,0,10,Jul 2024
7/10/2024,X,Carousel,Hiburan,250,282,13,2,5,7,4,397007,31,Jul 2024
7/10/2024,TikTok,Carousel,Hiburan,150,294,18,1,1,0,0,0,20,Jul 2024
7/10/2024,Facebook,Carousel,Promosi,100,102,19,0,2,0,0,0,21,Jul 2024
7/10/2024,Facebook,Story,Promosi,50,150,4,0,0,0,0,0,4,Jul 2024
7/10/2024,Instagram,Reel/Video Pendek,Hiburan,150,298,16,1,1,0,5,72092,23,Jul 2024
7/10/2024,X,Story,Promosi,50,50,7,0,0,0,0,1076294,7,Jul 2024
7/10/2024,Facebook,Story,Behind The Scene,50,116,2,0,0,1,0,0,3,Jul 2024
7/11/2024,Instagram,Carousel,Promosi,50,74,2,0,0,0,0,0,2,Jul 2024
7/11/2024,Facebook,Reel/Video Pendek,Promosi,100,197,15,0,2,3,1,0,21,Jul 2024
7/11/2024,Facebook,Reel/Video Pendek,Hiburan,50,51,10,0,1,0,1,0,12,Jul 2024
7/11/2024,TikTok,Reel/Video Pendek,Edukasi,600,2115,79,0,2,0,29,123709,110,Jul 2024
7/11/2024,X,Foto,Edukasi,50,171,3,0,0,0,0,0,3,Jul 2024
7/11/2024,Instagram,Foto,Promosi,100,223,12,1,2,0,1,0,16,Jul 2024
7/12/2024,TikTok,Reel/Video Pendek,Edukasi,50,171,6,0,0,0,0,0,6,Jul 2024
7/12/2024,Facebook,Story,Hiburan,100,110,18,0,2,0,0,338903,20,Jul 2024
7/12/2024,TikTok,Carousel,Promosi,50,136,7,0,1,0,0,0,8,Jul 2024
7/12/2024,X,Reel/Video Pendek,Edukasi,100,237,7,0,1,1,0,759650,9,Jul 2024
7/12/2024,Facebook,Story,Hiburan,50,61,2,0,1,0,0,0,3,Jul 2024
7/12/2024,TikTok,Story,Promosi,50,88,10,0,1,2,0,187853,13,Jul 2024
7/12/2024,X,Carousel,Behind The Scene,50,89,10,0,1,0,0,0,11,Jul 2024
7/12/2024,TikTok,Reel/Video Pendek,Behind The Scene,50,104,1,0,0,0,0,977195,1,Jul 2024
7/12/2024,Facebook,Carousel,Edukasi,100,137,23,1,2,0,4,0,30,Jul 2024
7/13/2024,Facebook,Foto,Hiburan,100,160,17,0,0,0,1,62523,18,Jul 2024
7/13/2024,Instagram,Carousel,Hiburan,100,249,12,1,2,0,0,0,15,Jul 2024
7/13/2024,TikTok,Story,Edukasi,800,2695,156,6,16,0,3,1980775,181,Jul 2024
7/13/2024,TikTok,Carousel,Behind The Scene,100,157,8,0,0,0,0,0,8,Jul 2024
7/13/2024,X,Foto,Promosi,50,142,9,0,0,1,0,0,10,Jul 2024
7/13/2024,Facebook,Foto,Behind The Scene,250,254,49,3,4,0,1,1029872,57,Jul 2024
7/13/2024,X,Reel/Video Pendek,Promosi,50,64,9,0,1,0,0,112714,10,Jul 2024
7/13/2024,TikTok,Reel/Video Pendek,Edukasi,100,363,13,1,2,1,1,0,18,Jul 2024
7/13/2024,X,Reel/Video Pendek,Hiburan,100,163,16,0,2,0,0,0,18,Jul 2024
7/14/2024,X,Carousel,Edukasi,100,126,19,0,0,0,1,3272198,20,Jul 2024
7/14/2024,X,Foto,Promosi,50,179,6,0,0,0,1,0,7,Jul 2024
7/14/2024,TikTok,Reel/Video Pendek,Behind The Scene,100,218,11,1,0,0,3,0,15,Jul 2024
7/14/2024,X,Carousel,Promosi,50,101,6,0,1,0,0,0,7,Jul 2024
7/14/2024,TikTok,Story,Promosi,50,59,12,0,0,0,0,1261295,12,Jul 2024
7/14/2024,Instagram,Reel/Video Pendek,Behind The Scene,50,83,7,0,1,1,0,89270,9,Jul 2024
7/14/2024,X,Story,Hiburan,50,87,7,0,0,1,0,0,8,Jul 2024
7/14/2024,TikTok,Carousel,Hiburan,150,671,10,0,0,6,3,0,19,Jul 2024
7/14/2024,Facebook,Story,Behind The Scene,50,75,3,0,0,1,1,0,5,Jul 2024
7/15/2024,Instagram,Story,Hiburan,50,61,9,0,1,0,0,0,10,Jul 2024
7/16/2024,X,Carousel,Hiburan,50,109,2,0,0,0,0,401865,2,Jul 2024
7/16/2024,Instagram,Reel/Video Pendek,Promosi,100,236,18,0,2,0,1,0,21,Jul 2024
7/16/2024,Facebook,Carousel,Promosi,900,2157,193,5,9,0,15,0,222,Jul 2024
7/16/2024,X,Reel/Video Pendek,Promosi,50,71,1,0,0,1,0,0,2,Jul 2024
7/16/2024,X,Reel/Video Pendek,Promosi,50,54,12,0,0,0,0,211085,12,Jul 2024
7/16/2024,X,Foto,Hiburan,100,357,19,1,2,0,3,1347781,25,Jul 2024
7/16/2024,X,Foto,Edukasi,950,2120,107,14,21,0,16,681872,158,Jul 2024
7/17/2024,Facebook,Carousel,Promosi,200,219,43,0,2,7,3,0,55,Jul 2024
7/17/2024,Instagram,Carousel,Promosi,50,156,2,0,1,0,0,2447371,3,Jul 2024
7/17/2024,TikTok,Carousel,Promosi,50,100,7,0,0,1,0,0,8,Jul 2024
7/17/2024,Facebook,Story,Promosi,50,100,5,0,0,2,0,0,7,Jul 2024
7/17/2024,TikTok,Carousel,Hiburan,100,171,19,0,1,0,0,0,20,Jul 2024
7/18/2024,TikTok,Foto,Behind The Scene,50,124,8,0,1,0,0,0,9,Jul 2024
7/18/2024,X,Carousel,Promosi,200,253,39,1,2,2,1,227344,45,Jul 2024
7/18/2024,Facebook,Foto,Promosi,100,202,18,1,1,3,1,0,24,Jul 2024
7/19/2024,Facebook,Reel/Video Pendek,Hiburan,50,114,9,0,1,0,0,582344,10,Jul 2024
7/19/2024,TikTok,Reel/Video Pendek,Hiburan,150,382,30,1,3,5,4,0,43,Jul 2024
7/19/2024,Instagram,Reel/Video Pendek,Edukasi,50,206,2,0,1,0,0,0,3,Jul 2024
7/19/2024,X,Foto,Hiburan,6150,11579,980,74,73,0,56,0,1183,Jul 2024
7/19/2024,Facebook,Carousel,Hiburan,50,59,5,0,0,0,0,0,5,Jul 2024
7/19/2024,Facebook,Reel/Video Pendek,Behind The Scene,150,362,27,1,2,0,1,0,31,Jul 2024
7/19/2024,Instagram,Reel/Video Pendek,Promosi,50,52,7,0,0,0,0,0,7,Jul 2024
7/19/2024,X,Foto,Edukasi,50,135,9,0,1,0,0,0,10,Jul 2024
7/19/2024,TikTok,Story,Behind The Scene,100,236,6,0,2,0,1,0,9,Jul 2024
7/19/2024,TikTok,Carousel,Hiburan,150,338,15,1,1,2,2,0,21,Jul 2024
7/19/2024,TikTok,Carousel,Promosi,50,96,10,0,1,0,0,0,11,Jul 2024
7/19/2024,Instagram,Reel/Video Pendek,Behind The Scene,50,145,4,0,1,1,0,2474021,6,Jul 2024
7/20/2024,TikTok,Reel/Video Pendek,Edukasi,450,1178,29,7,1,0,5,0,42,Jul 2024
7/20/2024,Instagram,Foto,Behind The Scene,50,180,10,0,1,0,0,0,11,Jul 2024
7/20/2024,TikTok,Foto,Hiburan,700,2612,58,0,2,0,8,1716310,68,Jul 2024
7/20/2024,TikTok,Reel/Video Pendek,Promosi,150,245,22,0,1,0,1,0,24,Jul 2024
7/20/2024,Instagram,Foto,Promosi,150,323,27,0,2,0,1,0,30,Jul 2024
7/20/2024,X,Foto,Behind The Scene,50,199,11,0,0,0,0,0,11,Jul 2024
7/20/2024,X,Reel/Video Pendek,Behind The Scene,50,96,1,0,0,1,1,0,3,Jul 2024
7/20/2024,Facebook,Story,Promosi,50,113,7,0,1,0,0,0,8,Jul 2024
7/21/2024,X,Carousel,Hiburan,200,747,29,2,2,0,2,1473202,35,Jul 2024
7/21/2024,X,Carousel,Hiburan,150,165,16,1,2,3,0,0,22,Jul 2024
7/21/2024,X,Foto,Behind The Scene,150,523,35,2,1,0,0,0,38,Jul 2024
7/21/2024,TikTok,Carousel,Edukasi,50,101,10,0,1,0,0,167845,11,Jul 2024
7/21/2024,X,Story,Edukasi,50,132,7,0,0,0,0,0,7,Jul 2024
7/21/2024,Facebook,Foto,Promosi,150,235,16,0,2,0,6,740486,24,Jul 2024
7/22/2024,Facebook,Reel/Video Pendek,Hiburan,50,61,11,0,1,0,0,0,12,Jul 2024
7/22/2024,Facebook,Story,Promosi,50,76,5,0,0,0,0,0,5,Jul 2024
7/22/2024,TikTok,Carousel,Promosi,50,120,3,0,0,0,0,379869,3,Jul 2024
7/22/2024,TikTok,Story,Edukasi,50,131,8,0,0,0,0,0,8,Jul 2024
7/22/2024,X,Reel/Video Pendek,Hiburan,50,100,2,0,1,1,0,0,4,Jul 2024
7/22/2024,Instagram,Reel/Video Pendek,Behind The Scene,50,79,7,0,1,0,1,0,9,Jul 2024
7/23/2024,Facebook,Story,Promosi,50,100,10,0,0,0,2,69235,12,Jul 2024
7/23/2024,TikTok,Story,Promosi,50,51,10,0,1,0,0,2273229,11,Jul 2024
7/23/2024,TikTok,Reel/Video Pendek,Edukasi,50,99,8,0,1,0,0,0,9,Jul 2024
7/23/2024,TikTok,Reel/Video Pendek,Hiburan,50,61,7,0,1,1,0,0,9,Jul 2024
7/23/2024,Instagram,Foto,Behind The Scene,50,103,6,0,0,0,1,0,7,Jul 2024
7/23/2024,X,Story,Hiburan,100,435,12,1,1,0,1,180748,15,Jul 2024
7/24/2024,Facebook,Foto,Edukasi,150,557,8,2,1,0,2,0,13,Jul 2024
7/24/2024,Instagram,Carousel,Promosi,50,72,9,0,1,1,0,0,11,Jul 2024
7/24/2024,Instagram,Reel/Video Pendek,Behind The Scene,50,101,3,0,1,0,0,2136472,4,Jul 2024
7/24/2024,X,Foto,Edukasi,50,144,2,0,0,0,1,0,3,Jul 2024
7/24/2024,X,Reel/Video Pendek,Hiburan,50,73,7,0,1,0,1,0,9,Jul 2024
7/24/2024,Facebook,Carousel,Behind The Scene,200,467,12,1,1,0,4,0,18,Jul 2024
7/24/2024,X,Reel/Video Pendek,Hiburan,100,101,21,0,0,1,1,72336,23,Jul 2024
7/24/2024,Facebook,Carousel,Hiburan,100,241,15,0,0,0,0,0,15,Jul 2024
7/24/2024,TikTok,Story,Behind The Scene,50,113,4,0,0,1,0,0,5,Jul 2024
7/25/2024,Instagram,Story,Edukasi,50,119,9,0,0,0,0,0,9,Jul 2024
7/25/2024,TikTok,Story,Hiburan,50,117,9,0,1,0,0,4594239,10,Jul 2024
7/25/2024,Instagram,Foto,Edukasi,50,81,2,0,0,0,1,0,3,Jul 2024
7/25/2024,Instagram,Carousel,Edukasi,50,120,5,0,1,0,0,107351,6,Jul 2024
7/25/2024,Instagram,Reel/Video Pendek,Promosi,50,92,5,0,0,0,2,0,7,Jul 2024
7/25/2024,Instagram,Reel/Video Pendek,Behind The Scene,50,114,8,0,0,0,0,0,8,Jul 2024
7/25/2024,Facebook,Carousel,Promosi,50,93,1,0,1,0,0,0,2,Jul 2024
7/25/2024,TikTok,Story,Behind The Scene,50,201,9,0,1,0,0,0,10,Jul 2024
7/25/2024,X,Story,Behind The Scene,1200,2985,299,13,12,0,7,0,331,Jul 2024
7/25/2024,TikTok,Carousel,Edukasi,50,59,6,0,0,0,1,0,7,Jul 2024
7/25/2024,Facebook,Carousel,Edukasi,100,135,16,0,0,0,0,0,16,Jul 2024
7/26/2024,TikTok,Foto,Hiburan,50,70,7,0,1,0,0,0,8,Jul 2024
7/26/2024,Instagram,Story,Edukasi,100,140,8,1,2,3,0,0,14,Jul 2024
7/26/2024,X,Story,Promosi,50,77,1,0,0,0,0,2858148,1,Jul 2024
7/26/2024,Facebook,Foto,Edukasi,100,242,5,0,0,0,0,0,5,Jul 2024
7/26/2024,Instagram,Story,Behind The Scene,150,609,37,2,2,0,1,0,42,Jul 2024
7/26/2024,TikTok,Carousel,Edukasi,50,81,5,0,0,0,0,0,5,Jul 2024
7/27/2024,TikTok,Foto,Edukasi,250,282,14,4,6,0,0,92559,24,Jul 2024
7/27/2024,X,Carousel,Behind The Scene,50,187,4,0,0,0,0,157581,4,Jul 2024
7/27/2024,Facebook,Carousel,Edukasi,50,86,3,0,0,0,0,706401,3,Jul 2024
7/27/2024,Instagram,Foto,Promosi,250,613,61,4,4,5,4,0,78,Jul 2024
7/28/2024,X,Foto,Behind The Scene,50,89,10,0,1,0,0,0,11,Jul 2024
7/28/2024,X,Foto,Hiburan,50,161,6,0,1,0,0,0,7,Jul 2024
7/28/2024,X,Carousel,Behind The Scene,50,83,8,0,0,2,0,50243,10,Jul 2024
7/28/2024,TikTok,Reel/Video Pendek,Behind The Scene,150,525,20,1,2,0,2,0,25,Jul 2024
7/28/2024,Facebook,Foto,Hiburan,50,111,2,0,1,0,0,0,3,Jul 2024
7/28/2024,TikTok,Carousel,Promosi,50,135,2,0,0,0,2,1332410,4,Jul 2024
7/28/2024,Facebook,Foto,Edukasi,50,218,8,0,0,0,0,1857742,8,Jul 2024
7/28/2024,Facebook,Story,Behind The Scene,200,376,9,1,0,0,2,0,12,Jul 2024
7/28/2024,X,Reel/Video Pendek,Promosi,50,145,3,0,0,1,0,0,4,Jul 2024
7/28/2024,Instagram,Foto,Behind The Scene,100,171,14,1,2,0,0,0,17,Jul 2024
7/29/2024,Instagram,Reel/Video Pendek,Promosi,50,121,4,0,1,0,0,0,5,Jul 2024
7/29/2024,X,Carousel,Edukasi,50,118,4,0,0,0,0,0,4,Jul 2024
7/29/2024,TikTok,Reel/Video Pendek,Hiburan,100,184,22,1,0,0,0,390918,23,Jul 2024
7/29/2024,Facebook,Reel/Video Pendek,Behind The Scene,250,607,46,1,4,6,7,0,64,Jul 2024
7/29/2024,Instagram,Carousel,Edukasi,250,1055,24,1,5,0,0,0,30,Jul 2024
7/29/2024,Facebook,Story,Edukasi,50,124,10,0,0,0,0,93575,10,Jul 2024
7/29/2024,TikTok,Foto,Behind The Scene,50,204,2,0,0,0,0,0,2,Jul 2024
7/29/2024,TikTok,Foto,Promosi,100,154,6,0,2,0,0,898761,8,Jul 2024
7/30/2024,Facebook,Story,Hiburan,50,88,6,0,0,0,0,3901178,6,Jul 2024
7/30/2024,Facebook,Foto,Edukasi,50,79,10,0,0,2,0,55012,12,Jul 2024
7/30/2024,X,Foto,Hiburan,50,105,11,0,1,2,0,0,14,Jul 2024
7/30/2024,Facebook,Reel/Video Pendek,Edukasi,50,126,9,0,0,2,0,0,11,Jul 2024
7/31/2024,Instagram,Foto,Promosi,50,191,6,0,1,0,0,1864956,7,Jul 2024
7/31/2024,Facebook,Foto,Hiburan,50,194,3,0,1,0,0,167423,4,Jul 2024
7/31/2024,X,Reel/Video Pendek,Edukasi,50,103,5,0,1,0,0,0,6,Jul 2024
7/31/2024,TikTok,Carousel,Edukasi,50,143,2,0,1,1,1,0,5,Jul 2024
7/31/2024,Facebook,Foto,Hiburan,50,66,7,0,0,0,0,0,7,Jul 2024
7/31/2024,Instagram,Reel/Video Pendek,Hiburan,50,105,7,0,0,0,0,112235,7,Jul 2024
7/31/2024,Facebook,Carousel,Hiburan,350,736,83,0,4,0,7,0,94,Jul 2024
7/31/2024,TikTok,Foto,Hiburan,50,119,11,0,1,0,0,0,12,Jul 2024
8/1/2024,X,Story,Edukasi,50,222,9,0,1,0,1,0,11,Aug 2024
8/1/2024,Facebook,Carousel,Behind The Scene,50,95,7,0,1,0,1,0,9,Aug 2024
8/1/2024,Instagram,Reel/Video Pendek,Behind The Scene,100,215,3,0,0,2,1,0,6,Aug 2024
8/1/2024,Instagram,Foto,Edukasi,50,102,2,0,0,0,0,0,2,Aug 2024
8/1/2024,Instagram,Foto,Promosi,50,55,4,0,0,0,0,586740,4,Aug 2024
8/1/2024,Instagram,Foto,Hiburan,150,483,27,0,1,0,5,0,33,Aug 2024
8/1/2024,X,Foto,Hiburan,250,508,38,4,3,0,1,0,46,Aug 2024
8/2/2024,X,Story,Edukasi,50,101,4,0,1,1,0,0,6,Aug 2024
8/2/2024,Instagram,Carousel,Edukasi,50,152,7,0,0,0,0,0,7,Aug 2024
8/2/2024,Facebook,Reel/Video Pendek,Hiburan,150,316,17,1,0,0,0,770325,18,Aug 2024
8/2/2024,Instagram,Carousel,Promosi,300,630,51,0,6,11,4,0,72,Aug 2024
8/2/2024,TikTok,Foto,Behind The Scene,50,57,5,0,1,2,0,0,8,Aug 2024
8/2/2024,Instagram,Reel/Video Pendek,Hiburan,50,95,9,0,1,0,0,0,10,Aug 2024
8/2/2024,X,Carousel,Hiburan,50,108,7,0,0,0,0,88304,7,Aug 2024
8/3/2024,Instagram,Foto,Promosi,100,103,12,1,1,0,1,79717,15,Aug 2024
8/3/2024,Facebook,Carousel,Hiburan,50,117,10,0,0,0,0,412668,10,Aug 2024
8/3/2024,Facebook,Carousel,Behind The Scene,50,52,5,0,0,0,0,0,5,Aug 2024
8/3/2024,X,Foto,Edukasi,50,103,10,0,0,0,0,0,10,Aug 2024
8/3/2024,Facebook,Story,Behind The Scene,50,82,8,0,0,0,0,1821091,8,Aug 2024
8/3/2024,Facebook,Foto,Edukasi,100,231,13,1,1,0,0,0,15,Aug 2024
8/3/2024,Instagram,Story,Hiburan,50,88,10,0,1,0,0,0,11,Aug 2024
8/3/2024,X,Foto,Behind The Scene,50,59,8,0,1,0,0,0,9,Aug 2024
8/3/2024,Instagram,Carousel,Hiburan,100,242,11,0,1,0,0,0,12,Aug 2024
8/4/2024,X,Reel/Video Pendek,Behind The Scene,50,60,5,0,0,0,1,0,6,Aug 2024
8/4/2024,X,Foto,Edukasi,50,104,4,0,0,0,0,0,4,Aug 2024
8/4/2024,Instagram,Story,Hiburan,100,138,18,0,1,0,1,0,20,Aug 2024
8/4/2024,X,Carousel,Promosi,50,115,2,0,0,0,0,0,2,Aug 2024
8/4/2024,TikTok,Reel/Video Pendek,Hiburan,50,219,2,0,0,2,0,298009,4,Aug 2024
8/4/2024,Instagram,Story,Edukasi,50,77,1,0,0,0,0,252409,1,Aug 2024
8/4/2024,X,Reel/Video Pendek,Edukasi,50,133,9,0,0,0,0,0,9,Aug 2024
8/4/2024,TikTok,Carousel,Promosi,50,109,4,0,0,1,0,0,5,Aug 2024
8/5/2024,TikTok,Story,Behind The Scene,50,121,5,0,1,0,0,0,6,Aug 2024
8/5/2024,Instagram,Carousel,Promosi,50,187,3,0,0,0,0,0,3,Aug 2024
8/5/2024,TikTok,Reel/Video Pendek,Hiburan,50,122,10,0,0,0,0,0,10,Aug 2024
8/5/2024,Instagram,Story,Promosi,50,68,10,0,1,0,0,0,11,Aug 2024
8/5/2024,Facebook,Carousel,Edukasi,50,68,3,0,0,0,0,4000358,3,Aug 2024
8/5/2024,Facebook,Story,Behind The Scene,350,1419,24,5,2,0,0,276419,31,Aug 2024
8/5/2024,TikTok,Reel/Video Pendek,Edukasi,50,88,2,0,1,0,0,1766868,3,Aug 2024
8/5/2024,Instagram,Reel/Video Pendek,Edukasi,100,152,23,1,0,4,3,0,31,Aug 2024
8/5/2024,TikTok,Foto,Hiburan,50,177,11,0,1,0,0,0,12,Aug 2024
8/5/2024,TikTok,Story,Hiburan,50,130,7,0,1,0,0,0,8,Aug 2024
8/5/2024,X,Story,Hiburan,50,57,9,0,1,0,1,260888,11,Aug 2024
8/5/2024,TikTok,Foto,Hiburan,50,109,1,0,0,1,0,910624,2,Aug 2024
8/6/2024,X,Reel/Video Pendek,Edukasi,50,79,11,0,0,0,2,0,13,Aug 2024
8/6/2024,Instagram,Carousel,Edukasi,50,112,5,0,1,0,0,392084,6,Aug 2024
8/7/2024,Facebook,Reel/Video Pendek,Hiburan,250,281,9,3,4,0,2,0,18,Aug 2024
8/7/2024,Facebook,Foto,Behind The Scene,8000,11878,1105,108,84,0,114,0,1411,Aug 2024
8/7/2024,Facebook,Carousel,Behind The Scene,50,212,9,0,0,0,0,0,9,Aug 2024
8/7/2024,TikTok,Carousel,Behind The Scene,100,238,21,1,2,4,1,403725,29,Aug 2024
8/7/2024,Instagram,Reel/Video Pendek,Behind The Scene,50,201,11,0,0,0,0,3286208,11,Aug 2024
8/7/2024,Instagram,Carousel,Promosi,200,372,49,1,3,0,9,0,62,Aug 2024
8/7/2024,X,Foto,Behind The Scene,50,96,4,0,1,0,1,0,6,Aug 2024
8/7/2024,X,Foto,Hiburan,150,370,22,2,1,4,1,2016386,30,Aug 2024
8/7/2024,Instagram,Story,Promosi,250,1042,22,4,5,0,3,0,34,Aug 2024
8/7/2024,TikTok,Story,Behind The Scene,50,69,3,0,0,0,0,0,3,Aug 2024
8/7/2024,Facebook,Story,Promosi,50,112,12,0,0,0,0,0,12,Aug 2024
8/7/2024,Instagram,Carousel,Hiburan,50,175,12,0,0,0,0,65673,12,Aug 2024
8/8/2024,Facebook,Carousel,Edukasi,50,55,9,0,0,0,0,0,9,Aug 2024
8/8/2024,Instagram,Foto,Edukasi,100,210,21,0,0,3,1,0,25,Aug 2024
8/8/2024,Facebook,Carousel,Edukasi,50,89,11,0,1,0,0,0,12,Aug 2024
8/8/2024,Facebook,Carousel,Edukasi,100,164,24,0,0,2,1,865289,27,Aug 2024
8/8/2024,Instagram,Reel/Video Pendek,Hiburan,100,233,16,1,2,0,1,0,20,Aug 2024
8/9/2024,Instagram,Foto,Promosi,50,142,9,0,1,1,0,0,11,Aug 2024
8/9/2024,X,Story,Promosi,50,153,2,0,0,2,0,0,4,Aug 2024
8/9/2024,X,Reel/Video Pendek,Edukasi,50,117,1,0,1,0,0,0,2,Aug 2024
8/9/2024,TikTok,Foto,Promosi,100,148,23,0,1,0,0,0,24,Aug 2024
8/9/2024,Instagram,Story,Promosi,350,510,59,5,9,0,4,0,77,Aug 2024
8/9/2024,TikTok,Foto,Promosi,150,246,24,0,1,0,1,1283436,26,Aug 2024
8/10/2024,X,Carousel,Promosi,350,446,12,3,6,0,12,0,33,Aug 2024
8/10/2024,TikTok,Story,Edukasi,250,920,56,1,3,4,3,0,67,Aug 2024
8/10/2024,TikTok,Carousel,Promosi,50,172,11,0,0,0,0,0,11,Aug 2024
8/10/2024,X,Foto,Behind The Scene,50,149,6,0,0,0,1,0,7,Aug 2024
8/10/2024,X,Foto,Promosi,50,54,7,0,0,0,0,387589,7,Aug 2024
8/10/2024,Facebook,Foto,Promosi,50,105,12,0,0,0,0,0,12,Aug 2024
8/10/2024,Facebook,Carousel,Promosi,50,121,8,0,0,0,0,343005,8,Aug 2024
8/10/2024,Instagram,Foto,Edukasi,150,418,23,1,3,0,5,0,32,Aug 2024
8/10/2024,Instagram,Reel/Video Pendek,Hiburan,50,100,10,0,0,0,0,0,10,Aug 2024
8/10/2024,TikTok,Carousel,Promosi,50,95,4,0,0,1,0,0,5,Aug 2024
8/10/2024,Instagram,Foto,Promosi,400,648,56,4,3,0,2,0,65,Aug 2024
8/10/2024,X,Story,Edukasi,50,104,2,0,0,0,0,0,2,Aug 2024
8/11/2024,Facebook,Foto,Promosi,50,105,11,0,1,1,0,0,13,Aug 2024
8/11/2024,Instagram,Carousel,Edukasi,100,142,17,1,1,0,1,0,20,Aug 2024
8/11/2024,X,Story,Behind The Scene,100,233,8,1,1,4,4,0,18,Aug 2024
8/11/2024,Facebook,Reel/Video Pendek,Promosi,50,71,7,0,1,1,0,0,9,Aug 2024
8/11/2024,Instagram,Story,Edukasi,50,96,6,0,1,2,0,3906231,9,Aug 2024
8/11/2024,TikTok,Story,Edukasi,1750,3019,222,34,10,0,32,0,298,Aug 2024
8/12/2024,Facebook,Story,Promosi,150,361,9,2,1,4,1,0,17,Aug 2024
8/12/2024,TikTok,Carousel,Promosi,450,827,75,6,2,0,5,3142401,88,Aug 2024
8/12/2024,X,Carousel,Promosi,100,141,5,0,2,4,5,0,16,Aug 2024
8/12/2024,X,Carousel,Promosi,50,209,4,0,1,0,1,0,6,Aug 2024
8/12/2024,TikTok,Story,Edukasi,50,110,8,0,0,0,1,0,9,Aug 2024
8/12/2024,X,Carousel,Edukasi,50,138,1,0,0,0,0,0,1,Aug 2024
8/12/2024,TikTok,Story,Promosi,50,180,10,0,1,0,2,996295,13,Aug 2024
8/13/2024,TikTok,Foto,Promosi,50,171,3,0,1,0,0,0,4,Aug 2024
8/13/2024,TikTok,Story,Promosi,50,205,2,0,0,0,0,0,2,Aug 2024
8/13/2024,Facebook,Reel/Video Pendek,Edukasi,50,112,11,0,0,2,0,0,13,Aug 2024
8/13/2024,TikTok,Foto,Edukasi,150,247,23,0,1,5,1,0,30,Aug 2024
8/13/2024,Facebook,Story,Edukasi,550,821,129,9,11,0,4,0,153,Aug 2024
8/13/2024,TikTok,Foto,Hiburan,50,114,10,0,1,0,0,0,11,Aug 2024
8/13/2024,Instagram,Foto,Behind The Scene,150,327,21,0,1,0,0,958336,22,Aug 2024
8/13/2024,TikTok,Story,Behind The Scene,50,122,3,0,0,0,0,0,3,Aug 2024
8/13/2024,X,Foto,Hiburan,50,122,7,0,1,0,0,0,8,Aug 2024
8/13/2024,Facebook,Foto,Hiburan,50,213,6,0,0,0,0,0,6,Aug 2024
8/14/2024,Instagram,Foto,Behind The Scene,50,89,2,0,0,0,0,0,2,Aug 2024
8/14/2024,Facebook,Reel/Video Pendek,Promosi,50,76,2,0,0,0,1,178483,3,Aug 2024
8/14/2024,Instagram,Carousel,Promosi,150,262,20,1,3,0,2,0,26,Aug 2024
8/14/2024,Instagram,Carousel,Hiburan,250,835,40,1,5,7,12,0,65,Aug 2024
8/14/2024,Instagram,Carousel,Hiburan,50,211,8,0,1,0,0,0,9,Aug 2024
8/14/2024,TikTok,Story,Promosi,100,120,13,0,1,0,5,0,19,Aug 2024
8/14/2024,Instagram,Carousel,Edukasi,100,209,22,1,1,2,1,0,27,Aug 2024
8/14/2024,X,Foto,Edukasi,50,80,6,0,1,0,0,0,7,Aug 2024
8/14/2024,Instagram,Story,Promosi,50,67,3,0,0,0,0,0,3,Aug 2024
8/14/2024,TikTok,Foto,Behind The Scene,50,121,10,0,1,0,0,0,11,Aug 2024
8/14/2024,TikTok,Foto,Behind The Scene,300,817,14,5,4,0,5,0,28,Aug 2024
8/14/2024,Facebook,Story,Promosi,50,119,4,0,1,0,0,208671,5,Aug 2024
8/14/2024,X,Story,Behind The Scene,50,111,12,0,1,0,1,1743499,14,Aug 2024
8/15/2024,Instagram,Reel/Video Pendek,Behind The Scene,50,183,10,0,0,0,0,64573,10,Aug 2024
8/15/2024,TikTok,Reel/Video Pendek,Hiburan,50,108,5,0,1,1,0,1162618,7,Aug 2024
8/15/2024,Facebook,Reel/Video Pendek,Promosi,250,280,58,1,3,8,1,0,71,Aug 2024
8/15/2024,Facebook,Story,Hiburan,50,159,10,0,1,0,0,0,11,Aug 2024
8/15/2024,Facebook,Carousel,Edukasi,50,163,10,0,0,0,0,0,10,Aug 2024
8/15/2024,X,Carousel,Behind The Scene,50,191,3,0,1,0,0,85976,4,Aug 2024
8/15/2024,TikTok,Foto,Hiburan,450,835,112,6,13,0,3,0,134,Aug 2024
8/16/2024,X,Foto,Behind The Scene,150,520,13,2,1,0,4,0,20,Aug 2024
8/16/2024,TikTok,Story,Edukasi,100,404,15,0,0,1,1,0,17,Aug 2024
8/16/2024,X,Reel/Video Pendek,Edukasi,200,327,21,3,0,0,9,0,33,Aug 2024
8/16/2024,TikTok,Reel/Video Pendek,Behind The Scene,50,100,10,0,0,0,0,351125,10,Aug 2024
8/16/2024,TikTok,Reel/Video Pendek,Hiburan,450,1120,90,8,11,0,5,0,114,Aug 2024
8/16/2024,Instagram,Reel/Video Pendek,Edukasi,250,533,31,3,2,0,3,0,39,Aug 2024
8/16/2024,TikTok,Foto,Edukasi,50,169,10,0,0,0,2,0,12,Aug 2024
8/16/2024,Instagram,Carousel,Promosi,50,90,6,0,1,0,0,0,7,Aug 2024
8/16/2024,X,Foto,Edukasi,100,411,7,1,1,0,0,218226,9,Aug 2024
8/16/2024,Instagram,Story,Promosi,50,211,7,0,0,0,1,0,8,Aug 2024
8/17/2024,X,Carousel,Hiburan,50,83,1,0,1,0,0,0,2,Aug 2024
8/17/2024,Instagram,Carousel,Behind The Scene,50,67,8,0,0,0,0,0,8,Aug 2024
8/17/2024,TikTok,Carousel,Behind The Scene,100,128,12,0,1,4,1,888320,18,Aug 2024
8/17/2024,X,Story,Promosi,100,172,20,0,1,0,0,0,21,Aug 2024
8/17/2024,X,Foto,Behind The Scene,50,126,1,0,0,0,0,0,1,Aug 2024
8/17/2024,Instagram,Reel/Video Pendek,Hiburan,50,132,2,0,0,0,0,0,2,Aug 2024
8/18/2024,Facebook,Foto,Edukasi,250,542,8,2,3,8,1,162394,22,Aug 2024
8/18/2024,Instagram,Story,Hiburan,50,64,11,0,0,0,0,0,11,Aug 2024
8/18/2024,Facebook,Foto,Edukasi,50,114,7,0,0,2,0,0,9,Aug 2024
8/18/2024,Facebook,Reel/Video Pendek,Behind The Scene,50,212,2,0,0,0,0,0,2,Aug 2024
8/18/2024,TikTok,Carousel,Edukasi,50,79,4,0,0,0,0,3693888,4,Aug 2024
8/18/2024,Facebook,Story,Promosi,150,184,7,2,4,0,1,0,14,Aug 2024
8/18/2024,Facebook,Foto,Hiburan,100,161,7,1,2,0,2,0,12,Aug 2024
8/18/2024,X,Story,Edukasi,50,203,6,0,0,0,0,0,6,Aug 2024
8/18/2024,Facebook,Story,Behind The Scene,50,53,9,0,0,0,0,0,9,Aug 2024
8/19/2024,TikTok,Carousel,Hiburan,100,425,16,0,0,0,1,0,17,Aug 2024
8/19/2024,Facebook,Story,Edukasi,100,389,12,1,1,0,0,3506180,14,Aug 2024
8/19/2024,Instagram,Story,Edukasi,50,76,11,0,0,0,0,0,11,Aug 2024
8/19/2024,TikTok,Foto,Behind The Scene,50,161,2,0,0,0,0,248689,2,Aug 2024
8/19/2024,Instagram,Carousel,Promosi,50,99,8,0,0,0,2,2050196,10,Aug 2024
8/20/2024,Instagram,Foto,Hiburan,50,59,1,0,1,0,0,705486,2,Aug 2024
8/20/2024,X,Story,Edukasi,50,62,11,0,0,0,0,0,11,Aug 2024
8/20/2024,TikTok,Carousel,Hiburan,50,125,8,0,0,0,0,0,8,Aug 2024
8/20/2024,Facebook,Carousel,Behind The Scene,50,52,10,0,1,0,0,0,11,Aug 2024
8/20/2024,Facebook,Carousel,Hiburan,50,63,10,0,0,0,0,0,10,Aug 2024
8/20/2024,Facebook,Foto,Promosi,100,371,4,0,1,0,0,0,5,Aug 2024
8/20/2024,TikTok,Story,Hiburan,50,82,1,0,0,0,0,0,1,Aug 2024
8/20/2024,Instagram,Reel/Video Pendek,Behind The Scene,100,124,12,0,1,1,0,0,14,Aug 2024
8/20/2024,Facebook,Foto,Behind The Scene,200,683,24,0,4,0,1,0,29,Aug 2024
8/20/2024,Facebook,Reel/Video Pendek,Behind The Scene,50,200,7,0,1,0,0,0,8,Aug 2024
8/20/2024,Instagram,Carousel,Edukasi,100,232,22,0,0,0,1,55559,23,Aug 2024
8/20/2024,Instagram,Reel/Video Pendek,Edukasi,50,70,7,0,0,0,1,0,8,Aug 2024
8/20/2024,TikTok,Reel/Video Pendek,Behind The Scene,250,518,36,2,2,0,4,0,44,Aug 2024
8/21/2024,Facebook,Foto,Behind The Scene,50,223,4,0,0,0,0,118449,4,Aug 2024
8/21/2024,X,Carousel,Behind The Scene,2350,4439,249,45,11,0,4,129457,309,Aug 2024
8/21/2024,Facebook,Story,Behind The Scene,150,457,28,1,0,0,3,0,32,Aug 2024
8/21/2024,Facebook,Story,Behind The Scene,50,204,6,0,0,0,0,0,6,Aug 2024
8/21/2024,Instagram,Foto,Edukasi,150,339,28,1,1,0,2,0,32,Aug 2024
8/22/2024,Instagram,Reel/Video Pendek,Behind The Scene,100,183,12,1,2,0,2,1272793,17,Aug 2024
8/22/2024,TikTok,Reel/Video Pendek,Behind The Scene,50,106,5,0,0,0,0,53876,5,Aug 2024
8/22/2024,Facebook,Carousel,Hiburan,50,124,7,0,0,0,0,2190704,7,Aug 2024
8/22/2024,Facebook,Story,Promosi,850,1651,70,3,23,0,14,0,110,Aug 2024
8/22/2024,X,Reel/Video Pendek,Edukasi,400,728,92,1,10,8,13,0,124,Aug 2024
8/22/2024,Instagram,Story,Edukasi,450,887,29,8,12,0,4,0,53,Aug 2024
8/22/2024,TikTok,Story,Edukasi,500,2056,105,4,11,0,7,0,127,Aug 2024
8/22/2024,TikTok,Story,Hiburan,100,191,10,0,2,0,1,61758,13,Aug 2024
8/22/2024,Instagram,Story,Promosi,450,953,62,4,2,0,8,0,76,Aug 2024
8/22/2024,TikTok,Reel/Video Pendek,Hiburan,50,50,5,0,0,0,1,55436,6,Aug 2024
8/23/2024,TikTok,Foto,Hiburan,50,223,6,0,1,0,0,0,7,Aug 2024
8/23/2024,TikTok,Foto,Hiburan,50,74,9,0,0,0,0,0,9,Aug 2024
8/23/2024,Facebook,Story,Promosi,100,125,17,0,2,0,1,4622672,20,Aug 2024
8/23/2024,Facebook,Carousel,Promosi,50,167,6,0,1,0,0,0,7,Aug 2024
8/23/2024,TikTok,Story,Edukasi,50,76,8,0,0,0,0,0,8,Aug 2024
8/23/2024,X,Foto,Behind The Scene,50,119,11,0,1,0,0,0,12,Aug 2024
8/24/2024,Facebook,Reel/Video Pendek,Edukasi,50,116,7,0,1,0,0,373002,8,Aug 2024
8/24/2024,Facebook,Foto,Behind The Scene,50,69,10,0,1,0,0,0,11,Aug 2024
8/24/2024,TikTok,Story,Promosi,250,519,8,3,2,0,4,0,17,Aug 2024
8/24/2024,X,Story,Behind The Scene,50,68,4,0,0,0,0,0,4,Aug 2024
8/24/2024,X,Reel/Video Pendek,Edukasi,150,660,24,1,4,0,2,0,31,Aug 2024
8/24/2024,Instagram,Foto,Edukasi,200,205,7,2,0,8,3,0,20,Aug 2024
8/24/2024,X,Carousel,Behind The Scene,50,102,6,0,0,0,1,2380702,7,Aug 2024
8/24/2024,Facebook,Reel/Video Pendek,Edukasi,50,103,7,0,0,0,0,0,7,Aug 2024
8/25/2024,TikTok,Story,Edukasi,50,90,10,0,1,0,1,0,12,Aug 2024
8/25/2024,Facebook,Reel/Video Pendek,Behind The Scene,700,1525,84,2,9,0,14,303890,109,Aug 2024
8/25/2024,X,Story,Behind The Scene,50,70,7,0,0,2,0,947440,9,Aug 2024
8/25/2024,X,Foto,Promosi,450,834,61,1,10,0,8,390416,80,Aug 2024
8/25/2024,Facebook,Story,Behind The Scene,50,59,7,0,1,0,0,0,8,Aug 2024
8/26/2024,TikTok,Foto,Behind The Scene,100,166,13,1,1,2,1,0,18,Aug 2024
8/26/2024,TikTok,Reel/Video Pendek,Edukasi,50,116,5,0,1,0,0,183711,6,Aug 2024
8/26/2024,X,Foto,Edukasi,100,250,14,1,2,0,1,2137702,18,Aug 2024
8/26/2024,Instagram,Reel/Video Pendek,Promosi,150,205,15,2,2,6,0,0,25,Aug 2024
8/26/2024,TikTok,Reel/Video Pendek,Promosi,50,78,1,0,0,2,0,0,3,Aug 2024
8/26/2024,X,Foto,Promosi,150,234,33,1,4,0,2,142051,40,Aug 2024
8/26/2024,X,Foto,Edukasi,50,97,3,0,0,0,0,132953,3,Aug 2024
8/26/2024,TikTok,Story,Behind The Scene,50,122,2,0,0,0,1,0,3,Aug 2024
8/26/2024,X,Carousel,Hiburan,2050,4835,505,11,49,41,39,0,645,Aug 2024
8/27/2024,Facebook,Reel/Video Pendek,Hiburan,50,77,11,0,1,1,0,0,13,Aug 2024
8/27/2024,X,Story,Promosi,50,93,7,0,0,0,0,0,7,Aug 2024
8/28/2024,X,Story,Behind The Scene,50,77,9,0,0,1,0,62880,10,Aug 2024
8/28/2024,TikTok,Reel/Video Pendek,Behind The Scene,50,61,5,0,0,0,0,0,5,Aug 2024
8/28/2024,X,Reel/Video Pendek,Edukasi,50,180,1,0,0,0,0,0,1,Aug 2024
8/29/2024,Facebook,Carousel,Edukasi,100,238,14,1,1,0,5,0,21,Aug 2024
8/29/2024,Facebook,Foto,Edukasi,50,124,8,0,0,0,0,165946,8,Aug 2024
8/29/2024,Instagram,Reel/Video Pendek,Promosi,100,280,21,0,1,0,0,285970,22,Aug 2024
8/29/2024,TikTok,Reel/Video Pendek,Hiburan,550,959,86,3,0,0,16,286090,105,Aug 2024
8/29/2024,TikTok,Carousel,Promosi,300,315,64,4,3,0,5,99551,76,Aug 2024
8/29/2024,TikTok,Reel/Video Pendek,Promosi,50,198,5,0,0,2,0,0,7,Aug 2024
8/29/2024,TikTok,Carousel,Promosi,250,465,60,4,0,10,2,0,76,Aug 2024
8/29/2024,TikTok,Foto,Edukasi,1750,3923,74,7,30,11,18,0,140,Aug 2024
8/29/2024,Instagram,Story,Edukasi,50,163,2,0,0,0,0,0,2,Aug 2024
8/29/2024,TikTok,Carousel,Hiburan,150,288,30,2,3,0,2,0,37,Aug 2024
8/30/2024,Facebook,Story,Promosi,50,117,9,0,1,0,0,0,10,Aug 2024
8/30/2024,Instagram,Story,Promosi,150,671,36,2,4,0,3,0,45,Aug 2024
8/30/2024,Facebook,Story,Behind The Scene,50,122,4,0,0,1,0,2001678,5,Aug 2024
8/30/2024,Instagram,Foto,Edukasi,550,1128,49,7,13,0,7,0,76,Aug 2024
8/30/2024,X,Carousel,Promosi,50,86,11,0,1,0,1,129524,13,Aug 2024
8/31/2024,X,Reel/Video Pendek,Edukasi,50,121,3,0,0,0,1,0,4,Aug 2024
8/31/2024,Facebook,Story,Promosi,100,234,23,1,2,0,0,772756,26,Aug 2024
8/31/2024,Facebook,Story,Behind The Scene,300,335,12,3,2,7,12,0,36,Aug 2024
8/31/2024,Facebook,Carousel,Behind The Scene,50,75,4,0,1,0,0,0,5,Aug 2024
8/31/2024,Instagram,Foto,Hiburan,50,130,6,0,0,0,0,0,6,Aug 2024
9/1/2024,Instagram,Foto,Promosi,150,356,20,1,4,7,2,0,34,Sep 2024
9/1/2024,Facebook,Reel/Video Pendek,Hiburan,50,79,10,0,0,1,0,1075097,11,Sep 2024
9/1/2024,X,Story,Behind The Scene,50,52,7,0,0,2,0,0,9,Sep 2024
9/1/2024,Facebook,Reel/Video Pendek,Hiburan,200,355,23,2,3,0,3,0,31,Sep 2024
9/1/2024,TikTok,Carousel,Hiburan,50,148,11,0,0,0,0,0,11,Sep 2024
9/2/2024,TikTok,Reel/Video Pendek,Edukasi,10700,25420,927,74,196,0,203,0,1400,Sep 2024
9/2/2024,Instagram,Foto,Behind The Scene,150,527,14,2,2,0,0,0,18,Sep 2024
9/2/2024,Instagram,Carousel,Edukasi,350,832,27,6,1,6,1,0,41,Sep 2024
9/2/2024,TikTok,Reel/Video Pendek,Behind The Scene,200,811,49,2,5,0,1,0,57,Sep 2024
9/2/2024,TikTok,Foto,Promosi,150,430,32,1,1,0,2,616101,36,Sep 2024
9/3/2024,TikTok,Story,Edukasi,50,111,8,0,1,1,0,0,10,Sep 2024
9/3/2024,Instagram,Foto,Edukasi,50,116,5,0,0,1,0,806192,6,Sep 2024
9/3/2024,Facebook,Carousel,Behind The Scene,50,119,10,0,0,0,0,0,10,Sep 2024
9/3/2024,X,Story,Behind The Scene,50,57,10,0,0,0,0,0,10,Sep 2024
9/3/2024,TikTok,Foto,Hiburan,50,109,11,0,1,1,0,3562296,13,Sep 2024
9/3/2024,Facebook,Foto,Promosi,100,155,16,1,1,0,0,0,18,Sep 2024
9/3/2024,Facebook,Foto,Promosi,100,397,6,1,0,4,0,1539232,11,Sep 2024
9/3/2024,Instagram,Reel/Video Pendek,Behind The Scene,150,329,12,0,4,0,2,0,18,Sep 2024
9/3/2024,Instagram,Carousel,Edukasi,50,125,3,0,0,0,0,2321708,3,Sep 2024
9/3/2024,Instagram,Carousel,Hiburan,50,175,2,0,0,0,0,169475,2,Sep 2024
9/4/2024,X,Reel/Video Pendek,Hiburan,50,162,5,0,0,0,0,0,5,Sep 2024
9/4/2024,TikTok,Reel/Video Pendek,Promosi,100,407,6,1,2,0,1,0,10,Sep 2024
9/4/2024,Instagram,Story,Behind The Scene,200,306,40,1,0,0,0,2488719,41,Sep 2024
9/4/2024,TikTok,Foto,Hiburan,50,93,7,0,0,0,1,0,8,Sep 2024
9/4/2024,X,Foto,Promosi,50,113,8,0,1,2,1,562508,12,Sep 2024
9/4/2024,Instagram,Reel/Video Pendek,Hiburan,100,329,21,1,1,3,0,0,26,Sep 2024
9/5/2024,Facebook,Reel/Video Pendek,Edukasi,1050,1615,184,1,6,0,20,1308853,211,Sep 2024
9/5/2024,X,Foto,Hiburan,50,75,9,0,0,0,0,0,9,Sep 2024
9/6/2024,TikTok,Reel/Video Pendek,Promosi,50,90,12,0,0,0,0,0,12,Sep 2024
9/6/2024,X,Story,Behind The Scene,50,111,12,0,1,0,0,0,13,Sep 2024
9/6/2024,X,Foto,Behind The Scene,50,117,5,0,0,2,0,0,7,Sep 2024
9/6/2024,Facebook,Foto,Promosi,50,123,2,0,0,0,0,0,2,Sep 2024
9/6/2024,X,Story,Behind The Scene,150,250,12,2,2,0,2,0,18,Sep 2024
9/6/2024,TikTok,Foto,Behind The Scene,200,349,46,0,2,0,2,0,50,Sep 2024
9/6/2024,X,Reel/Video Pendek,Edukasi,50,113,5,0,0,1,0,0,6,Sep 2024
9/7/2024,Instagram,Reel/Video Pendek,Promosi,50,106,8,0,0,0,1,0,9,Sep 2024
9/7/2024,X,Story,Hiburan,50,99,2,0,0,0,1,0,3,Sep 2024
9/7/2024,Facebook,Carousel,Hiburan,150,309,12,2,1,0,0,0,15,Sep 2024
9/7/2024,TikTok,Foto,Edukasi,50,163,10,0,1,0,0,0,11,Sep 2024
9/7/2024,X,Foto,Behind The Scene,50,118,6,0,1,0,0,3079140,7,Sep 2024
9/7/2024,Facebook,Reel/Video Pendek,Hiburan,50,147,6,0,0,0,0,0,6,Sep 2024
9/7/2024,Instagram,Story,Behind The Scene,50,103,7,0,0,2,0,0,9,Sep 2024
9/7/2024,TikTok,Story,Edukasi,50,195,12,0,1,0,0,0,13,Sep 2024
9/8/2024,Instagram,Foto,Promosi,50,159,12,0,0,0,0,0,12,Sep 2024
9/8/2024,TikTok,Foto,Hiburan,50,117,1,0,1,0,0,0,2,Sep 2024
9/8/2024,X,Reel/Video Pendek,Hiburan,50,84,6,0,0,0,0,155389,6,Sep 2024
9/8/2024,Facebook,Foto,Hiburan,50,113,8,0,0,0,1,1689760,9,Sep 2024
9/8/2024,TikTok,Carousel,Behind The Scene,50,120,7,0,0,0,0,0,7,Sep 2024
9/8/2024,X,Reel/Video Pendek,Edukasi,100,204,19,0,2,1,2,0,24,Sep 2024
9/9/2024,Instagram,Foto,Promosi,100,105,17,1,0,0,0,0,18,Sep 2024
9/9/2024,Instagram,Carousel,Behind The Scene,50,77,10,0,0,0,1,383354,11,Sep 2024
9/9/2024,Facebook,Story,Edukasi,50,105,3,0,0,0,0,460808,3,Sep 2024
9/9/2024,Instagram,Foto,Promosi,350,1523,28,0,7,0,3,0,38,Sep 2024
9/9/2024,Facebook,Reel/Video Pendek,Edukasi,50,117,10,0,1,0,1,0,12,Sep 2024
9/9/2024,Instagram,Carousel,Hiburan,350,1222,14,4,4,0,6,0,28,Sep 2024
9/9/2024,Facebook,Reel/Video Pendek,Hiburan,150,260,35,1,2,0,1,0,39,Sep 2024
9/9/2024,Facebook,Reel/Video Pendek,Hiburan,100,181,6,0,1,0,2,0,9,Sep 2024
9/9/2024,Facebook,Carousel,Hiburan,50,111,7,0,1,0,0,921510,8,Sep 2024
9/10/2024,Facebook,Reel/Video Pendek,Promosi,50,124,5,0,0,1,1,1214404,7,Sep 2024
9/10/2024,TikTok,Carousel,Hiburan,100,211,22,1,1,4,1,68396,29,Sep 2024
9/10/2024,Facebook,Carousel,Promosi,650,1472,43,5,2,0,8,0,58,Sep 2024
9/10/2024,Facebook,Foto,Behind The Scene,50,201,8,0,0,0,0,0,8,Sep 2024
9/10/2024,Facebook,Carousel,Edukasi,200,574,21,3,5,0,3,0,32,Sep 2024
9/10/2024,Instagram,Carousel,Promosi,50,198,9,0,0,0,1,1013895,10,Sep 2024
9/10/2024,Facebook,Reel/Video Pendek,Behind The Scene,100,354,6,0,1,2,2,948362,11,Sep 2024
9/10/2024,TikTok,Story,Hiburan,100,244,12,1,2,0,1,0,16,Sep 2024
9/10/2024,Instagram,Foto,Behind The Scene,50,86,11,0,1,0,2,0,14,Sep 2024
9/10/2024,Instagram,Reel/Video Pendek,Promosi,50,152,7,0,0,0,0,597026,7,Sep 2024
9/10/2024,Facebook,Story,Behind The Scene,50,79,8,0,1,0,0,0,9,Sep 2024
9/11/2024,Instagram,Story,Behind The Scene,50,52,5,0,0,2,0,0,7,Sep 2024
9/11/2024,Instagram,Story,Edukasi,100,182,10,0,2,0,0,0,12,Sep 2024
9/11/2024,X,Story,Behind The Scene,350,429,68,2,10,0,3,621153,83,Sep 2024
9/12/2024,TikTok,Foto,Promosi,50,116,7,0,0,0,0,0,7,Sep 2024
9/12/2024,Instagram,Carousel,Behind The Scene,500,1985,32,6,12,8,3,70182,61,Sep 2024
9/12/2024,Instagram,Carousel,Hiburan,50,91,11,0,0,0,0,1756232,11,Sep 2024
9/12/2024,Instagram,Carousel,Hiburan,50,58,11,0,0,1,0,0,12,Sep 2024
9/12/2024,X,Carousel,Behind The Scene,50,128,11,0,0,0,0,0,11,Sep 2024
9/12/2024,TikTok,Carousel,Promosi,400,1593,27,5,5,0,5,496767,42,Sep 2024
9/12/2024,Facebook,Foto,Edukasi,50,75,9,0,1,0,0,51137,10,Sep 2024
9/12/2024,TikTok,Carousel,Promosi,50,62,3,0,0,0,0,97494,3,Sep 2024
9/13/2024,TikTok,Carousel,Behind The Scene,50,54,10,0,0,0,0,0,10,Sep 2024
9/13/2024,Facebook,Carousel,Promosi,400,948,12,3,8,0,9,0,32,Sep 2024
9/13/2024,Facebook,Reel/Video Pendek,Promosi,50,205,8,0,0,0,0,306691,8,Sep 2024
9/13/2024,Facebook,Carousel,Hiburan,50,156,3,0,0,0,0,73618,3,Sep 2024
9/14/2024,Facebook,Story,Promosi,100,159,7,0,0,0,0,0,7,Sep 2024
9/14/2024,X,Foto,Edukasi,50,111,8,0,0,0,0,0,8,Sep 2024
9/14/2024,TikTok,Foto,Hiburan,50,95,4,0,0,0,0,184737,4,Sep 2024
9/14/2024,Facebook,Foto,Behind The Scene,50,140,7,0,0,0,0,366149,7,Sep 2024
9/14/2024,Facebook,Carousel,Promosi,50,170,6,0,0,0,0,0,6,Sep 2024
9/15/2024,X,Reel/Video Pendek,Hiburan,450,1036,99,5,11,0,3,0,118,Sep 2024
9/15/2024,X,Story,Hiburan,50,181,2,0,0,0,0,0,2,Sep 2024
9/15/2024,Facebook,Carousel,Hiburan,350,1181,42,2,3,0,2,0,49,Sep 2024
9/15/2024,Instagram,Reel/Video Pendek,Edukasi,50,132,4,0,1,1,0,0,6,Sep 2024
9/15/2024,Facebook,Foto,Promosi,50,196,6,0,0,0,1,774340,7,Sep 2024
9/15/2024,Instagram,Story,Edukasi,50,109,8,0,1,0,0,0,9,Sep 2024
9/16/2024,X,Reel/Video Pendek,Behind The Scene,50,82,8,0,1,0,0,0,9,Sep 2024
9/16/2024,X,Carousel,Edukasi,50,86,7,0,0,0,0,0,7,Sep 2024
9/16/2024,X,Carousel,Edukasi,50,54,12,0,1,0,0,0,13,Sep 2024
9/16/2024,TikTok,Carousel,Promosi,1800,2104,168,1,52,0,4,0,225,Sep 2024
9/16/2024,Facebook,Story,Behind The Scene,100,132,13,0,2,4,1,0,20,Sep 2024
9/16/2024,Instagram,Reel/Video Pendek,Promosi,1150,4158,189,14,27,0,20,4276577,250,Sep 2024
9/16/2024,Instagram,Story,Behind The Scene,50,60,2,0,1,0,0,50646,3,Sep 2024
9/16/2024,TikTok,Carousel,Edukasi,50,59,3,0,0,0,0,0,3,Sep 2024
9/16/2024,Facebook,Story,Hiburan,50,61,10,0,0,0,1,0,11,Sep 2024
9/17/2024,Facebook,Carousel,Promosi,150,399,22,2,1,0,1,0,26,Sep 2024
9/17/2024,X,Foto,Edukasi,50,73,11,0,1,0,0,153055,12,Sep 2024
9/17/2024,Facebook,Story,Behind The Scene,100,196,4,1,2,0,2,0,9,Sep 2024
9/17/2024,Instagram,Carousel,Edukasi,50,210,4,0,0,0,0,0,4,Sep 2024
9/17/2024,TikTok,Story,Hiburan,50,93,8,0,0,0,0,0,8,Sep 2024
9/17/2024,Instagram,Reel/Video Pendek,Behind The Scene,150,159,36,1,3,0,0,0,40,Sep 2024
9/17/2024,X,Carousel,Hiburan,50,79,6,0,1,0,0,0,7,Sep 2024
9/17/2024,Instagram,Foto,Hiburan,50,59,6,0,0,0,0,77965,6,Sep 2024
9/17/2024,Facebook,Carousel,Promosi,50,62,10,0,0,0,1,432901,11,Sep 2024
9/18/2024,TikTok,Foto,Behind The Scene,100,123,5,1,1,3,1,2746849,11,Sep 2024
9/18/2024,X,Story,Promosi,550,1155,61,1,12,16,1,3997151,91,Sep 2024
9/18/2024,Instagram,Carousel,Hiburan,50,70,6,0,0,0,0,1944638,6,Sep 2024
9/18/2024,TikTok,Reel/Video Pendek,Promosi,100,253,16,1,0,0,0,0,17,Sep 2024
9/18/2024,TikTok,Reel/Video Pendek,Behind The Scene,50,55,8,0,0,0,0,0,8,Sep 2024
9/18/2024,Facebook,Story,Hiburan,50,104,11,0,0,0,0,0,11,Sep 2024
9/18/2024,Instagram,Reel/Video Pendek,Edukasi,150,627,19,0,1,4,0,103895,24,Sep 2024
9/19/2024,Instagram,Carousel,Behind The Scene,50,104,7,0,1,2,0,4127410,10,Sep 2024
9/19/2024,Facebook,Story,Promosi,400,488,77,5,9,0,10,79860,101,Sep 2024
9/19/2024,X,Story,Edukasi,50,92,9,0,0,0,0,0,9,Sep 2024
9/19/2024,Instagram,Reel/Video Pendek,Behind The Scene,450,730,24,8,3,0,2,0,37,Sep 2024
9/19/2024,X,Foto,Hiburan,100,217,17,1,1,0,1,0,20,Sep 2024
9/20/2024,TikTok,Story,Edukasi,50,187,9,0,0,2,0,0,11,Sep 2024
9/20/2024,X,Foto,Hiburan,150,340,10,0,0,5,1,0,16,Sep 2024
9/20/2024,Facebook,Reel/Video Pendek,Behind The Scene,100,150,15,1,1,2,3,0,22,Sep 2024
9/20/2024,Instagram,Foto,Hiburan,200,875,10,0,4,1,2,0,17,Sep 2024
9/20/2024,Facebook,Reel/Video Pendek,Hiburan,50,65,11,0,0,2,0,477939,13,Sep 2024
9/20/2024,TikTok,Story,Edukasi,100,243,16,0,1,0,0,0,17,Sep 2024
9/20/2024,Facebook,Carousel,Promosi,350,590,22,5,3,0,2,0,32,Sep 2024
9/20/2024,TikTok,Story,Edukasi,50,164,2,0,0,0,0,0,2,Sep 2024
9/21/2024,TikTok,Carousel,Hiburan,200,347,32,2,1,0,7,0,42,Sep 2024
9/21/2024,X,Foto,Promosi,50,114,12,0,0,0,0,57239,12,Sep 2024
9/21/2024,Instagram,Reel/Video Pendek,Promosi,50,107,9,0,0,0,0,0,9,Sep 2024
9/21/2024,Instagram,Story,Edukasi,50,184,2,0,0,0,0,0,2,Sep 2024
9/21/2024,Facebook,Reel/Video Pendek,Hiburan,50,218,9,0,0,0,0,0,9,Sep 2024
9/21/2024,TikTok,Carousel,Promosi,50,112,2,0,0,0,0,0,2,Sep 2024
9/21/2024,TikTok,Foto,Promosi,50,84,5,0,1,0,0,0,6,Sep 2024
9/22/2024,X,Reel/Video Pendek,Promosi,50,143,7,0,0,0,0,0,7,Sep 2024
9/22/2024,Facebook,Story,Promosi,100,344,13,1,0,0,0,643457,14,Sep 2024
9/22/2024,Instagram,Story,Promosi,350,1044,63,0,2,4,15,78389,84,Sep 2024
9/22/2024,Facebook,Reel/Video Pendek,Hiburan,50,123,3,0,0,1,0,0,4,Sep 2024
9/22/2024,X,Story,Promosi,50,99,8,0,0,0,0,3264791,8,Sep 2024
9/22/2024,Facebook,Foto,Edukasi,50,111,11,0,0,0,2,0,13,Sep 2024
9/23/2024,TikTok,Reel/Video Pendek,Edukasi,50,60,1,0,0,0,0,0,1,Sep 2024
9/23/2024,TikTok,Foto,Behind The Scene,400,1462,92,6,2,12,17,94856,129,Sep 2024
9/23/2024,Facebook,Reel/Video Pendek,Edukasi,50,98,8,0,0,0,0,684845,8,Sep 2024
9/23/2024,Instagram,Foto,Promosi,50,58,12,0,1,0,0,0,13,Sep 2024
9/23/2024,Instagram,Reel/Video Pendek,Behind The Scene,350,358,22,3,0,0,12,980485,37,Sep 2024
9/24/2024,Facebook,Reel/Video Pendek,Edukasi,800,1412,100,12,14,0,20,0,146,Sep 2024
9/24/2024,Instagram,Foto,Edukasi,50,83,11,0,0,2,0,0,13,Sep 2024
9/24/2024,Facebook,Story,Behind The Scene,100,171,17,1,0,4,0,128565,22,Sep 2024
9/24/2024,Instagram,Reel/Video Pendek,Behind The Scene,50,114,3,0,1,0,0,813506,4,Sep 2024
9/24/2024,Facebook,Reel/Video Pendek,Edukasi,50,121,11,0,0,0,0,0,11,Sep 2024
9/24/2024,Facebook,Story,Behind The Scene,50,82,11,0,1,0,0,0,12,Sep 2024
9/24/2024,Instagram,Foto,Behind The Scene,50,63,8,0,1,1,0,0,10,Sep 2024
9/24/2024,Instagram,Foto,Hiburan,300,371,19,5,1,0,3,79635,28,Sep 2024
9/24/2024,Facebook,Reel/Video Pendek,Promosi,100,224,4,0,0,0,1,0,5,Sep 2024
9/24/2024,Instagram,Reel/Video Pendek,Hiburan,200,445,22,2,4,0,1,177809,29,Sep 2024
9/24/2024,X,Carousel,Hiburan,50,94,8,0,0,0,0,1638956,8,Sep 2024
9/24/2024,TikTok,Story,Behind The Scene,50,67,3,0,0,0,0,0,3,Sep 2024
9/24/2024,Instagram,Carousel,Edukasi,100,167,23,1,0,0,0,0,24,Sep 2024
9/25/2024,Instagram,Foto,Promosi,50,175,8,0,0,0,1,0,9,Sep 2024
9/25/2024,X,Reel/Video Pendek,Promosi,50,103,11,0,0,0,1,0,12,Sep 2024
9/25/2024,TikTok,Carousel,Behind The Scene,50,90,6,0,0,0,0,0,6,Sep 2024
9/25/2024,TikTok,Story,Behind The Scene,50,169,7,0,0,0,2,0,9,Sep 2024
9/25/2024,Instagram,Story,Edukasi,50,184,8,0,1,0,0,2000775,9,Sep 2024
9/26/2024,TikTok,Foto,Edukasi,50,98,4,0,0,0,0,0,4,Sep 2024
9/26/2024,TikTok,Carousel,Behind The Scene,100,181,8,1,0,0,1,0,10,Sep 2024
9/26/2024,X,Story,Edukasi,200,435,18,3,0,0,0,1952990,21,Sep 2024
9/26/2024,TikTok,Reel/Video Pendek,Promosi,50,212,10,0,1,0,0,0,11,Sep 2024
9/26/2024,Facebook,Reel/Video Pendek,Edukasi,150,157,26,1,3,5,1,1163259,36,Sep 2024
9/26/2024,Instagram,Reel/Video Pendek,Promosi,50,122,10,0,0,0,0,0,10,Sep 2024
9/26/2024,X,Foto,Behind The Scene,100,251,4,0,1,0,2,0,7,Sep 2024
9/26/2024,TikTok,Foto,Edukasi,50,82,11,0,0,0,1,0,12,Sep 2024
9/27/2024,Facebook,Foto,Promosi,50,109,10,0,0,0,0,0,10,Sep 2024
9/27/2024,X,Foto,Behind The Scene,450,919,23,3,1,0,8,0,35,Sep 2024
9/27/2024,X,Foto,Behind The Scene,50,122,5,0,1,0,0,0,6,Sep 2024
9/27/2024,TikTok,Carousel,Promosi,50,51,10,0,0,1,0,746652,11,Sep 2024
9/27/2024,Instagram,Story,Edukasi,50,169,8,0,0,0,1,0,9,Sep 2024
9/27/2024,TikTok,Foto,Edukasi,100,169,5,1,0,0,1,0,7,Sep 2024
9/27/2024,TikTok,Story,Behind The Scene,50,100,5,0,0,1,0,0,6,Sep 2024
9/27/2024,Facebook,Story,Promosi,100,194,13,0,2,0,0,66478,15,Sep 2024
9/28/2024,Instagram,Reel/Video Pendek,Behind The Scene,100,272,9,0,0,0,0,0,9,Sep 2024
9/28/2024,Facebook,Reel/Video Pendek,Hiburan,250,606,50,3,2,0,9,412558,64,Sep 2024
9/28/2024,TikTok,Reel/Video Pendek,Edukasi,50,111,4,0,0,0,0,0,4,Sep 2024
9/28/2024,Facebook,Story,Promosi,50,82,7,0,0,2,1,0,10,Sep 2024
9/28/2024,X,Story,Edukasi,50,50,5,0,0,0,0,1939087,5,Sep 2024
9/28/2024,Facebook,Story,Promosi,350,767,62,1,0,0,5,0,68,Sep 2024
9/29/2024,Facebook,Story,Promosi,250,622,41,4,2,0,11,0,58,Sep 2024
9/29/2024,X,Reel/Video Pendek,Edukasi,50,53,11,0,0,0,0,0,11,Sep 2024
9/29/2024,Instagram,Reel/Video Pendek,Edukasi,50,121,8,0,1,0,0,111895,9,Sep 2024
9/29/2024,Facebook,Foto,Promosi,50,93,3,0,0,0,0,3883057,3,Sep 2024
9/29/2024,Facebook,Reel/Video Pendek,Behind The Scene,50,102,6,0,1,0,0,0,7,Sep 2024
9/29/2024,Facebook,Carousel,Edukasi,1200,2269,194,18,32,0,13,0,257,Sep 2024
9/29/2024,X,Carousel,Behind The Scene,50,58,9,0,1,0,0,0,10,Sep 2024
9/29/2024,Facebook,Story,Edukasi,100,153,20,1,2,2,1,247978,26,Sep 2024
9/29/2024,X,Reel/Video Pendek,Behind The Scene,50,219,10,0,1,0,0,0,11,Sep 2024
9/29/2024,Facebook,Reel/Video Pendek,Promosi,50,93,12,0,1,2,0,0,15,Sep 2024
9/29/2024,Facebook,Foto,Hiburan,150,271,20,2,4,0,0,0,26,Sep 2024
9/29/2024,X,Carousel,Edukasi,50,107,7,0,0,0,0,0,7,Sep 2024
9/30/2024,TikTok,Reel/Video Pendek,Hiburan,500,1748,67,8,12,0,9,0,96,Sep 2024
9/30/2024,Instagram,Story,Edukasi,50,75,12,0,1,0,0,0,13,Sep 2024
9/30/2024,X,Foto,Hiburan,50,110,6,0,1,0,0,0,7,Sep 2024
9/30/2024,Instagram,Foto,Edukasi,50,190,4,0,0,2,0,0,6,Sep 2024
9/30/2024,TikTok,Foto,Promosi,50,194,8,0,0,0,0,0,8,Sep 2024
9/30/2024,TikTok,Story,Promosi,350,673,61,2,2,0,3,0,68,Sep 2024
9/30/2024,Instagram,Carousel,Edukasi,50,166,11,0,1,0,0,263409,12,Sep 2024
10/1/2024,X,Foto,Behind The Scene,100,345,12,0,1,0,4,0,17,Oct 2024
10/1/2024,X,Reel/Video Pendek,Edukasi,500,1807,81,7,1,0,17,791427,106,Oct 2024
10/1/2024,Facebook,Carousel,Behind The Scene,500,1134,86,6,12,0,4,968756,108,Oct 2024
10/2/2024,Facebook,Foto,Edukasi,50,87,6,0,0,2,0,0,8,Oct 2024
10/2/2024,Instagram,Story,Hiburan,50,77,10,0,0,0,0,691063,10,Oct 2024
10/2/2024,X,Carousel,Behind The Scene,50,87,10,0,0,0,0,0,10,Oct 2024
10/2/2024,TikTok,Story,Hiburan,100,216,19,1,0,0,1,3639578,21,Oct 2024
10/2/2024,TikTok,Foto,Edukasi,200,519,42,2,0,6,2,248190,52,Oct 2024
10/2/2024,TikTok,Reel/Video Pendek,Promosi,50,190,1,0,1,0,0,0,2,Oct 2024
10/2/2024,Instagram,Carousel,Edukasi,150,553,33,2,2,7,2,0,46,Oct 2024
10/2/2024,X,Foto,Edukasi,50,73,10,0,1,0,0,4652991,11,Oct 2024
10/3/2024,X,Story,Hiburan,100,174,16,1,0,0,0,51975,17,Oct 2024
10/3/2024,Facebook,Reel/Video Pendek,Behind The Scene,50,128,9,0,1,2,0,0,12,Oct 2024
10/3/2024,TikTok,Foto,Hiburan,4050,4772,990,80,114,0,52,0,1236,Oct 2024
10/3/2024,X,Story,Edukasi,50,191,1,0,1,0,1,3974515,3,Oct 2024
10/3/2024,Instagram,Foto,Hiburan,50,77,6,0,1,0,0,0,7,Oct 2024
10/3/2024,Facebook,Carousel,Promosi,100,241,19,0,2,0,1,0,22,Oct 2024
10/3/2024,Facebook,Foto,Edukasi,100,416,11,0,2,0,0,0,13,Oct 2024
10/3/2024,X,Reel/Video Pendek,Edukasi,50,77,7,0,1,0,0,608509,8,Oct 2024
10/3/2024,X,Foto,Hiburan,50,184,11,0,1,0,2,0,14,Oct 2024
10/3/2024,Facebook,Carousel,Hiburan,50,196,4,0,0,2,0,0,6,Oct 2024
10/3/2024,Facebook,Carousel,Edukasi,100,438,11,0,2,4,1,149425,18,Oct 2024
10/3/2024,Instagram,Reel/Video Pendek,Behind The Scene,100,100,21,0,2,0,0,182191,23,Oct 2024
10/3/2024,TikTok,Carousel,Edukasi,50,91,8,0,0,0,0,0,8,Oct 2024
10/3/2024,Instagram,Story,Behind The Scene,50,134,8,0,0,0,1,483055,9,Oct 2024
10/4/2024,Facebook,Foto,Hiburan,50,102,6,0,1,2,1,85581,10,Oct 2024
10/4/2024,Facebook,Reel/Video Pendek,Edukasi,100,129,20,1,0,0,1,0,22,Oct 2024
10/4/2024,Instagram,Carousel,Edukasi,50,161,4,0,0,2,0,0,6,Oct 2024
10/4/2024,X,Reel/Video Pendek,Promosi,350,1313,14,6,5,0,4,163381,29,Oct 2024
10/4/2024,TikTok,Story,Behind The Scene,50,62,11,0,0,0,0,0,11,Oct 2024
10/4/2024,TikTok,Foto,Behind The Scene,50,116,3,0,1,0,0,282711,4,Oct 2024
10/5/2024,Instagram,Foto,Hiburan,100,407,3,1,0,0,1,67383,5,Oct 2024
10/5/2024,Facebook,Foto,Behind The Scene,50,120,2,0,0,0,0,0,2,Oct 2024
10/5/2024,Instagram,Foto,Hiburan,50,177,1,0,1,1,0,2619686,3,Oct 2024
10/5/2024,Instagram,Foto,Edukasi,100,123,9,1,2,1,4,0,17,Oct 2024
10/5/2024,Facebook,Story,Edukasi,50,203,3,0,0,0,1,0,4,Oct 2024
10/5/2024,TikTok,Story,Promosi,50,58,8,0,0,2,0,0,10,Oct 2024
10/5/2024,X,Carousel,Behind The Scene,50,115,3,0,1,0,0,0,4,Oct 2024
10/6/2024,X,Carousel,Edukasi,50,76,7,0,0,0,0,1542699,7,Oct 2024
10/6/2024,Instagram,Reel/Video Pendek,Promosi,50,120,5,0,0,0,0,0,5,Oct 2024
10/6/2024,TikTok,Reel/Video Pendek,Hiburan,50,190,6,0,0,2,0,84863,8,Oct 2024
10/6/2024,X,Reel/Video Pendek,Edukasi,150,331,32,1,2,0,1,0,36,Oct 2024
10/6/2024,Facebook,Story,Promosi,100,238,19,0,0,0,0,0,19,Oct 2024
10/6/2024,Facebook,Foto,Edukasi,50,116,9,0,1,0,0,0,10,Oct 2024
10/7/2024,TikTok,Foto,Edukasi,100,163,10,0,0,4,0,4808022,14,Oct 2024
10/7/2024,X,Reel/Video Pendek,Promosi,50,93,9,0,1,0,0,0,10,Oct 2024
10/7/2024,X,Story,Edukasi,50,105,7,0,0,0,0,0,7,Oct 2024
10/7/2024,Instagram,Foto,Edukasi,50,75,11,0,1,0,0,0,12,Oct 2024
10/7/2024,TikTok,Foto,Behind The Scene,100,126,20,1,0,0,1,0,22,Oct 2024
10/8/2024,Facebook,Foto,Behind The Scene,100,107,6,0,2,0,0,0,8,Oct 2024
10/8/2024,X,Story,Behind The Scene,450,1727,78,1,5,0,7,0,91,Oct 2024
10/8/2024,X,Story,Behind The Scene,50,201,5,0,0,0,0,245122,5,Oct 2024
10/8/2024,X,Reel/Video Pendek,Promosi,50,84,10,0,0,0,0,0,10,Oct 2024
10/8/2024,TikTok,Foto,Promosi,150,272,28,2,1,0,2,0,33,Oct 2024
10/8/2024,Facebook,Carousel,Behind The Scene,50,199,8,0,1,0,0,1514168,9,Oct 2024
10/8/2024,Facebook,Foto,Hiburan,150,367,13,2,0,0,2,1575231,17,Oct 2024
10/9/2024,Facebook,Carousel,Edukasi,100,155,20,1,2,0,1,0,24,Oct 2024
10/9/2024,TikTok,Reel/Video Pendek,Edukasi,100,190,12,1,0,0,1,0,14,Oct 2024
10/9/2024,Instagram,Reel/Video Pendek,Promosi,50,120,12,0,1,0,0,408832,13,Oct 2024
10/9/2024,X,Reel/Video Pendek,Hiburan,800,2379,185,1,1,0,10,4624024,197,Oct 2024
10/9/2024,Facebook,Reel/Video Pendek,Edukasi,200,354,39,0,3,0,2,0,44,Oct 2024
10/9/2024,TikTok,Story,Edukasi,200,323,6,3,4,1,0,0,14,Oct 2024
10/9/2024,X,Story,Behind The Scene,50,92,6,0,0,0,0,393312,6,Oct 2024
10/9/2024,TikTok,Reel/Video Pendek,Promosi,50,76,3,0,1,1,1,0,6,Oct 2024
10/9/2024,TikTok,Foto,Promosi,100,166,17,1,1,1,3,0,23,Oct 2024
10/9/2024,Instagram,Foto,Hiburan,100,151,17,1,2,0,0,0,20,Oct 2024
10/9/2024,TikTok,Reel/Video Pendek,Hiburan,100,228,18,1,2,0,0,714247,21,Oct 2024
10/9/2024,Instagram,Story,Behind The Scene,50,145,12,0,0,0,0,0,12,Oct 2024
10/10/2024,TikTok,Foto,Hiburan,50,94,8,0,0,0,0,288572,8,Oct 2024
10/10/2024,TikTok,Story,Hiburan,50,119,3,0,1,0,0,563884,4,Oct 2024
10/10/2024,TikTok,Reel/Video Pendek,Edukasi,50,103,4,0,0,0,0,248462,4,Oct 2024
10/10/2024,TikTok,Carousel,Promosi,50,53,4,0,0,0,0,122533,4,Oct 2024
10/10/2024,X,Story,Edukasi,750,1211,89,9,17,0,0,0,115,Oct 2024
10/10/2024,Instagram,Story,Hiburan,50,61,12,0,0,0,0,55506,12,Oct 2024
10/11/2024,TikTok,Foto,Edukasi,150,650,7,1,2,0,0,186753,10,Oct 2024
10/11/2024,TikTok,Story,Edukasi,150,277,37,1,0,0,0,591399,38,Oct 2024
10/11/2024,Facebook,Carousel,Promosi,100,125,12,0,2,0,4,0,18,Oct 2024
10/11/2024,TikTok,Foto,Edukasi,50,103,10,0,1,0,0,0,11,Oct 2024
10/11/2024,Facebook,Story,Promosi,50,78,9,0,1,0,0,213529,10,Oct 2024
10/11/2024,TikTok,Story,Edukasi,50,71,9,0,0,0,0,0,9,Oct 2024
10/11/2024,Instagram,Story,Edukasi,150,292,23,0,2,0,2,0,27,Oct 2024
10/11/2024,TikTok,Story,Promosi,50,126,8,0,0,1,0,0,9,Oct 2024
10/12/2024,Instagram,Carousel,Promosi,300,753,10,2,4,8,6,0,30,Oct 2024
10/12/2024,TikTok,Story,Promosi,50,116,5,0,0,0,0,0,5,Oct 2024
10/12/2024,X,Carousel,Hiburan,100,193,10,0,2,0,1,84681,13,Oct 2024
10/12/2024,Instagram,Carousel,Hiburan,100,230,21,0,0,0,1,0,22,Oct 2024
10/12/2024,X,Carousel,Behind The Scene,100,222,8,1,0,0,0,0,9,Oct 2024
10/13/2024,Instagram,Story,Promosi,100,299,17,0,2,4,1,52271,24,Oct 2024
10/13/2024,X,Reel/Video Pendek,Hiburan,50,120,5,0,0,1,0,0,6,Oct 2024
10/13/2024,Facebook,Reel/Video Pendek,Edukasi,250,784,12,4,4,0,2,0,22,Oct 2024
10/13/2024,X,Foto,Promosi,150,276,31,0,3,0,2,380136,36,Oct 2024
10/13/2024,X,Story,Promosi,150,259,19,0,1,0,6,0,26,Oct 2024
10/13/2024,Instagram,Story,Behind The Scene,50,103,8,0,1,2,0,118890,11,Oct 2024
10/13/2024,Facebook,Story,Behind The Scene,50,89,3,0,0,0,0,269538,3,Oct 2024
10/13/2024,Facebook,Reel/Video Pendek,Edukasi,250,488,45,2,1,12,6,0,66,Oct 2024
10/14/2024,Facebook,Foto,Promosi,50,132,4,0,0,0,0,0,4,Oct 2024
10/14/2024,TikTok,Reel/Video Pendek,Behind The Scene,50,107,9,0,0,0,0,729679,9,Oct 2024
10/14/2024,Instagram,Foto,Promosi,100,140,15,0,1,4,1,276884,21,Oct 2024
10/14/2024,Instagram,Foto,Hiburan,50,97,6,0,0,0,0,0,6,Oct 2024
10/14/2024,X,Foto,Behind The Scene,50,194,9,0,1,0,0,265910,10,Oct 2024
10/14/2024,X,Carousel,Edukasi,50,91,11,0,1,1,0,0,13,Oct 2024
10/14/2024,X,Story,Hiburan,300,575,30,0,6,0,3,0,39,Oct 2024
10/14/2024,Facebook,Foto,Promosi,50,89,9,0,0,0,0,0,9,Oct 2024
10/14/2024,X,Reel/Video Pendek,Hiburan,50,166,7,0,1,0,0,317190,8,Oct 2024
10/14/2024,X,Foto,Hiburan,350,665,86,5,9,0,6,268086,106,Oct 2024
10/15/2024,X,Story,Behind The Scene,50,63,4,0,0,0,1,0,5,Oct 2024
10/15/2024,X,Story,Hiburan,50,117,9,0,1,0,1,0,11,Oct 2024
10/15/2024,X,Story,Edukasi,200,389,46,1,3,0,3,553888,53,Oct 2024
10/15/2024,Instagram,Carousel,Behind The Scene,150,320,27,0,0,0,2,369922,29,Oct 2024
10/15/2024,Facebook,Story,Edukasi,50,59,10,0,0,0,2,0,12,Oct 2024
10/15/2024,Facebook,Foto,Edukasi,100,423,14,0,0,0,0,0,14,Oct 2024
10/15/2024,TikTok,Foto,Hiburan,100,245,11,0,2,0,1,0,14,Oct 2024
10/15/2024,Facebook,Carousel,Behind The Scene,50,77,5,0,0,1,0,0,6,Oct 2024
10/15/2024,Instagram,Carousel,Promosi,50,148,10,0,0,0,0,0,10,Oct 2024
10/15/2024,X,Foto,Hiburan,200,855,35,2,3,0,0,534138,40,Oct 2024
10/15/2024,Instagram,Carousel,Edukasi,150,248,20,1,1,0,0,0,22,Oct 2024
10/15/2024,Facebook,Foto,Edukasi,150,194,19,1,4,0,0,0,24,Oct 2024
10/15/2024,TikTok,Carousel,Hiburan,50,160,5,0,0,0,0,67061,5,Oct 2024
10/16/2024,Facebook,Carousel,Edukasi,50,65,5,0,0,0,0,0,5,Oct 2024
10/16/2024,Facebook,Carousel,Promosi,50,153,9,0,1,0,0,76286,10,Oct 2024
10/16/2024,Instagram,Story,Hiburan,100,420,24,0,2,0,1,0,27,Oct 2024
10/16/2024,Facebook,Foto,Promosi,2350,4240,542,29,28,0,22,0,621,Oct 2024
10/16/2024,Instagram,Foto,Edukasi,50,117,12,0,1,0,0,0,13,Oct 2024
10/17/2024,Facebook,Foto,Edukasi,50,145,5,0,0,0,0,0,5,Oct 2024
10/17/2024,X,Story,Promosi,200,293,16,3,5,0,1,606230,25,Oct 2024
10/17/2024,Facebook,Reel/Video Pendek,Edukasi,50,223,7,0,1,0,0,0,8,Oct 2024
10/17/2024,Facebook,Foto,Hiburan,650,1487,48,1,19,0,5,0,73,Oct 2024
10/18/2024,TikTok,Foto,Edukasi,50,194,12,0,0,0,0,4751626,12,Oct 2024
10/18/2024,Instagram,Foto,Edukasi,50,189,11,0,1,0,0,0,12,Oct 2024
10/18/2024,Facebook,Reel/Video Pendek,Hiburan,50,57,5,0,0,0,0,263203,5,Oct 2024
10/18/2024,Instagram,Carousel,Behind The Scene,350,362,48,6,0,0,1,0,55,Oct 2024
10/19/2024,X,Story,Edukasi,100,397,7,0,1,0,1,0,9,Oct 2024
10/19/2024,TikTok,Story,Hiburan,50,125,10,0,0,0,0,4687536,10,Oct 2024
10/19/2024,TikTok,Carousel,Hiburan,50,74,6,0,1,0,2,3663734,9,Oct 2024
10/19/2024,X,Foto,Promosi,100,364,15,0,2,1,0,0,18,Oct 2024
10/19/2024,Facebook,Foto,Promosi,150,194,37,2,0,0,2,0,41,Oct 2024
10/19/2024,X,Story,Behind The Scene,50,203,11,0,0,0,0,0,11,Oct 2024
10/19/2024,Instagram,Reel/Video Pendek,Edukasi,50,80,10,0,1,0,0,0,11,Oct 2024
10/20/2024,Instagram,Carousel,Promosi,50,68,8,0,0,0,0,0,8,Oct 2024
10/20/2024,Instagram,Carousel,Promosi,50,108,6,0,0,0,0,0,6,Oct 2024
10/20/2024,TikTok,Foto,Edukasi,50,221,4,0,0,0,2,0,6,Oct 2024
10/20/2024,Instagram,Foto,Edukasi,50,89,7,0,1,0,0,539273,8,Oct 2024
10/20/2024,Facebook,Carousel,Hiburan,50,96,10,0,0,0,0,0,10,Oct 2024
10/20/2024,Facebook,Reel/Video Pendek,Edukasi,50,115,5,0,0,0,0,0,5,Oct 2024
10/21/2024,TikTok,Reel/Video Pendek,Promosi,150,653,21,2,0,0,2,0,25,Oct 2024
10/21/2024,TikTok,Story,Promosi,50,220,5,0,0,0,0,0,5,Oct 2024
10/21/2024,TikTok,Story,Edukasi,50,145,6,0,0,0,0,0,6,Oct 2024
10/21/2024,TikTok,Story,Behind The Scene,50,60,9,0,0,0,0,0,9,Oct 2024
10/21/2024,X,Foto,Edukasi,50,131,11,0,1,0,0,0,12,Oct 2024
10/21/2024,Facebook,Foto,Promosi,50,82,5,0,1,0,0,0,6,Oct 2024
10/21/2024,TikTok,Story,Behind The Scene,50,104,8,0,0,0,0,0,8,Oct 2024
10/21/2024,X,Foto,Promosi,50,99,4,0,0,1,0,329005,5,Oct 2024
10/22/2024,X,Story,Hiburan,400,1283,85,5,4,0,14,0,108,Oct 2024
10/22/2024,Instagram,Story,Promosi,50,53,4,0,1,0,0,0,5,Oct 2024
10/22/2024,X,Story,Hiburan,50,223,11,0,0,2,0,69325,13,Oct 2024
10/22/2024,X,Reel/Video Pendek,Edukasi,100,216,4,1,1,0,0,0,6,Oct 2024
10/22/2024,X,Story,Promosi,100,305,14,0,0,0,0,352783,14,Oct 2024
10/22/2024,Facebook,Reel/Video Pendek,Edukasi,50,98,7,0,0,1,0,0,8,Oct 2024
10/22/2024,X,Carousel,Promosi,50,140,4,0,0,0,0,4740089,4,Oct 2024
10/22/2024,Facebook,Foto,Edukasi,50,109,10,0,0,0,0,0,10,Oct 2024
10/22/2024,Instagram,Carousel,Edukasi,50,85,10,0,0,0,0,0,10,Oct 2024
10/22/2024,Instagram,Reel/Video Pendek,Behind The Scene,50,84,7,0,0,0,1,0,8,Oct 2024
10/22/2024,TikTok,Foto,Behind The Scene,50,85,3,0,0,0,0,0,3,Oct 2024
10/23/2024,Instagram,Reel/Video Pendek,Edukasi,50,112,10,0,0,0,0,0,10,Oct 2024
10/23/2024,TikTok,Reel/Video Pendek,Edukasi,50,56,5,0,0,0,0,1582660,5,Oct 2024
10/24/2024,Facebook,Foto,Edukasi,50,120,11,0,0,2,2,0,15,Oct 2024
10/24/2024,X,Carousel,Hiburan,50,122,7,0,1,0,0,0,8,Oct 2024
10/24/2024,Facebook,Carousel,Behind The Scene,300,457,65,2,5,0,2,0,74,Oct 2024
10/25/2024,Instagram,Carousel,Hiburan,50,214,4,0,1,0,0,359359,5,Oct 2024
10/25/2024,X,Carousel,Hiburan,50,129,4,0,1,0,0,0,5,Oct 2024
10/25/2024,Facebook,Reel/Video Pendek,Promosi,50,87,3,0,1,0,0,2931976,4,Oct 2024
10/26/2024,Instagram,Carousel,Promosi,50,107,2,0,1,0,0,671798,3,Oct 2024
10/26/2024,TikTok,Story,Edukasi,50,107,1,0,0,0,0,0,1,Oct 2024
10/26/2024,TikTok,Reel/Video Pendek,Hiburan,50,90,7,0,0,1,0,0,8,Oct 2024
10/26/2024,Facebook,Foto,Promosi,50,177,9,0,1,0,0,737855,10,Oct 2024
10/27/2024,Facebook,Carousel,Hiburan,100,162,4,1,0,0,4,0,9,Oct 2024
10/27/2024,X,Story,Promosi,50,93,5,0,1,2,0,0,8,Oct 2024
10/27/2024,Facebook,Foto,Hiburan,50,91,3,0,0,0,0,552821,3,Oct 2024
10/27/2024,X,Carousel,Behind The Scene,500,1025,31,1,11,0,4,0,47,Oct 2024
10/27/2024,Facebook,Reel/Video Pendek,Hiburan,300,477,43,5,6,0,4,4173404,58,Oct 2024
10/27/2024,Facebook,Foto,Behind The Scene,50,115,11,0,1,0,0,0,12,Oct 2024
10/27/2024,X,Reel/Video Pendek,Promosi,50,86,2,0,0,0,0,0,2,Oct 2024
10/27/2024,X,Carousel,Promosi,50,54,9,0,0,0,0,0,9,Oct 2024
10/27/2024,X,Foto,Promosi,50,55,4,0,0,0,0,0,4,Oct 2024
10/28/2024,X,Reel/Video Pendek,Promosi,150,367,24,0,1,0,2,0,27,Oct 2024
10/28/2024,TikTok,Foto,Edukasi,50,54,8,0,0,0,0,0,8,Oct 2024
10/28/2024,Instagram,Foto,Promosi,100,420,18,1,2,3,1,0,25,Oct 2024
10/28/2024,Facebook,Reel/Video Pendek,Behind The Scene,50,106,9,0,0,0,0,3578702,9,Oct 2024
10/28/2024,Facebook,Reel/Video Pendek,Edukasi,50,95,6,0,0,0,0,0,6,Oct 2024
10/28/2024,TikTok,Carousel,Edukasi,50,208,10,0,1,0,1,0,12,Oct 2024
10/28/2024,Instagram,Story,Promosi,350,1121,10,3,9,0,0,117862,22,Oct 2024
10/28/2024,Facebook,Reel/Video Pendek,Behind The Scene,50,102,9,0,1,0,0,0,10,Oct 2024
10/28/2024,Facebook,Story,Edukasi,50,217,8,0,0,0,0,0,8,Oct 2024
10/28/2024,Facebook,Story,Edukasi,50,182,1,0,1,0,0,0,2,Oct 2024
10/28/2024,Instagram,Foto,Hiburan,50,51,2,0,1,0,0,213590,3,Oct 2024
10/28/2024,Facebook,Foto,Hiburan,50,220,4,0,0,0,0,1505082,4,Oct 2024
10/29/2024,Instagram,Reel/Video Pendek,Hiburan,200,687,21,2,2,0,0,0,25,Oct 2024
10/29/2024,Facebook,Reel/Video Pendek,Behind The Scene,350,678,37,0,10,0,0,1981213,47,Oct 2024
10/29/2024,TikTok,Reel/Video Pendek,Promosi,50,65,3,0,0,0,2,0,5,Oct 2024
10/29/2024,Instagram,Story,Behind The Scene,50,99,5,0,1,0,0,0,6,Oct 2024
10/29/2024,Facebook,Carousel,Edukasi,100,442,23,1,1,0,1,135014,26,Oct 2024
10/29/2024,Instagram,Carousel,Edukasi,50,115,6,0,0,0,0,3412127,6,Oct 2024
10/29/2024,Facebook,Foto,Promosi,50,73,7,0,1,0,2,1096112,10,Oct 2024
10/29/2024,X,Carousel,Edukasi,4900,12123,389,37,31,0,33,1863892,490,Oct 2024
10/29/2024,Instagram,Foto,Behind The Scene,50,76,8,0,0,0,0,1543306,8,Oct 2024
10/29/2024,TikTok,Carousel,Hiburan,200,315,18,1,2,9,1,0,31,Oct 2024
10/29/2024,Instagram,Carousel,Behind The Scene,50,64,7,0,0,0,0,0,7,Oct 2024
10/30/2024,X,Carousel,Edukasi,50,86,5,0,0,0,0,0,5,Oct 2024
10/30/2024,TikTok,Reel/Video Pendek,Behind The Scene,50,63,2,0,0,0,0,0,2,Oct 2024
10/30/2024,TikTok,Reel/Video Pendek,Promosi,50,113,1,0,0,0,0,0,1,Oct 2024
10/30/2024,X,Story,Behind The Scene,50,77,11,0,1,0,0,0,12,Oct 2024
10/30/2024,Instagram,Story,Promosi,50,124,10,0,0,0,0,0,10,Oct 2024
10/30/2024,Instagram,Foto,Edukasi,250,900,39,4,5,0,2,1118399,50,Oct 2024
10/30/2024,Instagram,Foto,Hiburan,50,162,2,0,0,0,0,105185,2,Oct 2024
10/30/2024,X,Story,Behind The Scene,50,179,5,0,0,0,0,0,5,Oct 2024
10/31/2024,TikTok,Carousel,Behind The Scene,50,164,6,0,0,0,2,85005,8,Oct 2024
10/31/2024,X,Reel/Video Pendek,Behind The Scene,50,208,7,0,0,1,0,0,8,Oct 2024
10/31/2024,TikTok,Story,Promosi,50,213,3,0,1,0,0,0,4,Oct 2024
10/31/2024,Instagram,Reel/Video Pendek,Behind The Scene,750,1272,101,12,6,0,6,337334,125,Oct 2024
10/31/2024,Facebook,Carousel,Edukasi,50,104,8,0,0,0,0,0,8,Oct 2024
10/31/2024,Instagram,Story,Hiburan,100,430,21,1,1,0,1,0,24,Oct 2024
10/31/2024,X,Story,Promosi,50,77,9,0,1,0,0,0,10,Oct 2024
10/31/2024,Facebook,Story,Promosi,50,119,4,0,1,0,0,0,5,Oct 2024
10/31/2024,TikTok,Reel/Video Pendek,Promosi,50,164,8,0,0,0,0,61733,8,Oct 2024
11/1/2024,Instagram,Reel/Video Pendek,Hiburan,100,218,9,1,1,0,0,667970,11,Nov 2024
11/1/2024,TikTok,Reel/Video Pendek,Hiburan,100,235,6,1,2,0,0,0,9,Nov 2024
11/1/2024,Facebook,Foto,Edukasi,50,128,10,0,1,2,0,0,13,Nov 2024
11/1/2024,Instagram,Carousel,Hiburan,50,65,2,0,1,1,0,0,4,Nov 2024
11/1/2024,TikTok,Reel/Video Pendek,Hiburan,150,581,24,2,2,0,0,3886335,28,Nov 2024
11/2/2024,X,Reel/Video Pendek,Promosi,50,87,2,0,1,0,0,0,3,Nov 2024
11/2/2024,X,Carousel,Promosi,50,64,8,0,1,0,0,0,9,Nov 2024
11/2/2024,X,Reel/Video Pendek,Edukasi,900,1746,129,5,20,0,17,0,171,Nov 2024
11/2/2024,TikTok,Foto,Hiburan,100,229,8,1,0,0,1,1714821,10,Nov 2024
11/3/2024,Instagram,Story,Edukasi,50,79,2,0,1,0,0,0,3,Nov 2024
11/3/2024,TikTok,Story,Hiburan,50,166,3,0,0,0,0,68908,3,Nov 2024
11/3/2024,TikTok,Story,Hiburan,100,274,22,0,1,0,2,0,25,Nov 2024
11/3/2024,Facebook,Reel/Video Pendek,Hiburan,100,324,21,0,1,0,0,0,22,Nov 2024
11/3/2024,TikTok,Foto,Hiburan,100,248,12,1,1,1,0,0,15,Nov 2024
11/3/2024,Instagram,Reel/Video Pendek,Behind The Scene,600,1031,149,7,6,0,22,456037,184,Nov 2024
11/3/2024,Facebook,Foto,Behind The Scene,50,144,2,0,0,0,0,2341899,2,Nov 2024
11/4/2024,TikTok,Foto,Behind The Scene,50,75,8,0,0,0,0,133905,8,Nov 2024
11/4/2024,X,Reel/Video Pendek,Promosi,50,120,6,0,1,0,0,0,7,Nov 2024
11/4/2024,TikTok,Reel/Video Pendek,Edukasi,150,401,29,0,3,0,0,0,32,Nov 2024
11/4/2024,Facebook,Foto,Behind The Scene,50,138,12,0,1,0,0,84715,13,Nov 2024
11/4/2024,X,Reel/Video Pendek,Promosi,1550,3292,294,19,43,57,23,0,436,Nov 2024
11/4/2024,X,Carousel,Edukasi,50,208,8,0,0,0,1,0,9,Nov 2024
11/5/2024,Instagram,Reel/Video Pendek,Behind The Scene,50,123,4,0,0,0,0,0,4,Nov 2024
11/5/2024,TikTok,Foto,Hiburan,50,205,8,0,1,2,0,0,11,Nov 2024
11/5/2024,X,Story,Hiburan,100,222,13,1,2,2,0,1525048,18,Nov 2024
11/5/2024,Facebook,Story,Behind The Scene,100,352,5,0,2,0,0,561492,7,Nov 2024
11/5/2024,Instagram,Reel/Video Pendek,Edukasi,250,603,21,0,5,0,3,0,29,Nov 2024
11/6/2024,TikTok,Reel/Video Pendek,Behind The Scene,50,111,11,0,0,0,0,487533,11,Nov 2024
11/6/2024,TikTok,Foto,Edukasi,150,175,16,1,0,0,1,331563,18,Nov 2024
11/6/2024,Facebook,Foto,Behind The Scene,50,154,6,0,0,0,1,0,7,Nov 2024
11/6/2024,Facebook,Story,Behind The Scene,50,78,4,0,0,0,0,0,4,Nov 2024
11/6/2024,X,Carousel,Behind The Scene,50,91,1,0,0,0,0,0,1,Nov 2024
11/6/2024,Instagram,Story,Hiburan,50,166,6,0,0,0,0,0,6,Nov 2024
11/6/2024,Facebook,Story,Hiburan,250,483,58,2,4,10,8,818747,82,Nov 2024
11/7/2024,X,Foto,Hiburan,50,148,4,0,1,0,0,3645511,5,Nov 2024
11/7/2024,Instagram,Foto,Promosi,50,101,6,0,1,0,0,0,7,Nov 2024
11/7/2024,X,Foto,Promosi,50,67,9,0,0,0,0,0,9,Nov 2024
11/7/2024,X,Carousel,Promosi,750,2065,103,9,13,0,5,1314223,130,Nov 2024
11/7/2024,TikTok,Carousel,Behind The Scene,50,107,7,0,0,0,0,0,7,Nov 2024
11/8/2024,Facebook,Story,Hiburan,100,438,11,1,0,0,0,0,12,Nov 2024
11/8/2024,X,Carousel,Promosi,50,90,5,0,1,0,0,175779,6,Nov 2024
11/8/2024,TikTok,Carousel,Hiburan,50,80,1,0,0,0,0,0,1,Nov 2024
11/8/2024,Facebook,Reel/Video Pendek,Hiburan,50,144,11,0,1,0,0,0,12,Nov 2024
11/8/2024,Facebook,Reel/Video Pendek,Behind The Scene,50,79,9,0,0,0,0,0,9,Nov 2024
11/8/2024,X,Foto,Behind The Scene,150,244,16,1,1,0,2,383549,20,Nov 2024
11/8/2024,Facebook,Foto,Promosi,150,597,29,0,2,0,2,0,33,Nov 2024
11/8/2024,Facebook,Reel/Video Pendek,Promosi,50,189,9,0,0,0,0,67746,9,Nov 2024
11/8/2024,Instagram,Story,Edukasi,50,217,9,0,0,0,0,0,9,Nov 2024
11/8/2024,TikTok,Story,Behind The Scene,50,100,2,0,0,0,0,416607,2,Nov 2024
11/9/2024,TikTok,Carousel,Hiburan,50,181,2,0,0,0,0,1113157,2,Nov 2024
11/9/2024,Facebook,Carousel,Edukasi,50,95,2,0,0,0,1,0,3,Nov 2024
11/9/2024,X,Reel/Video Pendek,Hiburan,50,119,4,0,0,0,0,2147105,4,Nov 2024
11/9/2024,X,Carousel,Behind The Scene,100,427,23,0,2,3,1,0,29,Nov 2024
11/9/2024,TikTok,Story,Behind The Scene,50,86,2,0,0,0,0,0,2,Nov 2024
11/9/2024,X,Story,Hiburan,50,151,11,0,0,0,0,0,11,Nov 2024
11/9/2024,TikTok,Carousel,Hiburan,1750,3533,318,11,48,0,13,0,390,Nov 2024
11/9/2024,X,Story,Hiburan,100,156,8,0,0,0,0,182683,8,Nov 2024
11/9/2024,Instagram,Story,Hiburan,50,119,12,0,0,0,0,0,12,Nov 2024
11/9/2024,Facebook,Story,Edukasi,200,299,9,0,5,0,3,0,17,Nov 2024
11/9/2024,X,Story,Hiburan,50,73,8,0,0,0,0,0,8,Nov 2024
11/9/2024,Facebook,Carousel,Promosi,100,123,12,0,2,0,0,0,14,Nov 2024
11/10/2024,X,Story,Edukasi,50,91,11,0,0,2,1,0,14,Nov 2024
11/10/2024,TikTok,Reel/Video Pendek,Promosi,50,206,3,0,1,0,0,67261,4,Nov 2024
11/10/2024,Instagram,Reel/Video Pendek,Edukasi,100,229,5,1,1,0,1,0,8,Nov 2024
11/10/2024,TikTok,Carousel,Hiburan,50,84,8,0,0,0,0,2148516,8,Nov 2024
11/10/2024,X,Carousel,Hiburan,100,123,24,1,2,0,5,0,32,Nov 2024
11/10/2024,TikTok,Story,Behind The Scene,100,194,10,0,0,0,1,0,11,Nov 2024
11/11/2024,TikTok,Foto,Hiburan,50,201,4,0,0,0,0,64332,4,Nov 2024
11/11/2024,Instagram,Foto,Promosi,50,151,5,0,0,0,0,0,5,Nov 2024
11/11/2024,X,Carousel,Promosi,150,322,24,2,2,3,0,0,31,Nov 2024
11/11/2024,TikTok,Foto,Behind The Scene,100,295,3,0,1,0,0,0,4,Nov 2024
11/12/2024,X,Foto,Behind The Scene,200,754,9,1,3,4,2,1879304,19,Nov 2024
11/12/2024,X,Reel/Video Pendek,Edukasi,50,105,3,0,1,0,0,682402,4,Nov 2024
11/12/2024,TikTok,Foto,Hiburan,50,52,9,0,1,0,0,0,10,Nov 2024
11/12/2024,Instagram,Story,Edukasi,3200,12947,765,4,9,0,34,198917,812,Nov 2024
11/13/2024,Instagram,Foto,Hiburan,100,226,12,0,1,0,0,1620628,13,Nov 2024
11/13/2024,Facebook,Carousel,Promosi,50,95,8,0,0,0,0,0,8,Nov 2024
11/13/2024,Instagram,Carousel,Hiburan,150,370,26,1,2,0,1,194697,30,Nov 2024
11/13/2024,Instagram,Story,Behind The Scene,150,363,33,1,4,0,0,0,38,Nov 2024
11/13/2024,Facebook,Story,Promosi,9200,16340,1969,177,47,0,171,0,2364,Nov 2024
11/13/2024,X,Story,Behind The Scene,2150,3255,454,21,33,0,26,368890,534,Nov 2024
11/13/2024,X,Carousel,Hiburan,250,426,37,3,3,4,4,0,51,Nov 2024
11/13/2024,TikTok,Foto,Hiburan,50,86,9,0,1,1,0,0,11,Nov 2024
11/13/2024,TikTok,Reel/Video Pendek,Edukasi,50,197,9,0,0,0,0,0,9,Nov 2024
11/13/2024,Facebook,Reel/Video Pendek,Promosi,50,111,8,0,0,0,0,0,8,Nov 2024
11/13/2024,Instagram,Carousel,Behind The Scene,100,191,22,0,1,0,1,0,24,Nov 2024
11/13/2024,X,Story,Behind The Scene,200,274,19,0,5,0,3,0,27,Nov 2024
11/13/2024,X,Carousel,Hiburan,50,87,8,0,0,0,0,0,8,Nov 2024
11/14/2024,TikTok,Story,Edukasi,100,245,19,1,1,0,2,0,23,Nov 2024
11/14/2024,Instagram,Carousel,Hiburan,50,81,5,0,1,0,0,0,6,Nov 2024
11/14/2024,Facebook,Reel/Video Pendek,Behind The Scene,250,620,49,3,3,2,5,0,62,Nov 2024
11/14/2024,X,Foto,Behind The Scene,150,610,33,0,0,0,2,0,35,Nov 2024
11/14/2024,TikTok,Carousel,Behind The Scene,100,135,21,0,2,2,1,0,26,Nov 2024
11/15/2024,Facebook,Story,Edukasi,50,55,9,0,1,0,0,58507,10,Nov 2024
11/15/2024,X,Foto,Behind The Scene,550,1846,23,4,10,14,9,0,60,Nov 2024
11/15/2024,Facebook,Story,Promosi,100,223,24,1,2,1,1,0,29,Nov 2024
11/15/2024,X,Reel/Video Pendek,Behind The Scene,50,147,7,0,0,0,0,384790,7,Nov 2024
11/15/2024,Instagram,Carousel,Hiburan,50,77,6,0,0,1,0,0,7,Nov 2024
11/15/2024,Facebook,Foto,Edukasi,100,163,6,1,2,0,0,0,9,Nov 2024
11/15/2024,Instagram,Carousel,Promosi,50,118,1,0,0,0,0,1753571,1,Nov 2024
11/15/2024,X,Carousel,Promosi,1400,1994,112,6,18,0,21,0,157,Nov 2024
11/16/2024,Facebook,Reel/Video Pendek,Hiburan,50,69,7,0,0,0,0,0,7,Nov 2024
11/16/2024,Facebook,Story,Edukasi,50,51,6,0,0,0,0,0,6,Nov 2024
11/16/2024,X,Reel/Video Pendek,Promosi,50,129,4,0,1,0,0,0,5,Nov 2024
11/16/2024,X,Story,Behind The Scene,100,138,19,0,1,1,0,0,21,Nov 2024
11/16/2024,Instagram,Reel/Video Pendek,Hiburan,100,250,14,0,2,0,1,0,17,Nov 2024
11/17/2024,Facebook,Foto,Behind The Scene,50,110,10,0,0,0,0,0,10,Nov 2024
11/17/2024,TikTok,Reel/Video Pendek,Behind The Scene,100,109,12,0,1,0,1,0,14,Nov 2024
11/17/2024,Instagram,Story,Edukasi,50,211,5,0,1,0,0,0,6,Nov 2024
11/17/2024,Instagram,Story,Edukasi,50,150,10,0,0,0,0,257802,10,Nov 2024
11/18/2024,TikTok,Carousel,Promosi,50,73,7,0,0,0,1,1077567,8,Nov 2024
11/18/2024,Instagram,Carousel,Behind The Scene,100,329,15,1,1,0,1,0,18,Nov 2024
11/18/2024,Facebook,Carousel,Promosi,100,399,20,0,2,0,1,0,23,Nov 2024
11/18/2024,Facebook,Reel/Video Pendek,Edukasi,50,106,2,0,0,0,1,0,3,Nov 2024
11/18/2024,TikTok,Reel/Video Pendek,Promosi,450,952,54,1,11,0,1,3247576,67,Nov 2024
11/18/2024,Instagram,Story,Promosi,150,242,31,1,1,0,1,0,34,Nov 2024
11/19/2024,Instagram,Foto,Hiburan,50,93,5,0,1,0,0,0,6,Nov 2024
11/19/2024,X,Story,Promosi,50,120,10,0,0,0,1,0,11,Nov 2024
11/19/2024,TikTok,Story,Behind The Scene,50,64,1,0,1,0,0,4108430,2,Nov 2024
11/19/2024,TikTok,Story,Edukasi,50,103,6,0,0,0,0,73946,6,Nov 2024
11/19/2024,TikTok,Reel/Video Pendek,Behind The Scene,50,105,6,0,1,0,0,0,7,Nov 2024
11/19/2024,TikTok,Story,Behind The Scene,50,90,8,0,0,0,0,0,8,Nov 2024
11/19/2024,X,Carousel,Promosi,50,76,10,0,0,0,1,0,11,Nov 2024
11/19/2024,Facebook,Carousel,Hiburan,200,476,34,0,2,0,3,0,39,Nov 2024
11/19/2024,X,Story,Promosi,50,178,1,0,1,0,0,85116,2,Nov 2024
11/20/2024,Facebook,Carousel,Promosi,50,95,2,0,0,0,0,0,2,Nov 2024
11/20/2024,Instagram,Story,Promosi,50,114,9,0,0,0,0,0,9,Nov 2024
11/20/2024,Facebook,Carousel,Edukasi,100,238,9,1,2,3,1,0,16,Nov 2024
11/20/2024,Facebook,Carousel,Edukasi,100,187,8,0,2,0,1,0,11,Nov 2024
11/20/2024,Instagram,Carousel,Edukasi,400,401,70,3,2,0,3,0,78,Nov 2024
11/20/2024,Instagram,Reel/Video Pendek,Edukasi,50,91,10,0,0,0,0,0,10,Nov 2024
11/21/2024,TikTok,Foto,Hiburan,100,175,19,1,2,0,0,0,22,Nov 2024
11/21/2024,Facebook,Story,Behind The Scene,50,50,6,0,0,1,0,0,7,Nov 2024
11/21/2024,Facebook,Story,Hiburan,350,1478,67,4,5,11,1,603922,88,Nov 2024
11/21/2024,TikTok,Story,Behind The Scene,300,373,42,0,4,0,0,61692,46,Nov 2024
11/21/2024,Instagram,Reel/Video Pendek,Behind The Scene,50,79,10,0,1,0,0,0,11,Nov 2024
11/21/2024,TikTok,Carousel,Hiburan,50,116,8,0,1,0,0,2086253,9,Nov 2024
11/21/2024,X,Foto,Edukasi,50,133,4,0,1,0,0,0,5,Nov 2024
11/22/2024,TikTok,Carousel,Hiburan,50,184,4,0,0,1,0,318558,5,Nov 2024
11/22/2024,Instagram,Carousel,Edukasi,11100,19544,2356,29,306,0,378,87104,3069,Nov 2024
11/22/2024,TikTok,Reel/Video Pendek,Hiburan,350,545,66,0,2,0,16,0,84,Nov 2024
11/22/2024,Facebook,Foto,Behind The Scene,50,85,9,0,0,0,0,0,9,Nov 2024
11/22/2024,TikTok,Reel/Video Pendek,Behind The Scene,200,420,14,3,2,0,3,0,22,Nov 2024
11/22/2024,Facebook,Story,Promosi,150,274,24,2,3,0,0,0,29,Nov 2024
11/22/2024,TikTok,Reel/Video Pendek,Behind The Scene,50,92,7,0,1,0,0,0,8,Nov 2024
11/22/2024,Instagram,Foto,Promosi,100,179,6,1,2,3,1,3732486,13,Nov 2024
11/23/2024,Instagram,Foto,Edukasi,50,180,12,0,0,0,1,0,13,Nov 2024
11/23/2024,Facebook,Foto,Promosi,50,128,4,0,0,0,0,0,4,Nov 2024
11/23/2024,TikTok,Foto,Hiburan,50,104,7,0,0,2,0,880764,9,Nov 2024
11/23/2024,Facebook,Foto,Edukasi,50,155,2,0,1,0,0,0,3,Nov 2024
11/23/2024,Instagram,Foto,Behind The Scene,50,81,12,0,0,0,0,0,12,Nov 2024
11/24/2024,TikTok,Story,Behind The Scene,50,95,10,0,0,0,1,330455,11,Nov 2024
11/24/2024,Instagram,Story,Promosi,50,107,8,0,1,0,0,0,9,Nov 2024
11/24/2024,Instagram,Story,Promosi,50,139,10,0,1,0,0,0,11,Nov 2024
11/24/2024,TikTok,Story,Edukasi,250,906,11,3,3,0,0,0,17,Nov 2024
11/24/2024,TikTok,Story,Edukasi,50,71,12,0,0,0,0,106649,12,Nov 2024
11/24/2024,X,Reel/Video Pendek,Behind The Scene,100,134,7,1,2,0,1,0,11,Nov 2024
11/25/2024,X,Reel/Video Pendek,Behind The Scene,50,61,10,0,0,0,2,64992,12,Nov 2024
11/25/2024,Facebook,Carousel,Hiburan,900,2200,148,15,4,0,9,1378825,176,Nov 2024
11/25/2024,TikTok,Reel/Video Pendek,Hiburan,150,367,19,1,0,0,1,0,21,Nov 2024
11/25/2024,X,Carousel,Behind The Scene,50,109,7,0,1,0,0,0,8,Nov 2024
11/25/2024,TikTok,Carousel,Behind The Scene,50,74,9,0,0,0,0,72016,9,Nov 2024
11/25/2024,TikTok,Story,Promosi,100,220,12,1,0,1,1,2275009,15,Nov 2024
11/26/2024,Facebook,Foto,Behind The Scene,50,113,3,0,0,0,0,140212,3,Nov 2024
11/26/2024,TikTok,Carousel,Promosi,300,1006,42,4,4,0,3,2002754,53,Nov 2024
11/26/2024,Facebook,Story,Behind The Scene,150,169,29,0,4,6,1,0,40,Nov 2024
11/26/2024,TikTok,Foto,Behind The Scene,50,109,7,0,0,0,0,109013,7,Nov 2024
11/26/2024,Facebook,Carousel,Behind The Scene,200,378,16,2,2,0,0,3958146,20,Nov 2024
11/26/2024,X,Carousel,Promosi,100,145,21,0,1,0,0,0,22,Nov 2024
11/26/2024,X,Carousel,Behind The Scene,850,1996,26,4,18,0,12,77880,60,Nov 2024
11/26/2024,Facebook,Reel/Video Pendek,Edukasi,2500,5911,406,12,57,81,4,67780,560,Nov 2024
11/26/2024,X,Foto,Hiburan,50,179,5,0,1,0,0,0,6,Nov 2024
11/27/2024,Facebook,Reel/Video Pendek,Hiburan,50,118,12,0,0,0,0,891261,12,Nov 2024
11/27/2024,TikTok,Reel/Video Pendek,Hiburan,100,199,24,0,1,0,1,1560834,26,Nov 2024
11/27/2024,Instagram,Carousel,Edukasi,50,101,6,0,0,0,0,0,6,Nov 2024
11/27/2024,Facebook,Story,Promosi,50,162,4,0,0,0,0,0,4,Nov 2024
11/27/2024,TikTok,Foto,Promosi,300,653,65,1,3,0,5,0,74,Nov 2024
11/27/2024,Facebook,Carousel,Edukasi,50,199,6,0,0,2,0,0,8,Nov 2024
11/28/2024,TikTok,Carousel,Hiburan,50,85,4,0,1,0,0,0,5,Nov 2024
11/28/2024,X,Reel/Video Pendek,Hiburan,50,200,4,0,0,0,0,458114,4,Nov 2024
11/28/2024,Instagram,Story,Promosi,50,82,4,0,0,0,1,3958119,5,Nov 2024
11/29/2024,TikTok,Reel/Video Pendek,Promosi,250,519,30,3,0,0,6,0,39,Nov 2024
11/29/2024,Facebook,Reel/Video Pendek,Behind The Scene,150,263,26,0,0,0,0,0,26,Nov 2024
11/29/2024,X,Carousel,Behind The Scene,50,110,2,0,0,0,1,0,3,Nov 2024
11/29/2024,X,Story,Hiburan,100,170,24,1,0,0,2,594736,27,Nov 2024
11/29/2024,X,Carousel,Hiburan,50,123,10,0,0,1,0,0,11,Nov 2024
11/30/2024,Facebook,Foto,Behind The Scene,400,670,88,6,4,17,5,303485,120,Nov 2024
11/30/2024,X,Carousel,Promosi,200,455,11,3,2,0,0,169896,16,Nov 2024
11/30/2024,Instagram,Reel/Video Pendek,Promosi,50,71,6,0,1,0,0,0,7,Nov 2024
11/30/2024,Facebook,Carousel,Promosi,50,87,6,0,0,0,0,0,6,Nov 2024
11/30/2024,Instagram,Carousel,Behind The Scene,250,623,22,3,4,2,4,72913,35,Nov 2024
11/30/2024,Instagram,Reel/Video Pendek,Promosi,50,92,8,0,0,0,0,286412,8,Nov 2024
11/30/2024,TikTok,Carousel,Behind The Scene,200,264,42,3,1,0,2,3714268,48,Nov 2024
11/30/2024,X,Foto,Hiburan,50,76,3,0,0,0,0,790756,3,Nov 2024
12/1/2024,Instagram,Reel/Video Pendek,Hiburan,100,294,17,0,2,2,0,1831879,21,Dec 2024
12/1/2024,Facebook,Carousel,Hiburan,100,100,5,0,2,0,1,0,8,Dec 2024
12/1/2024,TikTok,Foto,Hiburan,200,433,46,3,0,0,1,0,50,Dec 2024
12/1/2024,X,Reel/Video Pendek,Hiburan,50,61,9,0,0,0,0,0,9,Dec 2024
12/1/2024,TikTok,Carousel,Promosi,50,197,10,0,1,0,2,0,13,Dec 2024
12/1/2024,X,Foto,Promosi,1050,2163,216,17,3,0,17,0,253,Dec 2024
12/1/2024,TikTok,Story,Promosi,50,105,6,0,0,0,0,0,6,Dec 2024
12/1/2024,Facebook,Story,Hiburan,50,61,4,0,0,0,1,1167134,5,Dec 2024
12/1/2024,X,Reel/Video Pendek,Promosi,50,175,7,0,0,0,0,0,7,Dec 2024
12/2/2024,X,Carousel,Edukasi,50,76,11,0,1,0,0,0,12,Dec 2024
12/2/2024,TikTok,Reel/Video Pendek,Promosi,50,136,10,0,0,0,0,0,10,Dec 2024
12/2/2024,Facebook,Carousel,Promosi,100,184,9,0,0,2,3,1907010,14,Dec 2024
12/2/2024,Facebook,Reel/Video Pendek,Edukasi,50,107,12,0,0,0,0,0,12,Dec 2024
12/2/2024,TikTok,Carousel,Hiburan,100,249,5,0,0,0,0,0,5,Dec 2024
12/2/2024,Facebook,Story,Edukasi,150,183,22,1,0,0,1,0,24,Dec 2024
12/3/2024,Instagram,Reel/Video Pendek,Behind The Scene,50,80,2,0,0,0,0,388713,2,Dec 2024
12/3/2024,TikTok,Reel/Video Pendek,Promosi,50,106,7,0,0,0,2,0,9,Dec 2024
12/3/2024,Facebook,Foto,Edukasi,50,122,12,0,1,0,1,0,14,Dec 2024
12/3/2024,Facebook,Reel/Video Pendek,Behind The Scene,100,248,24,1,1,0,3,0,29,Dec 2024
12/3/2024,X,Reel/Video Pendek,Behind The Scene,1350,1670,258,15,26,0,6,0,305,Dec 2024
12/3/2024,X,Reel/Video Pendek,Hiburan,50,50,1,0,0,0,0,0,1,Dec 2024
12/3/2024,Instagram,Carousel,Behind The Scene,3150,3243,550,3,14,0,52,0,619,Dec 2024
12/3/2024,Instagram,Foto,Promosi,950,2048,112,8,0,0,12,0,132,Dec 2024
12/3/2024,Instagram,Story,Hiburan,250,963,44,3,6,0,2,0,55,Dec 2024
12/3/2024,Facebook,Reel/Video Pendek,Edukasi,100,185,6,0,0,0,1,0,7,Dec 2024
12/3/2024,TikTok,Foto,Edukasi,350,460,85,1,7,0,3,0,96,Dec 2024
12/4/2024,Instagram,Story,Edukasi,50,127,4,0,0,0,0,0,4,Dec 2024
12/4/2024,Facebook,Foto,Behind The Scene,250,993,44,3,7,5,3,0,62,Dec 2024
12/4/2024,Instagram,Story,Promosi,450,1223,46,0,1,0,24,0,71,Dec 2024
12/4/2024,X,Carousel,Promosi,250,282,36,1,7,3,2,0,49,Dec 2024
12/4/2024,Instagram,Story,Edukasi,50,68,5,0,1,2,0,0,8,Dec 2024
12/4/2024,X,Reel/Video Pendek,Behind The Scene,100,330,5,1,2,1,0,0,9,Dec 2024
12/5/2024,Facebook,Story,Behind The Scene,300,634,45,5,5,0,0,0,55,Dec 2024
12/5/2024,X,Foto,Edukasi,50,197,6,0,0,0,0,0,6,Dec 2024
12/5/2024,TikTok,Foto,Edukasi,150,570,32,1,2,0,2,0,37,Dec 2024
12/5/2024,Facebook,Story,Behind The Scene,150,172,19,2,0,0,2,1022470,23,Dec 2024
12/5/2024,TikTok,Story,Hiburan,1850,3087,313,20,9,0,8,54376,350,Dec 2024
12/5/2024,Instagram,Story,Promosi,50,74,1,0,0,0,0,0,1,Dec 2024
12/5/2024,X,Reel/Video Pendek,Promosi,100,294,7,0,0,0,0,0,7,Dec 2024
12/6/2024,TikTok,Foto,Hiburan,50,70,10,0,1,0,0,1314200,11,Dec 2024
12/6/2024,X,Reel/Video Pendek,Promosi,50,124,7,0,0,0,0,0,7,Dec 2024
12/6/2024,Facebook,Foto,Promosi,50,122,6,0,1,0,0,0,7,Dec 2024
12/6/2024,X,Carousel,Behind The Scene,50,56,7,0,0,0,0,0,7,Dec 2024
12/6/2024,X,Foto,Promosi,100,349,17,0,1,0,0,0,18,Dec 2024
12/6/2024,Instagram,Carousel,Promosi,50,65,11,0,0,0,0,0,11,Dec 2024
12/6/2024,Instagram,Reel/Video Pendek,Hiburan,50,119,2,0,1,0,0,626897,3,Dec 2024
12/7/2024,X,Story,Behind The Scene,50,121,5,0,0,2,2,3398038,9,Dec 2024
12/7/2024,Facebook,Carousel,Promosi,50,85,5,0,1,2,0,0,8,Dec 2024
12/7/2024,X,Reel/Video Pendek,Hiburan,50,109,5,0,0,0,0,0,5,Dec 2024
12/7/2024,Facebook,Reel/Video Pendek,Edukasi,100,139,14,1,1,0,3,119382,19,Dec 2024
12/7/2024,Instagram,Reel/Video Pendek,Hiburan,100,366,21,0,1,0,1,570630,23,Dec 2024
12/7/2024,X,Reel/Video Pendek,Edukasi,50,114,10,0,0,0,0,3861648,10,Dec 2024
12/7/2024,Instagram,Carousel,Edukasi,150,499,20,1,2,0,2,0,25,Dec 2024
12/7/2024,Instagram,Carousel,Behind The Scene,50,66,3,0,1,0,0,0,4,Dec 2024
12/7/2024,X,Story,Behind The Scene,50,80,11,0,0,0,0,0,11,Dec 2024
12/7/2024,X,Story,Promosi,350,668,48,4,4,6,1,0,63,Dec 2024
12/8/2024,Facebook,Foto,Behind The Scene,50,91,10,0,0,0,0,53301,10,Dec 2024
12/8/2024,Instagram,Carousel,Edukasi,50,72,10,0,1,0,0,0,11,Dec 2024
12/8/2024,Facebook,Carousel,Edukasi,450,1444,39,2,8,11,2,120453,62,Dec 2024
12/8/2024,X,Carousel,Promosi,50,209,3,0,0,1,0,0,4,Dec 2024
12/8/2024,TikTok,Foto,Promosi,150,298,31,1,1,0,2,0,35,Dec 2024
12/8/2024,Instagram,Carousel,Edukasi,250,323,11,1,7,0,0,0,19,Dec 2024
12/8/2024,X,Reel/Video Pendek,Hiburan,100,352,5,1,1,0,0,0,7,Dec 2024
12/8/2024,X,Foto,Edukasi,100,129,24,1,1,3,1,0,30,Dec 2024
12/9/2024,Facebook,Foto,Edukasi,50,110,2,0,0,0,1,0,3,Dec 2024
12/9/2024,TikTok,Story,Hiburan,50,62,7,0,0,0,1,0,8,Dec 2024
12/9/2024,Instagram,Foto,Behind The Scene,200,437,45,2,5,0,2,0,54,Dec 2024
12/9/2024,Facebook,Reel/Video Pendek,Edukasi,1600,2435,284,18,32,0,9,67717,343,Dec 2024
12/9/2024,Instagram,Story,Edukasi,50,99,4,0,0,0,1,0,5,Dec 2024
12/9/2024,X,Carousel,Behind The Scene,100,177,22,0,2,0,0,107681,24,Dec 2024
12/9/2024,X,Carousel,Edukasi,150,396,12,2,3,0,1,1270792,18,Dec 2024
12/9/2024,Facebook,Story,Edukasi,50,67,3,0,0,0,0,109818,3,Dec 2024
12/9/2024,X,Carousel,Promosi,50,72,3,0,0,0,1,0,4,Dec 2024
12/10/2024,X,Carousel,Behind The Scene,150,600,21,1,0,5,0,0,27,Dec 2024
12/10/2024,TikTok,Story,Hiburan,50,184,10,0,0,0,0,0,10,Dec 2024
12/10/2024,Facebook,Foto,Edukasi,50,101,9,0,0,0,0,0,9,Dec 2024
12/10/2024,TikTok,Story,Edukasi,200,673,10,0,1,0,1,629486,12,Dec 2024
12/10/2024,Instagram,Foto,Hiburan,550,2159,97,3,1,0,2,0,103,Dec 2024
12/10/2024,Instagram,Foto,Hiburan,1800,3241,313,34,21,0,27,0,395,Dec 2024
12/10/2024,X,Carousel,Behind The Scene,50,75,6,0,0,0,0,0,6,Dec 2024
12/10/2024,Facebook,Reel/Video Pendek,Edukasi,50,82,4,0,0,0,0,1252355,4,Dec 2024
12/11/2024,Instagram,Carousel,Hiburan,50,83,4,0,0,0,0,436313,4,Dec 2024
12/11/2024,X,Foto,Hiburan,50,111,2,0,0,0,0,0,2,Dec 2024
12/11/2024,Facebook,Story,Promosi,350,620,60,2,8,0,2,4440000,72,Dec 2024
12/11/2024,X,Carousel,Behind The Scene,550,575,68,4,15,11,2,0,100,Dec 2024
12/11/2024,X,Foto,Edukasi,50,105,6,0,0,0,1,0,7,Dec 2024
12/11/2024,Instagram,Carousel,Behind The Scene,50,187,12,0,0,1,0,0,13,Dec 2024
12/11/2024,TikTok,Story,Hiburan,50,62,4,0,1,0,0,0,5,Dec 2024
12/12/2024,X,Reel/Video Pendek,Hiburan,50,178,9,0,0,0,0,423965,9,Dec 2024
12/12/2024,Facebook,Story,Behind The Scene,450,649,58,4,5,12,18,0,97,Dec 2024
12/13/2024,Instagram,Carousel,Behind The Scene,50,98,2,0,0,0,0,0,2,Dec 2024
12/13/2024,X,Reel/Video Pendek,Behind The Scene,50,128,8,0,0,0,0,0,8,Dec 2024
12/13/2024,Instagram,Foto,Hiburan,200,261,12,3,3,0,1,282183,19,Dec 2024
12/13/2024,X,Story,Hiburan,50,103,11,0,1,0,0,0,12,Dec 2024
12/13/2024,Facebook,Story,Promosi,100,109,17,1,0,0,0,0,18,Dec 2024
12/13/2024,Instagram,Carousel,Behind The Scene,350,754,54,4,5,0,7,0,70,Dec 2024
12/13/2024,X,Reel/Video Pendek,Hiburan,50,120,11,0,0,0,0,0,11,Dec 2024
12/14/2024,X,Carousel,Promosi,50,55,7,0,1,0,0,0,8,Dec 2024
12/14/2024,TikTok,Foto,Hiburan,50,211,2,0,0,1,0,0,3,Dec 2024
12/14/2024,Facebook,Story,Edukasi,50,219,11,0,0,1,0,0,12,Dec 2024
12/14/2024,Instagram,Reel/Video Pendek,Hiburan,50,123,9,0,0,1,0,0,10,Dec 2024
12/14/2024,TikTok,Reel/Video Pendek,Behind The Scene,100,384,12,0,0,2,2,0,16,Dec 2024
12/14/2024,Facebook,Story,Edukasi,50,99,6,0,1,0,0,501732,7,Dec 2024
12/14/2024,TikTok,Story,Edukasi,400,994,98,4,3,18,4,0,127,Dec 2024
12/14/2024,X,Story,Behind The Scene,100,394,17,1,2,3,0,0,23,Dec 2024
12/14/2024,TikTok,Carousel,Edukasi,100,199,5,1,0,2,3,0,11,Dec 2024
12/14/2024,TikTok,Carousel,Promosi,50,203,12,0,0,0,0,0,12,Dec 2024
12/14/2024,Facebook,Foto,Edukasi,50,78,9,0,0,0,0,0,9,Dec 2024
12/15/2024,X,Reel/Video Pendek,Behind The Scene,950,2113,93,12,6,0,10,0,121,Dec 2024
12/15/2024,Instagram,Foto,Behind The Scene,50,97,10,0,0,2,0,506433,12,Dec 2024
12/15/2024,X,Foto,Promosi,50,208,5,0,1,0,2,0,8,Dec 2024
12/15/2024,Facebook,Carousel,Hiburan,2800,4517,474,43,77,33,37,0,664,Dec 2024
12/15/2024,X,Carousel,Promosi,50,97,5,0,1,2,0,288813,8,Dec 2024
12/15/2024,Facebook,Story,Behind The Scene,50,118,7,0,0,0,0,151097,7,Dec 2024
12/15/2024,Instagram,Carousel,Behind The Scene,50,102,1,0,0,0,0,0,1,Dec 2024
12/15/2024,Instagram,Foto,Behind The Scene,50,60,5,0,1,0,1,683699,7,Dec 2024
12/15/2024,Facebook,Foto,Promosi,50,206,8,0,0,0,1,0,9,Dec 2024
12/16/2024,Instagram,Carousel,Hiburan,50,65,10,0,1,0,0,0,11,Dec 2024
12/16/2024,Instagram,Foto,Edukasi,50,126,6,0,0,0,0,0,6,Dec 2024
12/16/2024,X,Reel/Video Pendek,Edukasi,50,114,8,0,0,1,0,0,9,Dec 2024
12/16/2024,TikTok,Story,Edukasi,50,186,10,0,1,0,0,188960,11,Dec 2024
12/17/2024,TikTok,Reel/Video Pendek,Edukasi,50,210,3,0,0,0,0,124798,3,Dec 2024
12/17/2024,Facebook,Story,Behind The Scene,300,1190,27,1,2,0,5,0,35,Dec 2024
12/17/2024,X,Reel/Video Pendek,Edukasi,50,91,9,0,0,1,0,1517232,10,Dec 2024
12/17/2024,Instagram,Carousel,Promosi,150,270,23,2,3,0,0,2587996,28,Dec 2024
12/17/2024,X,Carousel,Edukasi,50,61,2,0,1,0,0,866757,3,Dec 2024
12/18/2024,Instagram,Foto,Edukasi,50,109,6,0,0,0,0,146347,6,Dec 2024
12/18/2024,X,Reel/Video Pendek,Edukasi,9150,19732,1901,47,44,0,74,433185,2066,Dec 2024
12/18/2024,TikTok,Reel/Video Pendek,Promosi,50,83,4,0,0,1,0,50350,5,Dec 2024
12/18/2024,Facebook,Reel/Video Pendek,Hiburan,50,214,7,0,0,1,1,0,9,Dec 2024
12/18/2024,Facebook,Foto,Edukasi,50,169,5,0,0,1,0,2099665,6,Dec 2024
12/18/2024,X,Story,Edukasi,50,183,5,0,1,2,0,0,8,Dec 2024
12/19/2024,X,Foto,Promosi,300,761,56,3,8,2,4,0,73,Dec 2024
12/19/2024,TikTok,Reel/Video Pendek,Edukasi,50,111,7,0,0,0,0,0,7,Dec 2024
12/19/2024,Instagram,Carousel,Promosi,50,74,1,0,1,0,0,563987,2,Dec 2024
12/19/2024,Facebook,Reel/Video Pendek,Behind The Scene,50,92,5,0,0,0,0,0,5,Dec 2024
12/19/2024,Facebook,Reel/Video Pendek,Behind The Scene,100,166,20,1,2,0,1,0,24,Dec 2024
12/19/2024,TikTok,Reel/Video Pendek,Hiburan,50,130,1,0,0,0,0,526991,1,Dec 2024
12/19/2024,Instagram,Carousel,Edukasi,50,113,10,0,1,0,0,0,11,Dec 2024
12/19/2024,TikTok,Foto,Edukasi,100,151,16,0,0,0,0,271985,16,Dec 2024
12/19/2024,Facebook,Foto,Edukasi,50,217,2,0,1,2,0,0,5,Dec 2024
12/20/2024,X,Carousel,Behind The Scene,150,363,7,2,4,0,0,95740,13,Dec 2024
12/20/2024,Facebook,Reel/Video Pendek,Behind The Scene,150,212,13,2,4,0,1,0,20,Dec 2024
12/20/2024,TikTok,Reel/Video Pendek,Hiburan,150,306,13,1,0,0,0,3477767,14,Dec 2024
12/20/2024,X,Story,Promosi,50,176,2,0,1,1,0,0,4,Dec 2024
12/20/2024,X,Foto,Edukasi,50,127,5,0,0,0,1,0,6,Dec 2024
12/20/2024,Instagram,Story,Behind The Scene,150,282,36,2,1,4,2,843782,45,Dec 2024
12/21/2024,X,Story,Promosi,50,74,4,0,0,1,0,0,5,Dec 2024
12/21/2024,X,Reel/Video Pendek,Promosi,100,129,22,1,0,0,1,0,24,Dec 2024
12/21/2024,Instagram,Foto,Behind The Scene,50,203,11,0,0,0,0,231848,11,Dec 2024
12/21/2024,X,Foto,Hiburan,50,103,6,0,0,0,0,0,6,Dec 2024
12/21/2024,Instagram,Reel/Video Pendek,Behind The Scene,50,87,9,0,1,0,0,173857,10,Dec 2024
12/21/2024,Facebook,Reel/Video Pendek,Behind The Scene,100,303,20,0,0,0,3,0,23,Dec 2024
12/21/2024,TikTok,Story,Behind The Scene,250,1109,25,2,1,0,3,4270453,31,Dec 2024
12/21/2024,TikTok,Carousel,Hiburan,50,111,2,0,0,0,0,2225025,2,Dec 2024
12/22/2024,TikTok,Carousel,Edukasi,50,195,5,0,1,0,1,64525,7,Dec 2024
12/22/2024,X,Foto,Promosi,50,88,10,0,0,1,0,0,11,Dec 2024
12/22/2024,TikTok,Story,Promosi,50,117,2,0,0,0,0,0,2,Dec 2024
12/22/2024,X,Story,Edukasi,250,488,61,3,4,0,6,68435,74,Dec 2024
12/22/2024,TikTok,Carousel,Behind The Scene,1000,3425,238,6,21,0,13,0,278,Dec 2024
12/23/2024,Facebook,Carousel,Edukasi,50,70,1,0,1,0,0,0,2,Dec 2024
12/23/2024,Instagram,Carousel,Promosi,50,71,8,0,1,0,0,0,9,Dec 2024
12/23/2024,TikTok,Reel/Video Pendek,Promosi,50,60,1,0,0,0,0,0,1,Dec 2024
12/23/2024,Instagram,Foto,Behind The Scene,700,799,82,8,9,0,16,1305608,115,Dec 2024
12/23/2024,X,Carousel,Edukasi,150,516,9,0,0,0,0,0,9,Dec 2024
12/23/2024,TikTok,Foto,Behind The Scene,200,420,37,3,3,9,1,0,53,Dec 2024
12/24/2024,TikTok,Foto,Promosi,150,218,10,1,2,0,0,1275253,13,Dec 2024
12/24/2024,Instagram,Reel/Video Pendek,Hiburan,50,90,2,0,0,0,0,261497,2,Dec 2024
12/24/2024,Instagram,Story,Hiburan,150,348,31,1,2,0,0,1402722,34,Dec 2024
12/24/2024,Instagram,Story,Promosi,50,123,2,0,0,0,1,0,3,Dec 2024
12/24/2024,TikTok,Foto,Behind The Scene,50,172,2,0,0,0,2,138033,4,Dec 2024
12/24/2024,Facebook,Foto,Edukasi,250,885,19,3,3,0,2,0,27,Dec 2024
12/24/2024,TikTok,Foto,Promosi,50,109,11,0,1,0,0,0,12,Dec 2024
12/25/2024,X,Foto,Hiburan,100,210,11,1,1,0,1,391751,14,Dec 2024
12/25/2024,X,Carousel,Promosi,50,214,5,0,1,0,0,84435,6,Dec 2024
12/25/2024,TikTok,Story,Promosi,50,86,11,0,0,0,1,0,12,Dec 2024
12/25/2024,TikTok,Foto,Behind The Scene,50,122,9,0,0,2,0,57647,11,Dec 2024
12/25/2024,Instagram,Story,Promosi,50,121,7,0,0,0,0,815466,7,Dec 2024
12/25/2024,Instagram,Carousel,Promosi,150,229,12,2,0,0,3,0,17,Dec 2024
12/25/2024,TikTok,Carousel,Edukasi,50,202,8,0,0,0,0,2684542,8,Dec 2024
12/25/2024,X,Foto,Promosi,150,367,25,1,2,2,6,0,36,Dec 2024
12/25/2024,TikTok,Story,Edukasi,1550,3387,191,10,36,11,28,0,276,Dec 2024
12/26/2024,TikTok,Story,Hiburan,100,205,17,1,0,0,1,0,19,Dec 2024
12/26/2024,X,Reel/Video Pendek,Behind The Scene,50,57,9,0,1,0,0,0,10,Dec 2024
12/26/2024,X,Reel/Video Pendek,Edukasi,350,732,24,2,1,0,3,0,30,Dec 2024
12/26/2024,Facebook,Carousel,Edukasi,100,155,22,0,1,0,0,259856,23,Dec 2024
12/26/2024,Facebook,Story,Hiburan,3250,3272,730,5,13,0,134,0,882,Dec 2024
12/26/2024,TikTok,Carousel,Hiburan,100,374,10,1,2,0,0,0,13,Dec 2024
12/26/2024,X,Carousel,Behind The Scene,50,143,11,0,1,1,0,4669582,13,Dec 2024
12/26/2024,X,Carousel,Edukasi,800,1621,28,9,0,0,10,0,47,Dec 2024
12/27/2024,Facebook,Foto,Promosi,50,208,4,0,0,2,0,157286,6,Dec 2024
12/27/2024,TikTok,Story,Edukasi,50,122,6,0,0,0,0,0,6,Dec 2024
12/27/2024,TikTok,Story,Promosi,200,715,37,2,3,0,0,290137,42,Dec 2024
12/27/2024,X,Foto,Edukasi,50,102,10,0,0,0,0,0,10,Dec 2024
12/27/2024,Instagram,Reel/Video Pendek,Promosi,200,484,9,1,0,0,6,0,16,Dec 2024
12/27/2024,Instagram,Reel/Video Pendek,Promosi,50,63,6,0,0,1,0,1637830,7,Dec 2024
12/28/2024,Instagram,Carousel,Hiburan,50,65,5,0,0,0,0,0,5,Dec 2024
12/28/2024,Instagram,Story,Promosi,50,65,7,0,0,0,0,935989,7,Dec 2024
12/28/2024,X,Story,Hiburan,450,791,52,4,5,0,7,0,68,Dec 2024
12/28/2024,TikTok,Reel/Video Pendek,Hiburan,50,86,5,0,1,0,0,335279,6,Dec 2024
12/28/2024,X,Carousel,Behind The Scene,100,121,19,1,0,2,0,0,22,Dec 2024
12/28/2024,Facebook,Carousel,Behind The Scene,50,104,3,0,0,0,2,0,5,Dec 2024
12/28/2024,Instagram,Reel/Video Pendek,Hiburan,50,87,3,0,1,0,0,520354,4,Dec 2024
12/28/2024,Facebook,Foto,Hiburan,150,245,7,2,1,0,2,0,12,Dec 2024
12/28/2024,TikTok,Story,Hiburan,350,418,57,6,0,0,3,582810,66,Dec 2024
12/29/2024,TikTok,Reel/Video Pendek,Promosi,50,53,8,0,0,0,0,1122646,8,Dec 2024
12/29/2024,TikTok,Story,Hiburan,50,98,9,0,0,0,0,0,9,Dec 2024
12/29/2024,X,Foto,Promosi,50,181,11,0,1,2,0,0,14,Dec 2024
12/29/2024,Instagram,Foto,Promosi,50,107,12,0,0,0,0,77888,12,Dec 2024
12/29/2024,TikTok,Story,Behind The Scene,50,88,1,0,0,0,0,0,1,Dec 2024
12/29/2024,Instagram,Foto,Edukasi,50,86,3,0,1,0,0,0,4,Dec 2024
12/29/2024,Instagram,Story,Edukasi,50,54,9,0,1,2,0,0,12,Dec 2024
12/29/2024,X,Reel/Video Pendek,Promosi,50,72,10,0,1,0,0,0,11,Dec 2024
12/29/2024,Instagram,Story,Edukasi,100,326,17,1,1,2,0,1463600,21,Dec 2024
12/29/2024,X,Foto,Hiburan,50,104,12,0,0,0,0,64573,12,Dec 2024
12/29/2024,X,Carousel,Promosi,850,3203,209,4,15,16,10,0,254,Dec 2024
12/30/2024,Facebook,Reel/Video Pendek,Promosi,150,279,17,1,4,0,5,0,27,Dec 2024
12/30/2024,Instagram,Reel/Video Pendek,Behind The Scene,50,96,5,0,0,0,0,110251,5,Dec 2024
12/30/2024,Facebook,Carousel,Behind The Scene,50,209,8,0,0,0,0,103557,8,Dec 2024
12/30/2024,Facebook,Foto,Hiburan,50,75,10,0,1,0,0,99623,11,Dec 2024
12/30/2024,Facebook,Carousel,Behind The Scene,100,154,24,1,0,0,4,0,29,Dec 2024
12/30/2024,TikTok,Story,Behind The Scene,50,112,11,0,0,0,0,491123,11,Dec 2024
12/30/2024,X,Foto,Edukasi,50,162,11,0,1,0,0,1651681,12,Dec 2024
12/30/2024,Instagram,Story,Edukasi,50,165,7,0,0,1,0,0,8,Dec 2024
12/30/2024,TikTok,Story,Promosi,50,170,12,0,0,0,0,0,12,Dec 2024
12/31/2024,Instagram,Story,Edukasi,350,1133,38,1,7,7,5,0,58,Dec 2024
12/31/2024,X,Foto,Hiburan,50,101,12,0,0,0,0,0,12,Dec 2024
12/31/2024,TikTok,Foto,Edukasi,50,79,9,0,0,0,0,0,9,Dec 2024
12/31/2024,TikTok,Foto,Promosi,50,106,11,0,0,0,0,93853,11,Dec 2024
12/31/2024,Instagram,Story,Hiburan,50,116,3,0,1,0,0,0,4,Dec 2024
12/31/2024,TikTok,Carousel,Promosi,100,259,16,1,0,0,1,0,18,Dec 2024
12/31/2024,TikTok,Reel/Video Pendek,Behind The Scene,650,800,149,4,2,30,9,342242,194,Dec 2024
1/1/2025,Instagram,Foto,Promosi,200,506,48,3,1,6,3,"283,325",61,Jan 2025
1/1/2025,TikTok,Story,Promosi,150,621,21,1,0,3,3,"2,664,664",28,Jan 2025
1/1/2025,Instagram,Story,Hiburan,50,92,10,0,1,1,0,-,12,Jan 2025
1/1/2025,Instagram,Reel/Video Pendek,Behind The Scene,50,218,4,0,1,0,0,-,5,Jan 2025
1/1/2025,Facebook,Reel/Video Pendek,Promosi,50,102,1,0,0,0,0,-,1,Jan 2025
1/1/2025,Instagram,Reel/Video Pendek,Hiburan,150,640,32,1,1,0,1,-,35,Jan 2025
1/1/2025,X,Foto,Promosi,50,121,7,0,0,0,2,"633,584",9,Jan 2025
1/1/2025,Facebook,Story,Behind The Scene,50,64,11,0,0,0,0,-,11,Jan 2025
1/1/2025,TikTok,Foto,Behind The Scene,50,197,4,0,0,0,0,-,4,Jan 2025
1/2/2025,Instagram,Story,Hiburan,50,63,3,0,1,1,2,-,7,Jan 2025
1/2/2025,Facebook,Story,Promosi,50,85,6,0,0,0,0,"246,164",6,Jan 2025
1/2/2025,X,Foto,Hiburan,200,379,35,3,4,0,3,-,45,Jan 2025
1/2/2025,Facebook,Carousel,Behind The Scene,100,232,14,0,2,4,1,-,21,Jan 2025
1/3/2025,Instagram,Foto,Behind The Scene,50,95,4,0,0,0,2,-,6,Jan 2025
1/3/2025,TikTok,Reel/Video Pendek,Edukasi,50,143,4,0,1,0,2,"51,716",7,Jan 2025
1/3/2025,TikTok,Foto,Edukasi,50,118,3,0,0,0,1,-,4,Jan 2025
1/3/2025,Instagram,Reel/Video Pendek,Promosi,100,180,3,1,0,0,1,"1,569,666",5,Jan 2025
1/3/2025,TikTok,Story,Behind The Scene,50,93,3,0,0,0,0,-,3,Jan 2025
1/3/2025,Facebook,Story,Hiburan,300,591,49,0,0,0,3,-,52,Jan 2025
1/3/2025,TikTok,Carousel,Promosi,100,188,9,0,1,0,0,-,10,Jan 2025
1/3/2025,Facebook,Story,Behind The Scene,50,78,3,0,0,0,0,"605,581",3,Jan 2025
1/4/2025,Instagram,Reel/Video Pendek,Hiburan,100,446,21,1,2,0,1,"335,309",25,Jan 2025
1/4/2025,TikTok,Story,Hiburan,50,171,7,0,1,0,0,-,8,Jan 2025
1/4/2025,Instagram,Foto,Hiburan,150,368,32,2,1,6,2,-,43,Jan 2025
1/4/2025,TikTok,Reel/Video Pendek,Behind The Scene,900,2512,149,9,22,0,45,-,225,Jan 2025
1/4/2025,Instagram,Reel/Video Pendek,Hiburan,1500,3312,152,24,18,0,6,-,200,Jan 2025
1/4/2025,Instagram,Reel/Video Pendek,Edukasi,50,92,7,0,0,0,0,"51,188",7,Jan 2025
1/5/2025,Instagram,Carousel,Behind The Scene,50,108,9,0,0,0,0,"2,180,625",9,Jan 2025
1/5/2025,TikTok,Carousel,Hiburan,50,158,3,0,0,0,0,"4,412,607",3,Jan 2025
1/5/2025,X,Reel/Video Pendek,Promosi,50,84,5,0,0,0,1,"1,137,768",6,Jan 2025
1/5/2025,X,Reel/Video Pendek,Edukasi,50,110,8,0,0,0,0,-,8,Jan 2025
1/5/2025,Facebook,Foto,Behind The Scene,100,213,3,1,0,0,0,-,4,Jan 2025
1/5/2025,Instagram,Carousel,Hiburan,100,233,8,0,1,0,1,"2,930,809",10,Jan 2025
1/5/2025,Facebook,Foto,Behind The Scene,50,55,3,0,0,0,0,"3,269,319",3,Jan 2025
1/5/2025,Instagram,Reel/Video Pendek,Promosi,100,427,21,1,1,0,1,-,24,Jan 2025
1/5/2025,Facebook,Carousel,Hiburan,50,122,10,0,1,0,0,-,11,Jan 2025
1/6/2025,Instagram,Foto,Edukasi,100,109,15,1,2,0,1,-,19,Jan 2025
1/6/2025,TikTok,Reel/Video Pendek,Hiburan,50,175,11,0,1,0,0,-,12,Jan 2025
1/6/2025,X,Carousel,Hiburan,50,85,2,0,1,1,1,-,5,Jan 2025
1/7/2025,Instagram,Story,Promosi,50,145,8,0,0,0,0,-,8,Jan 2025
1/7/2025,TikTok,Reel/Video Pendek,Edukasi,100,165,18,1,1,0,0,-,20,Jan 2025
1/7/2025,TikTok,Foto,Promosi,50,58,9,0,1,2,0,-,12,Jan 2025
1/7/2025,Instagram,Reel/Video Pendek,Hiburan,50,101,6,0,0,0,0,-,6,Jan 2025
1/7/2025,TikTok,Reel/Video Pendek,Promosi,50,212,1,0,1,0,0,-,2,Jan 2025
1/7/2025,X,Foto,Behind The Scene,50,105,4,0,0,2,0,-,6,Jan 2025
1/8/2025,X,Carousel,Edukasi,150,347,21,0,3,0,0,-,24,Jan 2025
1/8/2025,Instagram,Foto,Behind The Scene,50,197,7,0,0,1,0,-,8,Jan 2025
1/8/2025,TikTok,Story,Promosi,50,64,2,0,0,0,0,"1,494,115",2,Jan 2025
1/8/2025,X,Story,Behind The Scene,50,167,5,0,0,0,0,-,5,Jan 2025
1/8/2025,TikTok,Carousel,Hiburan,50,94,6,0,1,0,0,-,7,Jan 2025
1/8/2025,Facebook,Foto,Edukasi,400,1122,40,6,2,0,2,"193,603",50,Jan 2025
1/9/2025,X,Story,Promosi,50,113,5,0,0,1,0,-,6,Jan 2025
1/9/2025,Facebook,Story,Promosi,150,201,11,2,1,4,1,"1,010,238",19,Jan 2025
1/9/2025,Instagram,Story,Edukasi,550,1201,54,7,0,0,2,-,63,Jan 2025
1/9/2025,Facebook,Carousel,Behind The Scene,200,856,36,0,2,0,5,"1,057,588",43,Jan 2025
1/9/2025,X,Story,Promosi,50,75,11,0,1,1,0,"1,640,712",13,Jan 2025
1/9/2025,X,Foto,Hiburan,100,228,19,1,2,0,2,"138,701",24,Jan 2025
1/9/2025,Facebook,Foto,Hiburan,550,852,53,6,8,0,8,-,75,Jan 2025
1/9/2025,X,Foto,Hiburan,50,137,9,0,0,0,0,-,9,Jan 2025
1/9/2025,X,Story,Promosi,100,131,23,0,0,0,0,-,23,Jan 2025
1/9/2025,Instagram,Story,Hiburan,50,218,9,0,0,1,0,"482,774",10,Jan 2025
1/10/2025,X,Story,Hiburan,50,88,9,0,0,0,0,"75,985",9,Jan 2025
1/10/2025,X,Reel/Video Pendek,Behind The Scene,50,51,11,0,1,0,1,-,13,Jan 2025
1/10/2025,TikTok,Story,Behind The Scene,50,181,8,0,0,0,1,-,9,Jan 2025
1/10/2025,X,Carousel,Hiburan,150,364,9,2,2,0,1,"77,987",14,Jan 2025
1/10/2025,Facebook,Reel/Video Pendek,Promosi,150,177,23,1,1,0,2,-,27,Jan 2025
1/10/2025,X,Story,Edukasi,50,174,8,0,1,0,0,"1,711,219",9,Jan 2025
1/10/2025,Instagram,Foto,Edukasi,100,404,9,1,0,0,1,"64,766",11,Jan 2025
1/10/2025,X,Story,Promosi,50,130,3,0,1,0,0,-,4,Jan 2025
1/10/2025,Facebook,Story,Promosi,50,51,6,0,0,0,0,-,6,Jan 2025
1/11/2025,X,Foto,Promosi,50,63,12,0,0,0,0,-,12,Jan 2025
1/11/2025,TikTok,Carousel,Promosi,1500,4654,139,12,10,0,68,-,229,Jan 2025
1/11/2025,TikTok,Foto,Promosi,50,103,9,0,1,0,0,-,10,Jan 2025
1/11/2025,Instagram,Foto,Edukasi,50,91,5,0,0,1,0,-,6,Jan 2025
1/11/2025,Instagram,Reel/Video Pendek,Edukasi,50,118,1,0,0,0,0,-,1,Jan 2025
1/11/2025,X,Foto,Edukasi,50,104,2,0,0,0,0,"4,835,982",2,Jan 2025
1/11/2025,Instagram,Foto,Edukasi,100,225,22,1,1,2,1,-,27,Jan 2025
1/12/2025,TikTok,Story,Promosi,50,166,5,0,0,0,0,-,5,Jan 2025
1/12/2025,Facebook,Foto,Edukasi,150,294,23,1,2,0,2,-,28,Jan 2025
1/12/2025,TikTok,Foto,Hiburan,50,112,3,0,0,0,0,"143,846",3,Jan 2025
1/12/2025,Instagram,Foto,Promosi,50,98,1,0,0,0,0,-,1,Jan 2025
1/12/2025,TikTok,Reel/Video Pendek,Edukasi,50,57,4,0,0,0,0,-,4,Jan 2025
1/12/2025,Facebook,Reel/Video Pendek,Promosi,50,113,11,0,0,0,0,-,11,Jan 2025
1/12/2025,Facebook,Reel/Video Pendek,Promosi,50,194,7,0,0,0,2,"321,664",9,Jan 2025
1/12/2025,TikTok,Story,Behind The Scene,50,92,2,0,0,0,1,-,3,Jan 2025
1/12/2025,TikTok,Carousel,Edukasi,150,649,34,1,0,7,0,"4,195,447",42,Jan 2025
1/13/2025,X,Foto,Behind The Scene,50,223,11,0,0,1,0,"115,740",12,Jan 2025
1/13/2025,Instagram,Foto,Behind The Scene,50,118,6,0,1,0,0,"3,703,843",7,Jan 2025
1/13/2025,X,Foto,Behind The Scene,100,212,9,0,1,3,0,-,13,Jan 2025
1/13/2025,X,Carousel,Behind The Scene,100,423,9,1,2,0,1,-,13,Jan 2025
1/13/2025,Instagram,Story,Behind The Scene,100,195,12,0,0,0,1,-,13,Jan 2025
1/13/2025,TikTok,Reel/Video Pendek,Edukasi,150,579,10,2,1,0,0,-,13,Jan 2025
1/14/2025,Facebook,Story,Behind The Scene,50,178,5,0,1,0,0,-,6,Jan 2025
1/14/2025,TikTok,Reel/Video Pendek,Promosi,150,205,16,1,4,0,2,-,23,Jan 2025
1/14/2025,Instagram,Foto,Edukasi,450,1486,110,1,9,0,6,"80,485",126,Jan 2025
1/14/2025,X,Story,Edukasi,100,167,24,0,2,2,0,-,28,Jan 2025
1/14/2025,Facebook,Carousel,Hiburan,50,74,6,0,0,0,0,-,6,Jan 2025
1/14/2025,Instagram,Story,Edukasi,50,99,8,0,1,0,0,-,9,Jan 2025
1/14/2025,Instagram,Story,Behind The Scene,50,69,7,0,0,2,0,-,9,Jan 2025
1/14/2025,TikTok,Carousel,Promosi,50,152,11,0,0,0,0,"233,673",11,Jan 2025
1/14/2025,Instagram,Reel/Video Pendek,Hiburan,150,323,20,0,0,0,0,-,20,Jan 2025
1/14/2025,Instagram,Carousel,Promosi,50,116,11,0,0,0,0,-,11,Jan 2025
1/15/2025,TikTok,Story,Edukasi,50,98,2,0,0,1,1,-,4,Jan 2025
1/15/2025,Instagram,Reel/Video Pendek,Hiburan,50,69,1,0,0,0,0,-,1,Jan 2025
1/15/2025,X,Foto,Edukasi,50,117,11,0,0,1,0,-,12,Jan 2025
1/15/2025,Instagram,Carousel,Behind The Scene,50,86,6,0,0,0,0,-,6,Jan 2025
1/15/2025,X,Foto,Hiburan,50,85,5,0,0,0,0,-,5,Jan 2025
1/15/2025,Facebook,Foto,Behind The Scene,50,82,11,0,0,0,0,-,11,Jan 2025
1/15/2025,X,Story,Edukasi,100,146,24,0,1,0,0,-,25,Jan 2025
1/15/2025,Facebook,Carousel,Hiburan,50,115,6,0,0,1,0,-,7,Jan 2025
1/16/2025,X,Foto,Edukasi,50,134,8,0,1,0,0,-,9,Jan 2025
1/16/2025,X,Foto,Behind The Scene,50,108,2,0,0,0,0,-,2,Jan 2025
1/16/2025,X,Foto,Promosi,7000,14586,379,68,192,0,86,-,725,Jan 2025
1/16/2025,Instagram,Reel/Video Pendek,Edukasi,50,163,3,0,0,0,0,-,3,Jan 2025
1/16/2025,X,Reel/Video Pendek,Promosi,600,1954,72,8,1,20,10,"208,907",111,Jan 2025
1/16/2025,X,Reel/Video Pendek,Hiburan,200,270,16,0,2,0,4,-,22,Jan 2025
1/16/2025,TikTok,Reel/Video Pendek,Behind The Scene,50,92,5,0,0,0,0,-,5,Jan 2025
1/16/2025,TikTok,Story,Edukasi,50,86,7,0,0,0,0,-,7,Jan 2025
1/17/2025,X,Reel/Video Pendek,Promosi,100,232,13,0,0,0,0,"2,351,953",13,Jan 2025
1/17/2025,Facebook,Story,Behind The Scene,50,107,9,0,0,0,0,-,9,Jan 2025
1/17/2025,TikTok,Story,Hiburan,50,142,5,0,1,0,0,-,6,Jan 2025
1/17/2025,X,Story,Edukasi,50,62,2,0,0,0,0,-,2,Jan 2025
1/17/2025,Instagram,Carousel,Behind The Scene,250,550,16,3,7,0,4,-,30,Jan 2025
1/17/2025,Instagram,Story,Behind The Scene,50,67,9,0,1,0,0,-,10,Jan 2025
1/18/2025,TikTok,Story,Hiburan,100,423,10,1,0,0,0,-,11,Jan 2025
1/18/2025,TikTok,Reel/Video Pendek,Behind The Scene,100,443,13,1,0,0,1,-,15,Jan 2025
1/18/2025,Facebook,Reel/Video Pendek,Edukasi,50,101,11,0,0,0,0,"221,379",11,Jan 2025
1/18/2025,Facebook,Carousel,Promosi,150,376,26,2,1,0,1,-,30,Jan 2025
1/18/2025,TikTok,Reel/Video Pendek,Behind The Scene,50,106,11,0,0,1,0,-,12,Jan 2025
1/18/2025,Facebook,Carousel,Behind The Scene,50,61,8,0,0,0,0,"340,187",8,Jan 2025
1/18/2025,Facebook,Carousel,Edukasi,50,53,11,0,1,0,0,-,12,Jan 2025
1/18/2025,TikTok,Carousel,Edukasi,50,50,11,0,0,0,2,"85,772",13,Jan 2025
1/19/2025,X,Carousel,Edukasi,50,119,1,0,0,0,0,-,1,Jan 2025
1/19/2025,Instagram,Carousel,Behind The Scene,50,114,5,0,0,0,0,-,5,Jan 2025
1/19/2025,Instagram,Reel/Video Pendek,Promosi,200,840,44,2,2,0,7,"311,522",55,Jan 2025
1/19/2025,TikTok,Carousel,Edukasi,100,419,9,0,1,0,1,"68,378",11,Jan 2025
1/19/2025,Instagram,Foto,Edukasi,50,53,11,0,1,1,0,-,13,Jan 2025
1/19/2025,Instagram,Reel/Video Pendek,Promosi,50,76,2,0,0,0,0,"102,767",2,Jan 2025
1/19/2025,TikTok,Foto,Hiburan,50,58,3,0,1,1,0,-,5,Jan 2025
1/20/2025,Instagram,Carousel,Hiburan,50,81,11,0,0,0,0,"2,145,101",11,Jan 2025
1/20/2025,Facebook,Story,Promosi,50,129,9,0,0,0,2,-,11,Jan 2025
1/20/2025,Instagram,Reel/Video Pendek,Promosi,100,195,14,1,2,0,1,-,18,Jan 2025
1/20/2025,Facebook,Story,Edukasi,50,153,1,0,1,0,0,-,2,Jan 2025
1/20/2025,Facebook,Foto,Hiburan,50,95,5,0,1,0,1,"459,801",7,Jan 2025
1/20/2025,Instagram,Reel/Video Pendek,Hiburan,50,85,2,0,0,0,0,-,2,Jan 2025
1/20/2025,X,Reel/Video Pendek,Promosi,4850,10358,749,21,111,0,92,"150,650",973,Jan 2025
1/20/2025,Instagram,Carousel,Promosi,50,62,5,0,0,0,0,-,5,Jan 2025
1/20/2025,TikTok,Carousel,Edukasi,50,59,3,0,1,0,0,-,4,Jan 2025
1/20/2025,Facebook,Story,Hiburan,150,306,6,0,2,0,1,-,9,Jan 2025
1/21/2025,TikTok,Reel/Video Pendek,Edukasi,700,2353,71,1,11,0,21,-,104,Jan 2025
1/21/2025,X,Reel/Video Pendek,Promosi,50,123,4,0,0,1,0,-,5,Jan 2025
1/21/2025,Facebook,Reel/Video Pendek,Behind The Scene,150,332,21,2,3,0,3,"461,201",29,Jan 2025
1/21/2025,Facebook,Carousel,Edukasi,50,53,5,0,0,0,0,-,5,Jan 2025
1/21/2025,Instagram,Carousel,Behind The Scene,50,119,4,0,0,0,0,-,4,Jan 2025
1/21/2025,Instagram,Carousel,Hiburan,50,68,1,0,0,0,0,-,1,Jan 2025
1/21/2025,Facebook,Foto,Hiburan,100,238,18,0,1,0,1,-,20,Jan 2025
1/21/2025,Facebook,Carousel,Promosi,50,178,7,0,0,0,0,-,7,Jan 2025
1/21/2025,Instagram,Carousel,Behind The Scene,100,182,21,0,0,2,1,-,24,Jan 2025
1/21/2025,X,Carousel,Behind The Scene,100,422,15,1,2,1,0,-,19,Jan 2025
1/21/2025,Instagram,Carousel,Edukasi,50,115,2,0,0,0,0,"4,761,977",2,Jan 2025
1/22/2025,Facebook,Carousel,Hiburan,150,254,32,2,0,0,0,-,34,Jan 2025
1/22/2025,Instagram,Carousel,Edukasi,50,74,7,0,0,0,1,-,8,Jan 2025
1/22/2025,Instagram,Story,Edukasi,50,70,7,0,1,0,0,-,8,Jan 2025
1/22/2025,Instagram,Carousel,Promosi,50,102,3,0,0,0,1,-,4,Jan 2025
1/22/2025,Facebook,Carousel,Promosi,50,61,10,0,0,0,0,"277,237",10,Jan 2025
1/23/2025,TikTok,Carousel,Behind The Scene,100,153,14,0,0,0,0,-,14,Jan 2025
1/23/2025,Instagram,Story,Edukasi,50,155,2,0,1,0,0,-,3,Jan 2025
1/23/2025,X,Foto,Promosi,50,89,8,0,1,0,0,-,9,Jan 2025
1/24/2025,Instagram,Carousel,Edukasi,300,1065,13,4,7,0,2,-,26,Jan 2025
1/24/2025,X,Foto,Behind The Scene,50,136,9,0,0,0,1,-,10,Jan 2025
1/24/2025,TikTok,Foto,Hiburan,50,100,5,0,0,0,0,-,5,Jan 2025
1/24/2025,TikTok,Reel/Video Pendek,Behind The Scene,650,1075,40,12,14,17,3,-,86,Jan 2025
1/24/2025,Instagram,Story,Edukasi,100,209,8,0,0,4,1,"4,009,031",13,Jan 2025
1/24/2025,TikTok,Foto,Edukasi,50,96,7,0,1,0,0,"378,811",8,Jan 2025
1/24/2025,Facebook,Story,Edukasi,50,90,11,0,1,0,0,"1,465,670",12,Jan 2025
1/24/2025,Instagram,Story,Behind The Scene,50,81,12,0,0,2,0,-,14,Jan 2025
1/24/2025,X,Reel/Video Pendek,Hiburan,150,214,16,1,0,0,2,"124,462",19,Jan 2025
1/24/2025,TikTok,Foto,Edukasi,50,78,3,0,1,1,0,"213,235",5,Jan 2025
1/24/2025,Facebook,Reel/Video Pendek,Promosi,50,113,6,0,1,0,0,"181,355",7,Jan 2025
1/25/2025,X,Carousel,Edukasi,50,138,4,0,0,0,1,-,5,Jan 2025
1/25/2025,X,Foto,Edukasi,100,166,7,1,1,0,1,"558,154",10,Jan 2025
1/25/2025,Instagram,Story,Promosi,350,1071,56,4,10,0,6,"4,647,846",76,Jan 2025
1/25/2025,X,Carousel,Promosi,50,60,12,0,1,0,2,"1,024,525",15,Jan 2025
1/25/2025,X,Reel/Video Pendek,Promosi,50,210,10,0,0,0,0,-,10,Jan 2025
1/25/2025,Instagram,Story,Hiburan,50,114,8,0,0,0,0,-,8,Jan 2025
1/25/2025,TikTok,Reel/Video Pendek,Promosi,50,211,6,0,1,0,0,"137,192",7,Jan 2025
1/25/2025,X,Foto,Behind The Scene,150,487,37,2,1,0,0,-,40,Jan 2025
1/26/2025,TikTok,Reel/Video Pendek,Hiburan,150,368,6,0,3,0,1,"110,705",10,Jan 2025
1/26/2025,X,Story,Behind The Scene,750,1310,169,13,16,28,17,-,243,Jan 2025
1/26/2025,Facebook,Carousel,Edukasi,1400,3461,335,18,8,56,41,-,458,Jan 2025
1/26/2025,Instagram,Reel/Video Pendek,Edukasi,150,508,20,2,3,0,2,-,27,Jan 2025
1/26/2025,X,Foto,Hiburan,150,374,32,0,4,0,0,-,36,Jan 2025
1/26/2025,X,Reel/Video Pendek,Edukasi,50,154,2,0,1,0,0,-,3,Jan 2025
1/26/2025,X,Carousel,Edukasi,50,161,6,0,0,0,0,"3,266,068",6,Jan 2025
1/26/2025,X,Story,Promosi,50,83,12,0,1,0,0,-,13,Jan 2025
1/27/2025,TikTok,Reel/Video Pendek,Promosi,50,150,2,0,1,0,0,-,3,Jan 2025
1/27/2025,Facebook,Foto,Promosi,50,210,10,0,0,0,0,"68,223",10,Jan 2025
1/27/2025,TikTok,Story,Behind The Scene,350,1566,81,1,4,10,2,"517,957",98,Jan 2025
1/27/2025,Instagram,Foto,Promosi,250,663,32,4,5,7,3,-,51,Jan 2025
1/27/2025,Instagram,Reel/Video Pendek,Promosi,50,219,10,0,0,0,1,-,11,Jan 2025
1/27/2025,X,Foto,Behind The Scene,3150,7022,411,56,68,0,31,-,566,Jan 2025
1/27/2025,Instagram,Foto,Promosi,50,76,6,0,0,0,0,-,6,Jan 2025
1/27/2025,TikTok,Story,Promosi,50,115,4,0,0,0,0,-,4,Jan 2025
1/27/2025,TikTok,Reel/Video Pendek,Promosi,50,96,10,0,1,1,1,-,13,Jan 2025
1/28/2025,Facebook,Story,Behind The Scene,50,124,5,0,0,0,0,-,5,Jan 2025
1/28/2025,Instagram,Foto,Behind The Scene,50,165,12,0,1,0,0,"1,424,321",13,Jan 2025
1/28/2025,TikTok,Carousel,Edukasi,500,2204,31,6,8,0,9,"506,522",54,Jan 2025
1/28/2025,Instagram,Carousel,Behind The Scene,50,123,8,0,0,0,0,-,8,Jan 2025
1/29/2025,TikTok,Story,Edukasi,50,63,4,0,0,0,0,-,4,Jan 2025
1/29/2025,Instagram,Foto,Behind The Scene,50,104,5,0,1,0,0,-,6,Jan 2025
1/29/2025,Instagram,Carousel,Edukasi,100,350,22,1,2,4,0,-,29,Jan 2025
1/29/2025,X,Story,Edukasi,50,114,10,0,0,0,0,"748,323",10,Jan 2025
1/29/2025,Facebook,Foto,Edukasi,50,145,9,0,0,0,0,"194,254",9,Jan 2025
1/29/2025,Facebook,Foto,Hiburan,50,119,12,0,1,0,0,"77,293",13,Jan 2025
1/29/2025,Instagram,Foto,Hiburan,100,112,3,1,2,0,1,-,7,Jan 2025
1/29/2025,Facebook,Foto,Hiburan,50,133,3,0,0,0,0,"1,172,144",3,Jan 2025
1/30/2025,Instagram,Story,Promosi,50,85,2,0,1,0,0,"309,711",3,Jan 2025
1/30/2025,TikTok,Foto,Promosi,50,111,4,0,1,0,0,-,5,Jan 2025
1/30/2025,TikTok,Foto,Edukasi,50,215,9,0,0,0,0,"71,174",9,Jan 2025
1/30/2025,Instagram,Story,Behind The Scene,100,169,4,0,2,2,1,-,9,Jan 2025
1/30/2025,TikTok,Reel/Video Pendek,Behind The Scene,50,101,5,0,1,0,0,-,6,Jan 2025
1/31/2025,TikTok,Story,Hiburan,50,100,8,0,1,0,0,-,9,Jan 2025
1/31/2025,TikTok,Story,Hiburan,50,83,4,0,1,1,1,-,7,Jan 2025
1/31/2025,TikTok,Story,Behind The Scene,150,428,31,2,3,1,0,-,37,Jan 2025
1/31/2025,Facebook,Reel/Video Pendek,Hiburan,50,82,7,0,0,0,0,-,7,Jan 2025
1/31/2025,TikTok,Reel/Video Pendek,Promosi,50,56,12,0,1,0,0,"62,350",13,Jan 2025
1/31/2025,Facebook,Reel/Video Pendek,Promosi,50,51,2,0,0,0,1,-,3,Jan 2025
1/31/2025,Instagram,Story,Behind The Scene,50,112,11,0,1,1,0,"1,515,880",13,Jan 2025
1/31/2025,Facebook,Foto,Behind The Scene,150,311,12,2,3,0,4,-,21,Jan 2025
1/31/2025,Instagram,Reel/Video Pendek,Promosi,50,158,8,0,0,0,0,"1,469,697",8,Jan 2025
2/1/2025,TikTok,Carousel,Edukasi,50,121,11,0,0,0,0,-,11,Feb 2025
2/1/2025,Facebook,Story,Promosi,200,215,10,0,3,1,3,-,17,Feb 2025
2/1/2025,TikTok,Carousel,Edukasi,200,333,42,3,3,1,0,-,49,Feb 2025
2/1/2025,TikTok,Reel/Video Pendek,Behind The Scene,50,188,10,0,0,0,2,-,12,Feb 2025
2/1/2025,Instagram,Reel/Video Pendek,Hiburan,50,104,9,0,0,2,0,"413,406",11,Feb 2025
2/2/2025,Instagram,Carousel,Behind The Scene,50,205,11,0,1,1,0,"2,656,790",13,Feb 2025
2/2/2025,Instagram,Story,Hiburan,50,202,10,0,0,0,0,-,10,Feb 2025
2/2/2025,TikTok,Foto,Behind The Scene,100,104,10,1,2,2,0,"56,181",15,Feb 2025
2/2/2025,TikTok,Carousel,Promosi,150,566,21,1,0,0,2,-,24,Feb 2025
2/2/2025,Instagram,Carousel,Edukasi,50,162,11,0,1,0,1,-,13,Feb 2025
2/2/2025,X,Carousel,Promosi,50,90,8,0,1,0,0,"487,086",9,Feb 2025
2/2/2025,X,Foto,Promosi,50,112,8,0,1,1,0,-,10,Feb 2025
2/2/2025,TikTok,Carousel,Promosi,150,357,31,2,1,0,2,-,36,Feb 2025
2/2/2025,X,Story,Promosi,50,54,11,0,0,1,1,-,13,Feb 2025
2/3/2025,X,Story,Promosi,150,569,7,0,1,0,3,"1,694,072",11,Feb 2025
2/3/2025,Facebook,Story,Behind The Scene,50,80,5,0,1,0,0,-,6,Feb 2025
2/3/2025,Instagram,Story,Hiburan,50,84,8,0,0,0,0,-,8,Feb 2025
2/3/2025,X,Story,Behind The Scene,50,120,5,0,1,0,0,-,6,Feb 2025
2/3/2025,Facebook,Foto,Edukasi,50,187,2,0,0,0,0,"189,937",2,Feb 2025
2/3/2025,Instagram,Story,Hiburan,50,89,3,0,1,0,0,"824,583",4,Feb 2025
2/3/2025,Instagram,Foto,Behind The Scene,50,205,3,0,1,0,1,-,5,Feb 2025
2/4/2025,Facebook,Foto,Behind The Scene,50,87,9,0,0,0,0,"815,168",9,Feb 2025
2/4/2025,TikTok,Foto,Promosi,100,234,19,1,0,3,0,"98,658",23,Feb 2025
2/4/2025,Instagram,Foto,Hiburan,200,291,40,2,2,0,1,-,45,Feb 2025
2/4/2025,Facebook,Reel/Video Pendek,Hiburan,150,236,34,2,2,0,4,-,42,Feb 2025
2/4/2025,Instagram,Story,Behind The Scene,900,1846,46,15,2,0,31,-,94,Feb 2025
2/4/2025,Instagram,Carousel,Hiburan,100,174,19,0,1,0,0,-,20,Feb 2025
2/4/2025,Instagram,Foto,Behind The Scene,50,89,5,0,1,0,0,"77,741",6,Feb 2025
2/4/2025,X,Foto,Edukasi,50,138,8,0,1,0,0,-,9,Feb 2025
2/4/2025,X,Carousel,Behind The Scene,200,331,21,2,2,1,3,-,29,Feb 2025
2/4/2025,X,Reel/Video Pendek,Behind The Scene,50,139,8,0,0,0,0,"137,312",8,Feb 2025
2/4/2025,Facebook,Foto,Hiburan,27750,85066,6004,109,664,855,349,"2,587,669",7981,Feb 2025
2/4/2025,TikTok,Carousel,Behind The Scene,50,57,5,0,0,0,1,-,6,Feb 2025
2/4/2025,X,Story,Edukasi,50,88,9,0,1,0,0,-,10,Feb 2025
2/4/2025,X,Foto,Promosi,50,195,2,0,0,0,0,"349,097",2,Feb 2025
2/4/2025,Facebook,Reel/Video Pendek,Hiburan,300,462,51,3,8,13,0,-,75,Feb 2025
2/5/2025,Facebook,Reel/Video Pendek,Promosi,50,119,10,0,1,0,0,-,11,Feb 2025
2/5/2025,Instagram,Carousel,Edukasi,50,51,3,0,1,0,0,"140,282",4,Feb 2025
2/5/2025,Facebook,Reel/Video Pendek,Promosi,50,151,2,0,1,2,0,"345,439",5,Feb 2025
2/5/2025,X,Foto,Behind The Scene,50,91,8,0,0,0,0,-,8,Feb 2025
2/5/2025,Facebook,Reel/Video Pendek,Hiburan,50,96,12,0,0,0,0,-,12,Feb 2025
2/6/2025,Facebook,Reel/Video Pendek,Hiburan,50,60,3,0,0,2,1,-,6,Feb 2025
2/6/2025,Facebook,Foto,Edukasi,50,180,7,0,0,0,0,-,7,Feb 2025
2/6/2025,Facebook,Carousel,Promosi,200,582,49,2,3,0,3,"501,532",57,Feb 2025
2/6/2025,Facebook,Foto,Edukasi,50,111,9,0,1,2,0,-,12,Feb 2025
2/6/2025,Instagram,Carousel,Hiburan,250,432,36,3,4,0,0,-,43,Feb 2025
2/6/2025,TikTok,Story,Promosi,150,473,6,1,2,3,2,-,14,Feb 2025
2/6/2025,TikTok,Carousel,Hiburan,950,2540,201,3,4,0,15,-,223,Feb 2025
2/7/2025,TikTok,Story,Hiburan,100,281,9,0,1,0,1,-,11,Feb 2025
2/7/2025,TikTok,Foto,Behind The Scene,50,75,12,0,0,0,0,-,12,Feb 2025
2/7/2025,TikTok,Carousel,Edukasi,500,1169,50,8,13,4,4,-,79,Feb 2025
2/7/2025,X,Story,Edukasi,50,147,7,0,1,1,0,"129,295",9,Feb 2025
2/7/2025,TikTok,Reel/Video Pendek,Behind The Scene,5650,20349,786,99,23,0,55,-,963,Feb 2025
2/7/2025,TikTok,Carousel,Edukasi,50,177,3,0,1,0,0,-,4,Feb 2025
2/7/2025,Facebook,Foto,Edukasi,300,534,61,1,5,0,1,-,68,Feb 2025
2/8/2025,TikTok,Foto,Hiburan,50,124,10,0,1,0,2,-,13,Feb 2025
2/8/2025,Instagram,Reel/Video Pendek,Promosi,50,130,4,0,0,0,0,"77,750",4,Feb 2025
2/8/2025,Instagram,Story,Hiburan,50,96,9,0,0,0,0,"2,947,700",9,Feb 2025
2/8/2025,Facebook,Foto,Hiburan,50,66,5,0,0,0,0,-,5,Feb 2025
2/8/2025,Instagram,Carousel,Behind The Scene,50,62,2,0,1,0,0,"171,950",3,Feb 2025
2/8/2025,TikTok,Story,Behind The Scene,50,216,11,0,0,0,0,-,11,Feb 2025
2/8/2025,Instagram,Foto,Edukasi,50,57,9,0,0,0,0,"1,295,927",9,Feb 2025
2/8/2025,TikTok,Carousel,Promosi,50,220,9,0,0,0,1,-,10,Feb 2025
2/8/2025,X,Carousel,Promosi,150,294,27,1,1,0,2,-,31,Feb 2025
2/9/2025,TikTok,Story,Edukasi,50,112,6,0,0,0,0,-,6,Feb 2025
2/9/2025,Facebook,Reel/Video Pendek,Behind The Scene,50,78,10,0,0,0,0,-,10,Feb 2025
2/9/2025,TikTok,Story,Behind The Scene,50,101,6,0,0,0,0,"65,240",6,Feb 2025
2/9/2025,Instagram,Foto,Behind The Scene,150,493,27,0,1,0,1,"3,072,540",29,Feb 2025
2/9/2025,Instagram,Carousel,Edukasi,600,1035,49,1,6,18,3,-,77,Feb 2025
2/9/2025,Facebook,Reel/Video Pendek,Behind The Scene,50,104,4,0,0,0,0,"1,599,697",4,Feb 2025
2/9/2025,X,Reel/Video Pendek,Promosi,50,167,8,0,0,0,0,-,8,Feb 2025
2/9/2025,Instagram,Story,Behind The Scene,100,228,6,1,1,0,0,"898,439",8,Feb 2025
2/9/2025,X,Carousel,Hiburan,250,319,11,0,3,5,6,-,25,Feb 2025
2/10/2025,X,Story,Behind The Scene,50,92,4,0,1,0,0,-,5,Feb 2025
2/10/2025,Facebook,Foto,Promosi,50,66,6,0,0,0,1,"1,481,638",7,Feb 2025
2/10/2025,X,Carousel,Behind The Scene,100,105,15,0,0,0,2,-,17,Feb 2025
2/10/2025,Facebook,Foto,Edukasi,50,85,12,0,0,0,0,-,12,Feb 2025
2/10/2025,X,Story,Hiburan,50,94,7,0,1,0,0,-,8,Feb 2025
2/10/2025,X,Carousel,Promosi,100,121,17,0,2,0,1,-,20,Feb 2025
2/10/2025,Facebook,Carousel,Behind The Scene,50,101,7,0,0,0,1,"1,585,667",8,Feb 2025
2/10/2025,Instagram,Foto,Edukasi,100,220,4,1,1,0,1,"3,428,967",7,Feb 2025
2/10/2025,X,Carousel,Edukasi,50,195,11,0,0,0,0,-,11,Feb 2025
2/10/2025,TikTok,Foto,Edukasi,450,715,32,2,12,0,0,"2,103,317",46,Feb 2025
2/11/2025,Facebook,Foto,Promosi,50,125,10,0,0,0,0,-,10,Feb 2025
2/11/2025,Facebook,Carousel,Promosi,50,96,10,0,1,0,0,-,11,Feb 2025
2/11/2025,TikTok,Carousel,Hiburan,50,111,1,0,1,2,0,-,4,Feb 2025
2/11/2025,Facebook,Foto,Behind The Scene,150,615,24,1,1,0,2,-,28,Feb 2025
2/11/2025,Instagram,Reel/Video Pendek,Behind The Scene,100,357,17,0,1,0,1,-,19,Feb 2025
2/11/2025,Facebook,Story,Behind The Scene,50,139,11,0,0,0,0,-,11,Feb 2025
2/12/2025,Instagram,Reel/Video Pendek,Edukasi,50,113,1,0,0,0,0,-,1,Feb 2025
2/12/2025,X,Carousel,Behind The Scene,100,127,23,0,2,0,2,-,27,Feb 2025
2/12/2025,Facebook,Carousel,Promosi,50,103,5,0,0,1,0,"214,597",6,Feb 2025
2/12/2025,Instagram,Reel/Video Pendek,Promosi,50,165,11,0,0,0,0,-,11,Feb 2025
2/13/2025,Instagram,Story,Behind The Scene,50,137,10,0,0,0,0,-,10,Feb 2025
2/13/2025,Instagram,Foto,Promosi,100,115,14,1,0,0,0,-,15,Feb 2025
2/13/2025,Facebook,Carousel,Behind The Scene,650,982,89,7,13,0,5,"65,337",114,Feb 2025
2/14/2025,TikTok,Reel/Video Pendek,Edukasi,100,204,16,0,0,0,0,"104,416",16,Feb 2025
2/14/2025,Facebook,Story,Promosi,50,152,8,0,0,2,2,-,12,Feb 2025
2/14/2025,TikTok,Foto,Hiburan,50,194,9,0,0,0,0,"4,104,935",9,Feb 2025
2/14/2025,TikTok,Story,Promosi,50,132,6,0,0,0,0,-,6,Feb 2025
2/15/2025,TikTok,Carousel,Edukasi,200,589,42,0,2,0,2,"2,234,142",46,Feb 2025
2/15/2025,TikTok,Foto,Edukasi,50,122,6,0,1,0,1,-,8,Feb 2025
2/15/2025,TikTok,Story,Behind The Scene,100,153,21,1,1,2,1,-,26,Feb 2025
2/15/2025,Instagram,Reel/Video Pendek,Promosi,50,91,3,0,0,0,0,-,3,Feb 2025
2/15/2025,Instagram,Foto,Edukasi,50,82,5,0,0,2,0,-,7,Feb 2025
2/15/2025,Instagram,Story,Hiburan,50,53,7,0,0,0,0,-,7,Feb 2025
2/15/2025,X,Reel/Video Pendek,Hiburan,1050,1766,236,18,30,0,7,-,291,Feb 2025
2/15/2025,TikTok,Carousel,Promosi,100,187,7,1,0,0,1,-,9,Feb 2025
2/16/2025,X,Story,Hiburan,50,106,7,0,0,0,0,-,7,Feb 2025
2/16/2025,X,Story,Promosi,50,79,2,0,0,0,0,-,2,Feb 2025
2/16/2025,TikTok,Carousel,Hiburan,50,96,10,0,0,0,0,-,10,Feb 2025
2/16/2025,Facebook,Foto,Hiburan,150,164,17,0,1,0,0,-,18,Feb 2025
2/17/2025,Facebook,Carousel,Behind The Scene,50,103,3,0,1,0,0,-,4,Feb 2025
2/17/2025,X,Foto,Edukasi,100,134,8,0,0,0,0,"63,941",8,Feb 2025
2/17/2025,TikTok,Story,Behind The Scene,50,159,2,0,1,0,1,-,4,Feb 2025
2/17/2025,TikTok,Foto,Behind The Scene,300,615,48,2,7,0,3,-,60,Feb 2025
2/17/2025,X,Reel/Video Pendek,Edukasi,150,484,26,2,1,0,2,-,31,Feb 2025
2/17/2025,X,Carousel,Edukasi,50,111,8,0,0,1,0,-,9,Feb 2025
2/17/2025,Facebook,Reel/Video Pendek,Behind The Scene,150,326,31,1,0,0,1,-,33,Feb 2025
2/17/2025,Facebook,Foto,Behind The Scene,50,148,8,0,0,0,0,-,8,Feb 2025
2/17/2025,Instagram,Foto,Promosi,150,665,18,1,1,0,3,"2,343,333",23,Feb 2025
2/17/2025,Instagram,Foto,Promosi,50,205,6,0,0,0,0,"156,029",6,Feb 2025
2/17/2025,TikTok,Foto,Hiburan,50,211,5,0,0,2,0,-,7,Feb 2025
2/17/2025,Instagram,Carousel,Promosi,50,182,5,0,0,0,0,-,5,Feb 2025
2/18/2025,X,Carousel,Edukasi,200,367,22,1,3,0,1,"161,292",27,Feb 2025
2/18/2025,Facebook,Story,Behind The Scene,12750,25491,3045,68,371,0,260,-,3744,Feb 2025
2/18/2025,TikTok,Reel/Video Pendek,Behind The Scene,50,59,4,0,1,0,0,"236,748",5,Feb 2025
2/18/2025,Instagram,Carousel,Behind The Scene,50,168,4,0,1,0,0,-,5,Feb 2025
2/19/2025,TikTok,Foto,Promosi,50,163,3,0,1,2,0,"626,634",6,Feb 2025
2/19/2025,Facebook,Carousel,Promosi,100,153,15,0,2,2,0,-,19,Feb 2025
2/19/2025,Instagram,Carousel,Edukasi,900,946,109,3,2,22,11,-,147,Feb 2025
2/19/2025,Facebook,Reel/Video Pendek,Promosi,100,204,14,0,2,1,2,"3,600,094",19,Feb 2025
2/19/2025,TikTok,Story,Behind The Scene,200,311,36,3,2,0,1,"732,922",42,Feb 2025
2/19/2025,X,Carousel,Behind The Scene,100,167,5,1,1,0,0,"132,576",7,Feb 2025
2/19/2025,Facebook,Foto,Behind The Scene,50,128,9,0,0,0,0,"330,709",9,Feb 2025
2/19/2025,Facebook,Reel/Video Pendek,Behind The Scene,50,92,6,0,0,0,0,-,6,Feb 2025
2/20/2025,X,Carousel,Hiburan,50,83,10,0,0,0,0,"2,764,301",10,Feb 2025
2/20/2025,Instagram,Story,Promosi,50,72,11,0,0,0,0,-,11,Feb 2025
2/20/2025,TikTok,Foto,Edukasi,50,119,2,0,0,1,0,-,3,Feb 2025
2/20/2025,TikTok,Reel/Video Pendek,Edukasi,50,73,1,0,1,0,0,-,2,Feb 2025
2/20/2025,Facebook,Reel/Video Pendek,Hiburan,50,207,6,0,0,0,0,-,6,Feb 2025
2/21/2025,Instagram,Reel/Video Pendek,Promosi,50,146,5,0,0,0,0,"71,931",5,Feb 2025
2/21/2025,X,Story,Behind The Scene,950,2219,181,18,23,0,2,-,224,Feb 2025
2/21/2025,Instagram,Story,Edukasi,50,117,7,0,0,0,0,-,7,Feb 2025
2/21/2025,X,Carousel,Promosi,100,386,20,1,0,0,0,-,21,Feb 2025
2/21/2025,X,Story,Behind The Scene,50,51,11,0,0,2,0,-,13,Feb 2025
2/21/2025,Facebook,Reel/Video Pendek,Edukasi,250,826,45,1,2,0,3,-,51,Feb 2025
2/22/2025,TikTok,Reel/Video Pendek,Behind The Scene,50,161,10,0,0,0,0,"234,655",10,Feb 2025
2/22/2025,Facebook,Reel/Video Pendek,Hiburan,50,117,8,0,0,1,0,-,9,Feb 2025
2/22/2025,X,Foto,Behind The Scene,150,160,31,1,2,0,2,-,36,Feb 2025
2/22/2025,Facebook,Story,Promosi,50,82,2,0,0,1,0,-,3,Feb 2025
2/22/2025,TikTok,Reel/Video Pendek,Behind The Scene,400,1346,45,5,9,0,5,"76,538",64,Feb 2025
2/22/2025,Facebook,Story,Hiburan,50,213,4,0,0,0,0,"186,723",4,Feb 2025
2/22/2025,TikTok,Foto,Hiburan,100,131,14,1,0,0,1,-,16,Feb 2025
2/22/2025,Facebook,Carousel,Hiburan,50,97,7,0,0,0,0,-,7,Feb 2025
2/22/2025,Instagram,Foto,Promosi,50,80,5,0,0,0,0,-,5,Feb 2025
2/23/2025,Instagram,Foto,Hiburan,50,172,7,0,0,0,1,-,8,Feb 2025
2/23/2025,Instagram,Reel/Video Pendek,Behind The Scene,50,118,9,0,1,0,0,-,10,Feb 2025
2/23/2025,X,Story,Behind The Scene,50,57,4,0,0,0,0,-,4,Feb 2025
2/23/2025,X,Story,Hiburan,100,253,19,1,0,0,0,-,20,Feb 2025
2/23/2025,Facebook,Story,Hiburan,100,345,15,1,0,4,1,-,21,Feb 2025
2/23/2025,Instagram,Foto,Hiburan,50,71,6,0,0,0,1,-,7,Feb 2025
2/23/2025,TikTok,Foto,Behind The Scene,150,376,6,2,3,0,1,"159,537",12,Feb 2025
2/23/2025,Facebook,Foto,Edukasi,50,85,8,0,0,0,0,"518,010",8,Feb 2025
2/23/2025,X,Foto,Hiburan,200,876,16,0,4,0,0,"3,171,917",20,Feb 2025
2/23/2025,Facebook,Story,Edukasi,50,68,8,0,0,0,0,"133,830",8,Feb 2025
2/23/2025,X,Story,Hiburan,50,73,9,0,0,0,0,"1,425,957",9,Feb 2025
2/23/2025,X,Story,Behind The Scene,50,123,2,0,0,1,0,-,3,Feb 2025
2/23/2025,Instagram,Carousel,Hiburan,50,74,5,0,1,0,0,"203,920",6,Feb 2025
2/24/2025,Instagram,Carousel,Hiburan,100,196,22,1,1,3,2,"87,988",29,Feb 2025
2/24/2025,Facebook,Story,Hiburan,50,55,3,0,0,0,0,-,3,Feb 2025
2/24/2025,TikTok,Foto,Edukasi,50,116,10,0,1,1,0,-,12,Feb 2025
2/24/2025,Instagram,Story,Edukasi,50,74,5,0,0,0,0,"135,639",5,Feb 2025
2/24/2025,Instagram,Carousel,Promosi,200,263,46,3,2,2,1,-,54,Feb 2025
2/24/2025,X,Story,Edukasi,50,218,3,0,0,0,0,-,3,Feb 2025
2/25/2025,Facebook,Carousel,Hiburan,50,121,10,0,0,0,1,-,11,Feb 2025
2/25/2025,Instagram,Carousel,Behind The Scene,50,118,3,0,0,0,0,-,3,Feb 2025
2/25/2025,TikTok,Story,Promosi,50,221,2,0,0,0,0,"740,753",2,Feb 2025
2/25/2025,Instagram,Carousel,Behind The Scene,50,74,5,0,0,0,1,"517,309",6,Feb 2025
2/25/2025,TikTok,Story,Promosi,50,104,11,0,0,0,0,-,11,Feb 2025
2/25/2025,X,Story,Edukasi,50,112,11,0,0,1,0,-,12,Feb 2025
2/25/2025,Instagram,Carousel,Promosi,300,454,25,3,0,0,4,"667,889",32,Feb 2025
2/25/2025,X,Reel/Video Pendek,Behind The Scene,50,145,1,0,0,0,0,-,1,Feb 2025
2/25/2025,X,Carousel,Behind The Scene,50,176,7,0,0,0,0,"2,665,393",7,Feb 2025
2/25/2025,Instagram,Carousel,Edukasi,350,714,32,2,6,0,1,-,41,Feb 2025
2/26/2025,Facebook,Foto,Behind The Scene,50,72,12,0,1,0,0,-,13,Feb 2025
2/26/2025,TikTok,Story,Edukasi,300,448,64,2,7,0,2,-,75,Feb 2025
2/26/2025,Instagram,Reel/Video Pendek,Edukasi,50,215,10,0,0,0,0,"1,461,717",10,Feb 2025
2/27/2025,Facebook,Carousel,Hiburan,50,76,2,0,1,2,0,-,5,Feb 2025
2/27/2025,X,Reel/Video Pendek,Behind The Scene,400,925,36,0,8,0,1,-,45,Feb 2025
2/27/2025,TikTok,Story,Edukasi,50,105,10,0,0,0,1,"487,783",11,Feb 2025
2/27/2025,Facebook,Foto,Edukasi,100,129,16,0,2,0,0,-,18,Feb 2025
2/27/2025,TikTok,Carousel,Behind The Scene,50,63,8,0,1,0,1,-,10,Feb 2025
2/27/2025,X,Foto,Behind The Scene,50,201,7,0,0,0,0,-,7,Feb 2025
2/27/2025,X,Story,Hiburan,50,53,11,0,0,0,0,-,11,Feb 2025
2/28/2025,X,Carousel,Promosi,50,89,8,0,1,0,0,"281,692",9,Feb 2025
2/28/2025,Instagram,Reel/Video Pendek,Edukasi,10350,10999,551,48,181,0,461,"874,838",1241,Feb 2025
2/28/2025,Instagram,Foto,Promosi,50,72,9,0,0,0,0,"4,856,647",9,Feb 2025
2/28/2025,Facebook,Story,Hiburan,100,208,19,1,0,0,0,-,20,Feb 2025
2/28/2025,Facebook,Foto,Edukasi,750,1865,90,5,5,0,20,-,120,Feb 2025
2/28/2025,Facebook,Story,Hiburan,50,52,10,0,0,0,0,-,10,Feb 2025
2/28/2025,TikTok,Story,Edukasi,50,82,7,0,0,0,0,-,7,Feb 2025
2/28/2025,TikTok,Reel/Video Pendek,Hiburan,50,87,9,0,0,1,0,-,10,Feb 2025
2/28/2025,Facebook,Story,Promosi,650,1405,135,2,8,0,12,-,157,Feb 2025
3/1/2025,Instagram,Foto,Behind The Scene,100,388,5,1,1,0,1,-,8,Mar 2025
3/1/2025,Facebook,Carousel,Behind The Scene,50,111,10,0,0,0,0,"4,017,413",10,Mar 2025
3/1/2025,Instagram,Reel/Video Pendek,Promosi,50,109,9,0,0,0,0,-,9,Mar 2025
3/1/2025,Facebook,Story,Hiburan,50,120,2,0,0,1,1,-,4,Mar 2025
3/1/2025,Facebook,Foto,Edukasi,50,104,1,0,0,1,0,"2,800,537",2,Mar 2025
3/1/2025,TikTok,Reel/Video Pendek,Behind The Scene,100,223,16,1,0,0,0,-,17,Mar 2025
3/2/2025,Facebook,Foto,Promosi,50,194,10,0,0,0,1,"2,347,539",11,Mar 2025
3/2/2025,Instagram,Foto,Hiburan,50,54,6,0,0,1,1,-,8,Mar 2025
3/2/2025,TikTok,Foto,Behind The Scene,50,114,12,0,0,0,0,"399,348",12,Mar 2025
3/2/2025,Facebook,Reel/Video Pendek,Promosi,100,221,12,1,0,0,0,"175,711",13,Mar 2025
3/2/2025,X,Story,Promosi,100,102,5,0,0,4,0,-,9,Mar 2025
3/2/2025,Instagram,Reel/Video Pendek,Edukasi,50,82,9,0,0,0,0,-,9,Mar 2025
3/2/2025,TikTok,Reel/Video Pendek,Edukasi,50,137,12,0,0,0,1,"256,247",13,Mar 2025
3/3/2025,TikTok,Foto,Promosi,150,248,21,0,2,6,2,"1,081,975",31,Mar 2025
3/3/2025,Facebook,Reel/Video Pendek,Hiburan,50,215,6,0,1,0,1,-,8,Mar 2025
3/3/2025,Facebook,Reel/Video Pendek,Behind The Scene,50,92,1,0,0,0,0,-,1,Mar 2025
3/3/2025,Instagram,Story,Behind The Scene,150,487,36,2,3,4,1,-,46,Mar 2025
3/3/2025,Instagram,Story,Hiburan,50,90,2,0,1,0,0,"61,541",3,Mar 2025
3/3/2025,Facebook,Foto,Hiburan,50,71,11,0,0,0,0,-,11,Mar 2025
3/3/2025,Facebook,Carousel,Hiburan,450,697,89,7,0,0,1,-,97,Mar 2025
3/3/2025,Facebook,Reel/Video Pendek,Edukasi,50,122,9,0,0,0,1,"3,888,731",10,Mar 2025
3/4/2025,Facebook,Reel/Video Pendek,Promosi,50,211,1,0,0,0,0,"162,689",1,Mar 2025
3/4/2025,TikTok,Story,Promosi,50,187,2,0,0,2,0,-,4,Mar 2025
3/4/2025,Facebook,Foto,Edukasi,50,96,7,0,1,0,0,-,8,Mar 2025
3/4/2025,TikTok,Reel/Video Pendek,Behind The Scene,100,215,23,0,1,0,0,-,24,Mar 2025
3/4/2025,Instagram,Story,Edukasi,200,359,35,2,1,0,0,-,38,Mar 2025
3/4/2025,X,Carousel,Promosi,50,160,7,0,1,0,0,-,8,Mar 2025
3/5/2025,Facebook,Story,Edukasi,50,177,6,0,1,0,0,-,7,Mar 2025
3/5/2025,TikTok,Reel/Video Pendek,Hiburan,50,77,2,0,0,1,0,-,3,Mar 2025
3/5/2025,X,Carousel,Promosi,100,346,17,0,1,0,1,"821,927",19,Mar 2025
3/5/2025,TikTok,Carousel,Hiburan,50,115,3,0,0,0,0,"243,172",3,Mar 2025
3/6/2025,X,Reel/Video Pendek,Edukasi,50,84,6,0,0,0,0,"738,468",6,Mar 2025
3/6/2025,Instagram,Story,Behind The Scene,50,105,7,0,0,0,0,"3,630,071",7,Mar 2025
3/6/2025,Instagram,Foto,Hiburan,100,198,15,0,1,0,0,-,16,Mar 2025
3/6/2025,Instagram,Reel/Video Pendek,Behind The Scene,100,410,3,1,1,0,1,-,6,Mar 2025
3/6/2025,Facebook,Reel/Video Pendek,Behind The Scene,100,334,8,1,2,0,0,-,11,Mar 2025
3/7/2025,X,Foto,Behind The Scene,600,2325,87,6,12,0,0,-,105,Mar 2025
3/7/2025,X,Carousel,Behind The Scene,50,53,7,0,0,0,0,-,7,Mar 2025
3/7/2025,X,Story,Edukasi,50,81,3,0,1,0,0,-,4,Mar 2025
3/7/2025,Instagram,Reel/Video Pendek,Promosi,150,397,12,0,2,0,3,-,17,Mar 2025
3/7/2025,Facebook,Story,Edukasi,50,210,3,0,1,0,0,-,4,Mar 2025
3/7/2025,X,Carousel,Promosi,50,63,11,0,0,0,0,"83,448",11,Mar 2025
3/8/2025,Instagram,Story,Edukasi,50,70,6,0,1,0,0,-,7,Mar 2025
3/8/2025,X,Carousel,Edukasi,500,2207,21,9,1,15,15,"2,585,320",61,Mar 2025
3/8/2025,Facebook,Foto,Behind The Scene,150,194,27,0,0,0,1,"176,312",28,Mar 2025
3/9/2025,TikTok,Carousel,Hiburan,50,56,5,0,1,0,1,-,7,Mar 2025
3/9/2025,Instagram,Reel/Video Pendek,Hiburan,50,119,3,0,1,0,0,"836,889",4,Mar 2025
3/9/2025,Instagram,Reel/Video Pendek,Behind The Scene,50,89,2,0,0,0,0,-,2,Mar 2025
3/9/2025,X,Foto,Promosi,50,93,6,0,0,0,1,"107,280",7,Mar 2025
3/9/2025,Instagram,Reel/Video Pendek,Edukasi,50,141,12,0,0,0,0,-,12,Mar 2025
3/9/2025,Facebook,Foto,Edukasi,50,93,7,0,0,0,0,-,7,Mar 2025
3/10/2025,TikTok,Foto,Promosi,200,868,16,0,1,0,1,-,18,Mar 2025
3/10/2025,X,Story,Edukasi,100,244,13,1,0,3,3,-,20,Mar 2025
3/10/2025,X,Carousel,Promosi,50,53,9,0,0,0,0,"1,457,563",9,Mar 2025
3/10/2025,TikTok,Foto,Behind The Scene,100,238,17,1,2,0,1,-,21,Mar 2025
3/10/2025,Instagram,Story,Edukasi,250,979,21,3,6,0,1,-,31,Mar 2025
3/10/2025,Instagram,Carousel,Hiburan,50,124,5,0,0,0,0,"212,483",5,Mar 2025
3/10/2025,X,Reel/Video Pendek,Edukasi,50,187,10,0,1,2,0,-,13,Mar 2025
3/10/2025,TikTok,Reel/Video Pendek,Behind The Scene,50,187,5,0,0,1,0,-,6,Mar 2025
3/10/2025,TikTok,Story,Edukasi,250,775,17,1,4,0,5,"1,802,685",27,Mar 2025
3/10/2025,TikTok,Foto,Edukasi,50,77,12,0,0,0,0,-,12,Mar 2025
3/10/2025,TikTok,Reel/Video Pendek,Edukasi,3850,6473,200,58,83,0,32,-,373,Mar 2025
3/11/2025,X,Carousel,Promosi,50,108,3,0,1,0,0,"3,694,379",4,Mar 2025
3/11/2025,Instagram,Foto,Behind The Scene,50,120,4,0,0,0,0,-,4,Mar 2025
3/11/2025,X,Carousel,Behind The Scene,50,81,2,0,0,0,0,"284,034",2,Mar 2025
3/11/2025,Instagram,Story,Edukasi,150,273,7,1,3,0,0,-,11,Mar 2025
3/11/2025,Facebook,Reel/Video Pendek,Behind The Scene,50,91,10,0,1,0,0,-,11,Mar 2025
3/11/2025,Facebook,Reel/Video Pendek,Behind The Scene,50,154,1,0,0,0,0,-,1,Mar 2025
3/11/2025,TikTok,Reel/Video Pendek,Promosi,50,171,2,0,0,0,0,-,2,Mar 2025
3/11/2025,TikTok,Reel/Video Pendek,Promosi,50,221,10,0,0,0,0,"842,065",10,Mar 2025
3/11/2025,X,Carousel,Promosi,75300,106362,13229,518,314,0,1146,-,15207,Mar 2025
3/12/2025,Instagram,Carousel,Promosi,50,93,8,0,0,0,0,-,8,Mar 2025
3/12/2025,Facebook,Carousel,Behind The Scene,50,216,4,0,0,0,0,"1,450,548",4,Mar 2025
3/12/2025,X,Reel/Video Pendek,Behind The Scene,350,693,85,0,7,9,3,"3,984,177",104,Mar 2025
3/12/2025,TikTok,Reel/Video Pendek,Behind The Scene,50,107,2,0,1,0,0,-,3,Mar 2025
3/12/2025,Facebook,Foto,Behind The Scene,50,62,7,0,0,2,0,-,9,Mar 2025
3/12/2025,X,Story,Hiburan,50,145,11,0,0,0,0,-,11,Mar 2025
3/12/2025,Facebook,Reel/Video Pendek,Edukasi,50,109,2,0,1,1,1,"66,647",5,Mar 2025
3/13/2025,X,Foto,Edukasi,100,230,17,0,1,0,1,-,19,Mar 2025
3/13/2025,Instagram,Carousel,Edukasi,50,107,2,0,0,0,0,-,2,Mar 2025
3/13/2025,TikTok,Reel/Video Pendek,Behind The Scene,150,289,9,0,0,2,4,-,15,Mar 2025
3/13/2025,TikTok,Foto,Behind The Scene,50,140,10,0,0,0,0,-,10,Mar 2025
3/13/2025,X,Carousel,Edukasi,100,194,13,0,0,3,4,"1,583,039",20,Mar 2025
3/13/2025,X,Reel/Video Pendek,Hiburan,650,1225,30,7,1,0,3,"184,941",41,Mar 2025
3/13/2025,TikTok,Reel/Video Pendek,Promosi,50,78,1,0,0,1,0,-,2,Mar 2025
3/13/2025,TikTok,Carousel,Promosi,1300,1913,264,1,5,39,3,-,312,Mar 2025
3/14/2025,Facebook,Story,Promosi,50,71,7,0,0,0,0,"87,626",7,Mar 2025
3/14/2025,TikTok,Reel/Video Pendek,Behind The Scene,50,60,4,0,0,0,0,-,4,Mar 2025
3/14/2025,X,Foto,Hiburan,50,67,6,0,1,0,0,-,7,Mar 2025
3/14/2025,X,Reel/Video Pendek,Promosi,400,1613,69,6,3,0,2,-,80,Mar 2025
3/14/2025,TikTok,Story,Edukasi,50,72,5,0,0,0,0,"1,693,079",5,Mar 2025
3/14/2025,Instagram,Story,Promosi,50,221,9,0,0,0,0,-,9,Mar 2025
3/15/2025,X,Foto,Promosi,150,365,20,1,1,0,1,"2,730,356",23,Mar 2025
3/15/2025,Instagram,Carousel,Hiburan,150,246,5,2,4,5,1,-,17,Mar 2025
3/15/2025,Facebook,Reel/Video Pendek,Hiburan,50,66,10,0,0,0,0,-,10,Mar 2025
3/15/2025,Instagram,Carousel,Promosi,50,100,6,0,0,0,0,-,6,Mar 2025
3/15/2025,Instagram,Foto,Behind The Scene,50,118,6,0,0,0,0,"281,672",6,Mar 2025
3/16/2025,Instagram,Carousel,Promosi,100,198,22,0,0,1,1,"600,209",24,Mar 2025
3/16/2025,X,Story,Behind The Scene,200,301,22,1,3,0,2,-,28,Mar 2025
3/16/2025,TikTok,Story,Hiburan,50,183,3,0,0,0,0,-,3,Mar 2025
3/16/2025,Instagram,Story,Promosi,150,536,9,2,4,0,2,"54,042",17,Mar 2025
3/16/2025,X,Foto,Edukasi,450,1794,75,5,9,3,12,-,104,Mar 2025
3/16/2025,X,Foto,Edukasi,50,136,10,0,0,0,0,-,10,Mar 2025
3/16/2025,TikTok,Story,Edukasi,50,115,1,0,1,0,0,-,2,Mar 2025
3/16/2025,Instagram,Story,Promosi,50,116,6,0,0,1,1,-,8,Mar 2025
3/17/2025,X,Story,Behind The Scene,150,595,17,0,1,6,2,-,26,Mar 2025
3/17/2025,TikTok,Carousel,Promosi,50,213,9,0,0,0,0,-,9,Mar 2025
3/17/2025,X,Carousel,Edukasi,50,116,11,0,1,0,0,-,12,Mar 2025
3/17/2025,Instagram,Story,Promosi,700,727,158,8,13,0,6,-,185,Mar 2025
3/17/2025,TikTok,Foto,Hiburan,50,60,6,0,0,0,0,-,6,Mar 2025
3/17/2025,X,Foto,Edukasi,50,75,4,0,0,1,0,"1,997,486",5,Mar 2025
3/17/2025,TikTok,Reel/Video Pendek,Behind The Scene,50,115,3,0,0,0,0,"146,610",3,Mar 2025
3/17/2025,TikTok,Carousel,Promosi,100,232,22,1,1,0,3,"3,500,486",27,Mar 2025
3/18/2025,X,Carousel,Behind The Scene,200,285,25,2,5,0,10,-,42,Mar 2025
3/18/2025,TikTok,Story,Edukasi,100,354,14,0,1,1,0,-,16,Mar 2025
3/18/2025,Instagram,Foto,Hiburan,100,202,20,0,1,0,0,-,21,Mar 2025
3/18/2025,Instagram,Story,Promosi,200,644,45,3,0,1,1,"1,015,037",50,Mar 2025
3/18/2025,X,Carousel,Hiburan,50,136,7,0,0,0,0,"4,454,209",7,Mar 2025
3/18/2025,TikTok,Story,Promosi,8950,17903,504,153,40,0,15,-,712,Mar 2025
3/18/2025,Facebook,Carousel,Behind The Scene,50,79,6,0,1,0,0,-,7,Mar 2025
3/18/2025,TikTok,Carousel,Behind The Scene,50,54,6,0,0,0,2,"313,770",8,Mar 2025
3/18/2025,X,Reel/Video Pendek,Hiburan,100,107,7,0,2,1,0,"326,292",10,Mar 2025
3/19/2025,Instagram,Reel/Video Pendek,Hiburan,50,150,4,0,0,2,0,-,6,Mar 2025
3/19/2025,Facebook,Foto,Behind The Scene,100,234,13,0,2,0,0,-,15,Mar 2025
3/19/2025,Facebook,Reel/Video Pendek,Hiburan,50,75,2,0,1,0,0,"1,864,466",3,Mar 2025
3/19/2025,Facebook,Story,Behind The Scene,50,67,6,0,1,0,0,-,7,Mar 2025
3/20/2025,Instagram,Foto,Promosi,50,115,9,0,0,0,0,-,9,Mar 2025
3/20/2025,Instagram,Story,Hiburan,100,198,7,0,2,0,5,"70,287",14,Mar 2025
3/20/2025,Facebook,Foto,Promosi,150,169,24,2,4,6,5,"882,217",41,Mar 2025
3/20/2025,TikTok,Carousel,Edukasi,50,115,4,0,0,0,0,"876,648",4,Mar 2025
3/20/2025,Facebook,Story,Behind The Scene,100,207,3,1,1,0,0,-,5,Mar 2025
3/20/2025,Instagram,Story,Hiburan,50,56,12,0,0,0,0,-,12,Mar 2025
3/20/2025,Instagram,Carousel,Hiburan,50,86,8,0,0,0,0,-,8,Mar 2025
3/20/2025,Facebook,Reel/Video Pendek,Promosi,250,544,30,3,0,0,7,"1,708,170",40,Mar 2025
3/20/2025,TikTok,Foto,Hiburan,200,804,6,0,2,0,2,-,10,Mar 2025
3/21/2025,TikTok,Reel/Video Pendek,Hiburan,50,53,11,0,0,0,0,-,11,Mar 2025
3/21/2025,Instagram,Story,Promosi,50,83,6,0,0,0,0,"56,003",6,Mar 2025
3/21/2025,X,Story,Hiburan,50,217,3,0,1,0,0,"2,039,432",4,Mar 2025
3/21/2025,Instagram,Reel/Video Pendek,Edukasi,50,95,7,0,1,0,0,"50,884",8,Mar 2025
3/21/2025,TikTok,Carousel,Edukasi,50,78,7,0,1,0,0,"1,418,779",8,Mar 2025
3/21/2025,Facebook,Carousel,Behind The Scene,1050,1186,139,8,29,0,19,-,195,Mar 2025
3/21/2025,X,Carousel,Hiburan,150,403,7,0,3,0,1,"1,091,868",11,Mar 2025
3/22/2025,Instagram,Foto,Behind The Scene,1050,1581,55,2,3,0,8,-,68,Mar 2025
3/22/2025,TikTok,Reel/Video Pendek,Hiburan,50,57,7,0,0,0,0,-,7,Mar 2025
3/22/2025,X,Reel/Video Pendek,Promosi,50,143,9,0,0,0,1,-,10,Mar 2025
3/22/2025,Facebook,Carousel,Hiburan,50,51,12,0,0,0,0,"1,110,086",12,Mar 2025
3/22/2025,Instagram,Foto,Edukasi,100,373,13,1,1,0,0,-,15,Mar 2025
3/22/2025,TikTok,Foto,Hiburan,100,219,11,1,0,3,0,"87,951",15,Mar 2025
3/23/2025,Facebook,Carousel,Promosi,50,116,4,0,0,1,0,-,5,Mar 2025
3/23/2025,Facebook,Foto,Hiburan,50,122,9,0,1,0,0,-,10,Mar 2025
3/23/2025,TikTok,Reel/Video Pendek,Hiburan,50,103,8,0,0,1,0,-,9,Mar 2025
3/24/2025,Facebook,Foto,Behind The Scene,50,96,12,0,1,0,0,"59,366",13,Mar 2025
3/24/2025,X,Carousel,Edukasi,50,131,9,0,0,0,0,"1,256,630",9,Mar 2025
3/24/2025,TikTok,Story,Edukasi,50,82,1,0,0,0,0,-,1,Mar 2025
3/24/2025,Facebook,Story,Edukasi,150,322,25,0,3,0,1,-,29,Mar 2025
3/24/2025,Instagram,Reel/Video Pendek,Hiburan,100,165,15,1,0,0,1,"121,538",17,Mar 2025
3/24/2025,Facebook,Reel/Video Pendek,Edukasi,450,762,105,2,9,0,4,-,120,Mar 2025
3/24/2025,X,Foto,Edukasi,50,90,5,0,0,0,0,"2,843,050",5,Mar 2025
3/24/2025,X,Story,Promosi,50,56,4,0,0,0,1,-,5,Mar 2025
3/25/2025,Instagram,Carousel,Behind The Scene,100,224,13,0,1,3,0,"121,402",17,Mar 2025
3/25/2025,Instagram,Carousel,Hiburan,750,2416,136,7,21,28,26,-,218,Mar 2025
3/25/2025,Facebook,Carousel,Behind The Scene,50,90,10,0,1,0,0,"3,652,059",11,Mar 2025
3/25/2025,Instagram,Reel/Video Pendek,Promosi,50,83,8,0,1,0,0,-,9,Mar 2025
3/25/2025,TikTok,Story,Promosi,100,206,17,1,0,2,1,"1,950,662",21,Mar 2025
3/25/2025,X,Reel/Video Pendek,Edukasi,50,130,10,0,0,0,0,-,10,Mar 2025
3/25/2025,X,Reel/Video Pendek,Edukasi,50,124,11,0,1,0,0,-,12,Mar 2025
3/25/2025,Facebook,Reel/Video Pendek,Edukasi,900,1468,191,9,15,0,36,-,251,Mar 2025
3/25/2025,TikTok,Story,Promosi,50,60,7,0,1,0,0,-,8,Mar 2025
3/25/2025,Instagram,Reel/Video Pendek,Promosi,50,87,6,0,1,0,0,-,7,Mar 2025
3/25/2025,TikTok,Story,Promosi,50,100,8,0,0,0,0,-,8,Mar 2025
3/25/2025,TikTok,Carousel,Edukasi,100,215,13,0,0,0,1,-,14,Mar 2025
3/25/2025,TikTok,Foto,Behind The Scene,50,150,4,0,0,0,0,-,4,Mar 2025
3/26/2025,TikTok,Carousel,Behind The Scene,100,385,22,1,0,0,1,-,24,Mar 2025
3/26/2025,X,Carousel,Promosi,350,365,31,3,5,0,8,-,47,Mar 2025
3/26/2025,TikTok,Story,Promosi,50,83,7,0,0,0,1,-,8,Mar 2025
3/26/2025,TikTok,Story,Behind The Scene,100,191,12,1,0,0,1,-,14,Mar 2025
3/26/2025,TikTok,Foto,Edukasi,100,152,12,1,0,0,2,-,15,Mar 2025
3/26/2025,Instagram,Story,Hiburan,50,159,8,0,1,0,0,-,9,Mar 2025
3/26/2025,Instagram,Foto,Hiburan,250,419,8,0,1,6,3,-,18,Mar 2025
3/26/2025,Instagram,Story,Behind The Scene,20100,83603,2897,214,435,0,44,"72,643",3590,Mar 2025
3/27/2025,X,Carousel,Edukasi,50,85,4,0,1,0,0,-,5,Mar 2025
3/27/2025,Instagram,Reel/Video Pendek,Hiburan,150,468,26,0,0,0,0,"55,260",26,Mar 2025
3/27/2025,TikTok,Story,Edukasi,50,200,10,0,1,0,0,-,11,Mar 2025
3/27/2025,X,Carousel,Behind The Scene,50,75,5,0,0,0,1,-,6,Mar 2025
3/27/2025,X,Story,Promosi,50,100,10,0,0,0,1,"1,517,296",11,Mar 2025
3/27/2025,TikTok,Reel/Video Pendek,Behind The Scene,50,198,11,0,0,0,0,-,11,Mar 2025
3/27/2025,X,Reel/Video Pendek,Behind The Scene,100,172,11,1,2,0,0,-,14,Mar 2025
3/27/2025,TikTok,Reel/Video Pendek,Edukasi,150,158,15,1,2,0,5,"3,202,958",23,Mar 2025
3/28/2025,X,Reel/Video Pendek,Promosi,50,85,9,0,0,0,0,-,9,Mar 2025
3/28/2025,Instagram,Foto,Promosi,50,175,1,0,0,0,1,-,2,Mar 2025
3/28/2025,Instagram,Story,Promosi,50,63,9,0,0,0,1,-,10,Mar 2025
3/28/2025,X,Story,Behind The Scene,50,75,6,0,1,0,0,-,7,Mar 2025
3/28/2025,TikTok,Foto,Hiburan,50,212,10,0,0,1,0,-,11,Mar 2025
3/28/2025,Instagram,Reel/Video Pendek,Promosi,50,53,4,0,0,0,1,"142,888",5,Mar 2025
3/28/2025,TikTok,Reel/Video Pendek,Behind The Scene,50,146,11,0,0,0,0,-,11,Mar 2025
3/28/2025,Instagram,Carousel,Edukasi,50,54,6,0,0,0,0,"139,538",6,Mar 2025
3/28/2025,Facebook,Story,Edukasi,150,410,32,2,0,0,0,"493,295",34,Mar 2025
3/29/2025,Instagram,Reel/Video Pendek,Edukasi,50,89,11,0,0,0,0,-,11,Mar 2025
3/29/2025,TikTok,Carousel,Behind The Scene,50,57,11,0,0,0,0,-,11,Mar 2025
3/29/2025,TikTok,Foto,Behind The Scene,50,74,4,0,0,2,0,-,6,Mar 2025
3/29/2025,Facebook,Foto,Hiburan,300,469,14,1,4,7,4,-,30,Mar 2025
3/29/2025,TikTok,Story,Promosi,50,119,2,0,0,0,1,"498,447",3,Mar 2025
3/29/2025,Facebook,Carousel,Behind The Scene,50,100,2,0,1,1,0,-,4,Mar 2025
3/30/2025,X,Reel/Video Pendek,Promosi,150,250,27,0,3,0,1,"542,143",31,Mar 2025
3/30/2025,Instagram,Story,Promosi,50,90,10,0,0,0,0,"112,721",10,Mar 2025
3/30/2025,Facebook,Story,Hiburan,100,237,5,0,2,0,0,"1,295,610",7,Mar 2025
3/30/2025,Instagram,Story,Promosi,50,78,6,0,0,0,0,-,6,Mar 2025
3/30/2025,Instagram,Story,Behind The Scene,50,89,7,0,0,0,0,-,7,Mar 2025
3/30/2025,TikTok,Reel/Video Pendek,Hiburan,950,1510,105,15,26,0,36,-,182,Mar 2025
3/30/2025,Facebook,Carousel,Hiburan,150,582,36,1,1,0,0,-,38,Mar 2025
3/30/2025,Facebook,Foto,Promosi,50,189,10,0,0,0,1,"155,973",11,Mar 2025
3/30/2025,Facebook,Reel/Video Pendek,Promosi,100,316,13,0,0,0,1,-,14,Mar 2025
3/30/2025,TikTok,Story,Promosi,50,57,11,0,0,0,0,-,11,Mar 2025
3/30/2025,X,Story,Promosi,50,73,10,0,1,0,0,-,11,Mar 2025
3/30/2025,Instagram,Carousel,Promosi,250,397,32,2,3,3,2,"228,427",42,Mar 2025
3/31/2025,Facebook,Foto,Promosi,50,159,3,0,1,1,0,"135,067",5,Mar 2025
3/31/2025,X,Carousel,Behind The Scene,550,1022,36,1,12,0,9,-,58,Mar 2025
3/31/2025,X,Reel/Video Pendek,Edukasi,50,102,9,0,1,0,0,-,10,Mar 2025
3/31/2025,Instagram,Carousel,Behind The Scene,50,222,2,0,1,0,0,"3,845,831",3,Mar 2025
3/31/2025,Instagram,Foto,Behind The Scene,50,95,5,0,1,0,0,-,6,Mar 2025
3/31/2025,Facebook,Story,Behind The Scene,150,502,33,1,2,0,0,-,36,Mar 2025
3/31/2025,X,Story,Promosi,50,222,8,0,0,0,0,-,8,Mar 2025
3/31/2025,Facebook,Foto,Behind The Scene,150,254,10,2,1,0,2,"1,063,840",15,Mar 2025
3/31/2025,Facebook,Reel/Video Pendek,Promosi,100,151,8,1,0,0,1,-,10,Mar 2025
4/1/2025,X,Foto,Behind The Scene,50,174,11,0,0,0,2,-,13,Apr 2025
4/1/2025,X,Story,Hiburan,50,100,11,0,0,0,0,-,11,Apr 2025
4/1/2025,Facebook,Story,Hiburan,300,418,32,1,3,0,2,-,38,Apr 2025
4/1/2025,Instagram,Foto,Edukasi,50,98,6,0,1,0,0,-,7,Apr 2025
4/1/2025,Facebook,Carousel,Hiburan,50,82,5,0,1,0,1,"1,586,409",7,Apr 2025
4/1/2025,X,Story,Behind The Scene,50,103,2,0,0,0,0,"261,348",2,Apr 2025
4/2/2025,Instagram,Story,Promosi,50,141,2,0,0,0,0,-,2,Apr 2025
4/2/2025,Facebook,Story,Behind The Scene,500,928,25,1,5,0,6,-,37,Apr 2025
4/2/2025,TikTok,Reel/Video Pendek,Behind The Scene,50,57,11,0,0,0,0,-,11,Apr 2025
4/2/2025,Facebook,Carousel,Hiburan,50,79,9,0,0,0,0,-,9,Apr 2025
4/2/2025,Facebook,Carousel,Hiburan,850,1061,29,11,12,0,13,"291,095",65,Apr 2025
4/3/2025,X,Story,Edukasi,50,164,6,0,0,0,0,-,6,Apr 2025
4/3/2025,Instagram,Reel/Video Pendek,Hiburan,50,107,11,0,0,0,1,-,12,Apr 2025
4/3/2025,Facebook,Reel/Video Pendek,Behind The Scene,150,371,12,2,3,0,2,-,19,Apr 2025
4/3/2025,TikTok,Story,Edukasi,50,72,8,0,0,0,0,"321,968",8,Apr 2025
4/3/2025,X,Carousel,Edukasi,150,205,20,1,0,0,4,"166,128",25,Apr 2025
4/3/2025,Instagram,Reel/Video Pendek,Behind The Scene,50,66,2,0,1,0,0,"1,771,001",3,Apr 2025
4/3/2025,TikTok,Story,Promosi,50,82,12,0,0,0,0,-,12,Apr 2025
4/3/2025,Facebook,Story,Promosi,50,142,1,0,0,0,0,-,1,Apr 2025
4/3/2025,TikTok,Story,Hiburan,50,119,11,0,1,0,0,-,12,Apr 2025
4/3/2025,Instagram,Carousel,Hiburan,50,165,6,0,0,0,0,-,6,Apr 2025
4/4/2025,X,Foto,Hiburan,50,116,4,0,0,0,0,-,4,Apr 2025
4/4/2025,Instagram,Reel/Video Pendek,Behind The Scene,100,215,22,1,1,0,1,-,25,Apr 2025
4/4/2025,TikTok,Story,Hiburan,250,607,48,2,1,0,0,-,51,Apr 2025
4/4/2025,X,Foto,Edukasi,50,51,11,0,1,1,1,-,14,Apr 2025
4/4/2025,X,Story,Behind The Scene,50,120,4,0,0,0,0,"2,058,512",4,Apr 2025
4/4/2025,Facebook,Carousel,Behind The Scene,50,109,4,0,1,0,1,"97,855",6,Apr 2025
4/4/2025,X,Foto,Edukasi,200,213,28,0,4,0,0,-,32,Apr 2025
4/4/2025,TikTok,Reel/Video Pendek,Hiburan,50,107,7,0,1,0,0,-,8,Apr 2025
4/4/2025,TikTok,Story,Behind The Scene,50,100,8,0,1,0,0,-,9,Apr 2025
4/5/2025,TikTok,Foto,Edukasi,150,296,28,1,2,0,0,-,31,Apr 2025
4/5/2025,X,Carousel,Hiburan,300,659,31,5,4,0,1,-,41,Apr 2025
4/5/2025,X,Carousel,Promosi,50,199,4,0,0,0,0,"243,567",4,Apr 2025
4/5/2025,TikTok,Carousel,Hiburan,100,393,9,1,1,0,1,-,12,Apr 2025
4/5/2025,Facebook,Foto,Behind The Scene,100,178,7,1,1,0,1,-,10,Apr 2025
4/6/2025,Facebook,Carousel,Behind The Scene,100,147,16,0,0,0,0,-,16,Apr 2025
4/6/2025,Facebook,Carousel,Edukasi,50,50,3,0,1,0,0,-,4,Apr 2025
4/6/2025,TikTok,Carousel,Edukasi,50,218,10,0,1,0,1,"1,685,641",12,Apr 2025
4/6/2025,TikTok,Foto,Behind The Scene,500,954,92,4,2,0,9,-,107,Apr 2025
4/6/2025,Facebook,Story,Behind The Scene,50,109,3,0,0,0,0,-,3,Apr 2025
4/6/2025,X,Story,Edukasi,50,218,8,0,0,1,0,-,9,Apr 2025
4/7/2025,X,Foto,Behind The Scene,50,213,2,0,0,0,2,"2,110,646",4,Apr 2025
4/7/2025,Instagram,Reel/Video Pendek,Promosi,100,158,3,1,2,3,2,-,11,Apr 2025
4/7/2025,Instagram,Story,Hiburan,50,120,3,0,1,0,0,-,4,Apr 2025
4/7/2025,Facebook,Foto,Behind The Scene,50,83,7,0,0,2,0,-,9,Apr 2025
4/7/2025,X,Story,Hiburan,150,630,31,2,0,4,0,-,37,Apr 2025
4/7/2025,TikTok,Carousel,Behind The Scene,100,165,20,1,1,0,0,"51,965",22,Apr 2025
4/8/2025,TikTok,Story,Promosi,100,186,5,1,0,0,1,"3,866,825",7,Apr 2025
4/8/2025,X,Reel/Video Pendek,Promosi,150,608,8,0,4,0,2,-,14,Apr 2025
4/8/2025,Facebook,Reel/Video Pendek,Promosi,50,196,5,0,0,0,0,-,5,Apr 2025
4/9/2025,X,Foto,Edukasi,350,610,60,3,4,0,1,"128,657",68,Apr 2025
4/9/2025,Instagram,Foto,Behind The Scene,500,793,20,6,13,8,16,"1,111,922",63,Apr 2025
4/9/2025,Facebook,Story,Hiburan,100,246,14,0,0,0,0,"2,951,851",14,Apr 2025
4/9/2025,TikTok,Story,Promosi,50,108,9,0,0,0,0,"2,351,353",9,Apr 2025
4/9/2025,TikTok,Foto,Hiburan,50,124,8,0,1,0,0,-,9,Apr 2025
4/9/2025,Facebook,Reel/Video Pendek,Promosi,1650,1763,320,29,48,32,37,-,466,Apr 2025
4/10/2025,Facebook,Story,Edukasi,17650,40304,1562,63,277,680,165,-,2747,Apr 2025
4/10/2025,TikTok,Story,Behind The Scene,200,400,34,1,0,0,3,"173,191",38,Apr 2025
4/10/2025,X,Carousel,Edukasi,50,89,5,0,0,1,0,"1,676,264",6,Apr 2025
4/10/2025,Instagram,Carousel,Promosi,50,96,6,0,0,0,0,-,6,Apr 2025
4/10/2025,Facebook,Story,Behind The Scene,50,133,8,0,0,0,0,-,8,Apr 2025
4/10/2025,Instagram,Foto,Hiburan,50,162,3,0,0,0,0,-,3,Apr 2025
4/11/2025,TikTok,Reel/Video Pendek,Behind The Scene,50,63,9,0,0,0,0,-,9,Apr 2025
4/11/2025,TikTok,Carousel,Promosi,100,201,15,0,2,0,3,"170,556",20,Apr 2025
4/11/2025,X,Carousel,Edukasi,50,210,4,0,0,0,0,"361,910",4,Apr 2025
4/11/2025,TikTok,Reel/Video Pendek,Edukasi,50,64,5,0,0,0,0,-,5,Apr 2025
4/11/2025,Facebook,Reel/Video Pendek,Hiburan,100,205,6,1,2,0,0,-,9,Apr 2025
4/11/2025,Facebook,Foto,Edukasi,50,112,4,0,0,0,0,"971,929",4,Apr 2025
4/11/2025,TikTok,Carousel,Hiburan,50,90,10,0,0,0,2,"793,047",12,Apr 2025
4/11/2025,X,Carousel,Edukasi,850,1935,56,6,24,0,9,"127,767",95,Apr 2025
4/12/2025,X,Foto,Promosi,450,1094,82,1,9,18,3,"327,561",113,Apr 2025
4/12/2025,TikTok,Story,Hiburan,250,933,28,3,1,0,10,-,42,Apr 2025
4/12/2025,X,Reel/Video Pendek,Behind The Scene,50,147,2,0,0,0,0,"1,859,318",2,Apr 2025
4/12/2025,Facebook,Reel/Video Pendek,Behind The Scene,100,129,14,1,2,3,0,"68,454",20,Apr 2025
4/13/2025,X,Story,Edukasi,50,78,3,0,1,1,0,-,5,Apr 2025
4/13/2025,Facebook,Carousel,Hiburan,100,185,4,0,1,0,0,-,5,Apr 2025
4/13/2025,Facebook,Story,Behind The Scene,50,178,3,0,0,1,0,-,4,Apr 2025
4/13/2025,Instagram,Foto,Edukasi,150,297,13,0,3,0,0,-,16,Apr 2025
4/13/2025,Instagram,Carousel,Behind The Scene,50,59,11,0,0,0,0,"101,400",11,Apr 2025
4/14/2025,X,Carousel,Behind The Scene,100,203,20,0,0,0,1,-,21,Apr 2025
4/14/2025,X,Reel/Video Pendek,Edukasi,50,52,10,0,0,0,0,-,10,Apr 2025
4/14/2025,Instagram,Foto,Hiburan,50,75,8,0,0,0,1,"56,390",9,Apr 2025
4/14/2025,Instagram,Carousel,Edukasi,100,202,11,1,2,0,0,"112,280",14,Apr 2025
4/15/2025,TikTok,Reel/Video Pendek,Promosi,50,111,7,0,0,0,0,-,7,Apr 2025
4/15/2025,Instagram,Story,Edukasi,50,61,9,0,0,0,0,-,9,Apr 2025
4/15/2025,X,Foto,Promosi,3750,8035,690,40,34,0,74,-,838,Apr 2025
4/15/2025,Facebook,Reel/Video Pendek,Edukasi,50,68,8,0,1,1,0,"228,505",10,Apr 2025
4/15/2025,Facebook,Carousel,Hiburan,250,393,27,4,3,0,7,"3,598,534",41,Apr 2025
4/15/2025,Facebook,Foto,Promosi,50,66,9,0,1,0,0,-,10,Apr 2025
4/15/2025,Facebook,Story,Behind The Scene,300,1168,58,3,8,0,5,-,74,Apr 2025
4/15/2025,TikTok,Story,Edukasi,50,73,8,0,0,0,0,"518,640",8,Apr 2025
4/15/2025,Instagram,Foto,Edukasi,50,156,2,0,0,0,0,"452,839",2,Apr 2025
4/15/2025,Instagram,Foto,Behind The Scene,50,122,5,0,1,0,0,"1,454,115",6,Apr 2025
4/15/2025,X,Carousel,Promosi,50,120,9,0,0,0,0,-,9,Apr 2025
4/15/2025,Instagram,Foto,Edukasi,50,78,6,0,0,0,0,"60,223",6,Apr 2025
4/15/2025,Facebook,Foto,Edukasi,50,111,7,0,0,0,0,-,7,Apr 2025
4/15/2025,Instagram,Reel/Video Pendek,Behind The Scene,150,367,33,0,2,0,1,-,36,Apr 2025
4/16/2025,X,Reel/Video Pendek,Promosi,50,60,5,0,1,0,0,"269,292",6,Apr 2025
4/16/2025,Instagram,Story,Promosi,50,50,8,0,0,0,0,-,8,Apr 2025
4/16/2025,Instagram,Reel/Video Pendek,Behind The Scene,50,76,3,0,0,0,0,-,3,Apr 2025
4/16/2025,TikTok,Carousel,Promosi,50,97,2,0,0,0,0,-,2,Apr 2025
4/16/2025,Facebook,Foto,Promosi,50,176,11,0,0,0,0,-,11,Apr 2025
4/17/2025,Instagram,Carousel,Promosi,100,234,11,0,1,1,1,-,14,Apr 2025
4/17/2025,TikTok,Reel/Video Pendek,Edukasi,50,117,9,0,0,0,0,"52,611",9,Apr 2025
4/17/2025,TikTok,Story,Behind The Scene,50,116,10,0,0,0,0,-,10,Apr 2025
4/17/2025,X,Carousel,Edukasi,50,122,7,0,1,0,0,"248,648",8,Apr 2025
4/17/2025,X,Story,Behind The Scene,50,151,1,0,0,0,0,"1,293,483",1,Apr 2025
4/17/2025,Instagram,Reel/Video Pendek,Promosi,100,238,7,0,0,0,0,-,7,Apr 2025
4/18/2025,TikTok,Foto,Promosi,50,213,9,0,0,2,0,-,11,Apr 2025
4/18/2025,X,Foto,Hiburan,50,198,4,0,1,0,0,"1,263,970",5,Apr 2025
4/18/2025,TikTok,Story,Promosi,50,74,5,0,0,2,1,-,8,Apr 2025
4/18/2025,Instagram,Reel/Video Pendek,Promosi,100,193,17,1,0,0,1,-,19,Apr 2025
4/18/2025,Instagram,Reel/Video Pendek,Edukasi,100,205,19,0,2,0,2,"122,001",23,Apr 2025
4/18/2025,TikTok,Story,Hiburan,50,107,11,0,1,0,0,-,12,Apr 2025
4/18/2025,Facebook,Reel/Video Pendek,Behind The Scene,50,117,12,0,0,0,0,-,12,Apr 2025
4/18/2025,TikTok,Story,Behind The Scene,50,67,12,0,1,0,0,"4,303,946",13,Apr 2025
4/18/2025,X,Carousel,Promosi,100,152,13,0,2,0,0,-,15,Apr 2025
4/19/2025,Facebook,Story,Edukasi,150,374,19,0,0,0,1,"220,323",20,Apr 2025
4/19/2025,X,Foto,Behind The Scene,50,121,12,0,0,0,0,"2,643,043",12,Apr 2025
4/19/2025,Instagram,Foto,Edukasi,50,121,10,0,1,0,0,-,11,Apr 2025
4/19/2025,TikTok,Carousel,Hiburan,50,100,4,0,0,0,0,"520,745",4,Apr 2025
4/19/2025,X,Carousel,Promosi,150,492,14,2,2,0,0,-,18,Apr 2025
4/20/2025,TikTok,Foto,Hiburan,50,83,9,0,0,0,0,-,9,Apr 2025
4/20/2025,X,Foto,Promosi,50,83,9,0,0,0,0,-,9,Apr 2025
4/20/2025,X,Foto,Hiburan,50,200,4,0,1,0,0,"1,211,081",5,Apr 2025
4/20/2025,Instagram,Foto,Edukasi,50,108,8,0,0,0,0,"498,377",8,Apr 2025
4/20/2025,Facebook,Foto,Behind The Scene,50,101,7,0,0,0,1,"72,976",8,Apr 2025
4/20/2025,Facebook,Carousel,Edukasi,50,125,7,0,0,0,0,-,7,Apr 2025
4/20/2025,Instagram,Story,Behind The Scene,150,317,14,2,0,6,0,"2,155,337",22,Apr 2025
4/20/2025,Instagram,Foto,Edukasi,50,139,6,0,0,2,1,-,9,Apr 2025
4/20/2025,Facebook,Foto,Promosi,250,300,47,0,4,0,0,-,51,Apr 2025
4/20/2025,Instagram,Foto,Hiburan,50,195,5,0,0,0,1,-,6,Apr 2025
4/20/2025,X,Carousel,Behind The Scene,50,66,8,0,0,0,0,-,8,Apr 2025
4/21/2025,Facebook,Reel/Video Pendek,Edukasi,150,182,21,1,3,0,1,-,26,Apr 2025
4/21/2025,Facebook,Reel/Video Pendek,Behind The Scene,21000,41928,2499,219,523,0,279,-,3520,Apr 2025
4/21/2025,Facebook,Foto,Hiburan,50,93,2,0,0,0,0,-,2,Apr 2025
4/21/2025,TikTok,Foto,Behind The Scene,50,68,3,0,1,0,0,-,4,Apr 2025
4/21/2025,Instagram,Story,Hiburan,50,108,6,0,1,0,0,-,7,Apr 2025
4/21/2025,TikTok,Foto,Promosi,50,128,2,0,0,2,0,-,4,Apr 2025
4/21/2025,Facebook,Carousel,Behind The Scene,150,354,36,1,4,5,0,-,46,Apr 2025
4/21/2025,Facebook,Carousel,Hiburan,200,282,32,1,5,0,3,-,41,Apr 2025
4/21/2025,X,Story,Behind The Scene,200,758,16,1,2,3,2,"4,137,149",24,Apr 2025
4/21/2025,Instagram,Story,Edukasi,50,96,9,0,0,0,0,-,9,Apr 2025
4/21/2025,Instagram,Story,Edukasi,50,132,3,0,0,0,0,-,3,Apr 2025
4/22/2025,TikTok,Reel/Video Pendek,Promosi,50,108,8,0,0,0,0,-,8,Apr 2025
4/22/2025,X,Foto,Promosi,50,75,6,0,0,1,0,-,7,Apr 2025
4/22/2025,X,Reel/Video Pendek,Edukasi,450,1864,39,8,3,0,3,"2,815,141",53,Apr 2025
4/22/2025,Facebook,Story,Behind The Scene,400,760,41,3,5,0,5,"256,189",54,Apr 2025
4/23/2025,X,Foto,Hiburan,150,430,32,2,0,0,3,"151,068",37,Apr 2025
4/23/2025,TikTok,Story,Promosi,50,101,3,0,1,0,0,-,4,Apr 2025
4/23/2025,TikTok,Reel/Video Pendek,Edukasi,50,64,1,0,0,0,0,-,1,Apr 2025
4/24/2025,TikTok,Carousel,Edukasi,50,103,6,0,0,0,1,-,7,Apr 2025
4/24/2025,TikTok,Story,Hiburan,150,157,24,0,4,0,1,-,29,Apr 2025
4/24/2025,X,Foto,Behind The Scene,50,103,5,0,0,0,0,-,5,Apr 2025
4/24/2025,Facebook,Reel/Video Pendek,Edukasi,50,72,7,0,1,0,1,-,9,Apr 2025
4/24/2025,X,Reel/Video Pendek,Behind The Scene,200,748,22,2,4,0,3,-,31,Apr 2025
4/24/2025,TikTok,Foto,Promosi,350,862,50,2,6,0,4,"2,414,149",62,Apr 2025
4/24/2025,Facebook,Foto,Behind The Scene,250,421,44,1,0,0,0,-,45,Apr 2025
4/25/2025,Facebook,Foto,Behind The Scene,50,106,9,0,0,0,0,-,9,Apr 2025
4/25/2025,Facebook,Reel/Video Pendek,Hiburan,50,69,7,0,0,0,0,"827,220",7,Apr 2025
4/25/2025,TikTok,Reel/Video Pendek,Promosi,150,381,23,2,1,0,2,-,28,Apr 2025
4/25/2025,Instagram,Foto,Hiburan,50,115,2,0,0,0,0,"3,954,815",2,Apr 2025
4/25/2025,TikTok,Reel/Video Pendek,Promosi,50,77,11,0,0,0,0,"55,304",11,Apr 2025
4/25/2025,TikTok,Carousel,Promosi,50,74,11,0,0,0,0,-,11,Apr 2025
4/25/2025,Facebook,Story,Promosi,100,434,24,0,0,0,0,-,24,Apr 2025
4/25/2025,X,Story,Promosi,400,1222,44,1,4,0,7,-,56,Apr 2025
4/25/2025,Instagram,Foto,Edukasi,50,208,12,0,0,0,0,-,12,Apr 2025
4/26/2025,TikTok,Carousel,Behind The Scene,50,135,11,0,1,0,0,-,12,Apr 2025
4/26/2025,X,Foto,Promosi,100,197,3,0,1,0,1,-,5,Apr 2025
4/26/2025,X,Reel/Video Pendek,Promosi,50,56,10,0,1,0,0,-,11,Apr 2025
4/26/2025,Facebook,Foto,Behind The Scene,100,201,15,0,1,0,4,-,20,Apr 2025
4/26/2025,Instagram,Foto,Behind The Scene,150,343,27,1,3,0,1,-,32,Apr 2025
4/26/2025,X,Carousel,Hiburan,100,310,3,0,1,0,0,-,4,Apr 2025
4/27/2025,Facebook,Foto,Promosi,150,401,15,0,1,1,2,"435,710",19,Apr 2025
4/27/2025,Instagram,Foto,Edukasi,50,123,3,0,0,0,1,"56,202",4,Apr 2025
4/27/2025,X,Story,Promosi,100,230,5,0,2,0,4,-,11,Apr 2025
4/27/2025,Instagram,Story,Behind The Scene,50,109,11,0,0,0,0,-,11,Apr 2025
4/27/2025,TikTok,Story,Hiburan,50,93,3,0,0,2,0,-,5,Apr 2025
4/27/2025,X,Reel/Video Pendek,Edukasi,50,88,1,0,0,0,0,-,1,Apr 2025
4/27/2025,Facebook,Reel/Video Pendek,Promosi,250,804,25,2,4,0,4,-,35,Apr 2025
4/27/2025,Facebook,Carousel,Edukasi,200,865,43,3,2,0,5,-,53,Apr 2025
4/27/2025,TikTok,Reel/Video Pendek,Behind The Scene,100,229,22,0,1,0,0,-,23,Apr 2025
4/28/2025,TikTok,Story,Promosi,50,157,6,0,1,0,0,-,7,Apr 2025
4/28/2025,Facebook,Story,Behind The Scene,50,217,2,0,0,0,0,-,2,Apr 2025
4/28/2025,Instagram,Foto,Hiburan,200,403,35,2,2,0,4,"73,904",43,Apr 2025
4/28/2025,Facebook,Reel/Video Pendek,Edukasi,50,136,10,0,0,0,0,"3,901,402",10,Apr 2025
4/29/2025,X,Carousel,Hiburan,850,2712,180,2,14,0,6,-,202,Apr 2025
4/29/2025,Facebook,Reel/Video Pendek,Behind The Scene,200,773,7,0,3,0,1,-,11,Apr 2025
4/29/2025,TikTok,Foto,Promosi,50,75,6,0,0,0,0,-,6,Apr 2025
4/29/2025,Instagram,Foto,Promosi,100,200,3,1,2,3,1,-,10,Apr 2025
4/29/2025,Instagram,Story,Hiburan,50,117,7,0,0,0,0,-,7,Apr 2025
4/29/2025,TikTok,Carousel,Behind The Scene,1050,1624,76,12,22,0,18,"346,494",128,Apr 2025
4/29/2025,TikTok,Foto,Behind The Scene,50,109,1,0,1,2,0,"796,803",4,Apr 2025
4/29/2025,Facebook,Reel/Video Pendek,Hiburan,50,68,4,0,0,0,0,-,4,Apr 2025
4/29/2025,TikTok,Carousel,Hiburan,50,98,5,0,1,0,0,-,6,Apr 2025
4/29/2025,TikTok,Story,Behind The Scene,50,109,2,0,0,0,0,"205,572",2,Apr 2025
4/29/2025,Instagram,Story,Hiburan,50,103,11,0,0,0,0,"1,159,247",11,Apr 2025
4/29/2025,TikTok,Carousel,Edukasi,100,285,8,0,2,2,1,"230,219",13,Apr 2025
4/29/2025,Facebook,Carousel,Edukasi,4150,6424,782,45,38,63,78,-,1006,Apr 2025
4/30/2025,TikTok,Carousel,Hiburan,100,161,21,0,2,0,1,-,24,Apr 2025
4/30/2025,Facebook,Carousel,Hiburan,50,122,6,0,0,0,0,-,6,Apr 2025
4/30/2025,X,Story,Promosi,250,556,48,0,4,3,0,-,55,Apr 2025
4/30/2025,Instagram,Carousel,Hiburan,50,52,3,0,0,0,0,-,3,Apr 2025
4/30/2025,Instagram,Carousel,Edukasi,50,61,3,0,0,0,0,-,3,Apr 2025
5/1/2025,Instagram,Reel/Video Pendek,Behind The Scene,950,2364,176,6,3,0,18,-,203,May 2025
5/1/2025,Facebook,Foto,Behind The Scene,50,124,4,0,0,0,0,-,4,May 2025
5/2/2025,Instagram,Story,Behind The Scene,50,61,10,0,1,1,2,-,14,May 2025
5/2/2025,Facebook,Story,Hiburan,150,152,25,1,1,6,1,"319,428",34,May 2025
5/2/2025,Instagram,Foto,Hiburan,200,385,26,1,4,0,2,"167,220",33,May 2025
5/2/2025,Instagram,Carousel,Edukasi,50,105,7,0,0,2,0,-,9,May 2025
5/2/2025,Instagram,Foto,Hiburan,100,258,19,1,1,0,0,"342,670",21,May 2025
5/2/2025,X,Reel/Video Pendek,Behind The Scene,200,636,12,2,2,0,1,"202,711",17,May 2025
5/2/2025,Instagram,Foto,Promosi,400,530,40,1,11,0,7,-,59,May 2025
5/2/2025,TikTok,Foto,Behind The Scene,150,243,17,1,4,0,1,"53,622",23,May 2025
5/3/2025,TikTok,Story,Edukasi,50,65,2,0,1,2,0,-,5,May 2025
5/3/2025,TikTok,Story,Behind The Scene,300,819,20,2,7,2,2,-,33,May 2025
5/3/2025,TikTok,Carousel,Behind The Scene,100,153,11,0,0,0,3,-,14,May 2025
5/3/2025,TikTok,Reel/Video Pendek,Edukasi,50,110,4,0,0,0,0,-,4,May 2025
5/3/2025,TikTok,Reel/Video Pendek,Behind The Scene,50,107,9,0,0,0,1,"2,073,220",10,May 2025
5/3/2025,Instagram,Reel/Video Pendek,Hiburan,150,315,14,1,0,0,1,"658,394",16,May 2025
5/3/2025,TikTok,Story,Behind The Scene,100,156,22,0,2,0,1,"4,944,559",25,May 2025
5/3/2025,Facebook,Carousel,Edukasi,50,95,2,0,0,0,1,-,3,May 2025
5/3/2025,X,Carousel,Behind The Scene,50,60,3,0,0,0,0,-,3,May 2025
5/4/2025,Facebook,Foto,Promosi,200,879,34,0,0,0,1,"385,427",35,May 2025
5/4/2025,Instagram,Carousel,Promosi,150,579,23,2,3,0,1,"105,395",29,May 2025
5/4/2025,Instagram,Foto,Hiburan,50,127,2,0,0,0,0,-,2,May 2025
5/4/2025,X,Story,Hiburan,750,846,143,3,11,0,9,"112,800",166,May 2025
5/4/2025,X,Foto,Hiburan,50,64,12,0,1,0,0,-,13,May 2025
5/4/2025,Instagram,Story,Promosi,50,119,2,0,0,0,0,-,2,May 2025
5/4/2025,Instagram,Reel/Video Pendek,Hiburan,50,208,9,0,0,2,0,-,11,May 2025
5/4/2025,TikTok,Reel/Video Pendek,Behind The Scene,50,143,11,0,0,0,0,"3,747,412",11,May 2025
5/4/2025,TikTok,Carousel,Promosi,50,60,6,0,0,1,0,-,7,May 2025
5/4/2025,Facebook,Carousel,Promosi,50,50,5,0,0,0,0,"208,674",5,May 2025
5/5/2025,X,Carousel,Behind The Scene,50,132,11,0,0,0,0,-,11,May 2025
5/5/2025,Instagram,Foto,Promosi,100,248,6,1,1,1,1,-,10,May 2025
5/5/2025,TikTok,Carousel,Behind The Scene,100,316,14,0,2,4,0,"3,802,649",20,May 2025
5/5/2025,X,Reel/Video Pendek,Behind The Scene,50,133,3,0,0,2,0,"985,276",5,May 2025
5/5/2025,X,Story,Behind The Scene,100,144,24,1,1,0,0,-,26,May 2025
5/6/2025,TikTok,Foto,Edukasi,100,233,23,1,0,0,1,"838,528",25,May 2025
5/6/2025,Facebook,Carousel,Behind The Scene,200,558,38,1,0,0,6,-,45,May 2025
5/6/2025,Facebook,Reel/Video Pendek,Edukasi,100,247,14,1,2,0,1,"71,370",18,May 2025
5/6/2025,X,Reel/Video Pendek,Hiburan,1300,1959,196,25,17,0,15,"88,316",253,May 2025
5/6/2025,Facebook,Foto,Edukasi,6000,9179,1302,27,78,0,20,"2,136,970",1427,May 2025
5/6/2025,Instagram,Foto,Promosi,700,1540,66,8,7,29,5,-,115,May 2025
5/6/2025,Facebook,Story,Hiburan,50,179,6,0,0,0,0,-,6,May 2025
5/6/2025,Facebook,Carousel,Edukasi,50,97,6,0,0,0,0,-,6,May 2025
5/7/2025,TikTok,Reel/Video Pendek,Hiburan,50,181,5,0,1,0,1,-,7,May 2025
5/7/2025,Instagram,Carousel,Hiburan,50,171,10,0,1,0,0,-,11,May 2025
5/7/2025,Instagram,Carousel,Hiburan,100,144,18,0,2,0,1,-,21,May 2025
5/7/2025,TikTok,Carousel,Promosi,50,220,2,0,1,0,2,-,5,May 2025
5/7/2025,TikTok,Foto,Edukasi,100,140,21,1,0,3,1,-,26,May 2025
5/7/2025,TikTok,Story,Edukasi,50,124,6,0,0,0,1,"172,227",7,May 2025
5/7/2025,TikTok,Carousel,Hiburan,150,189,14,0,1,0,0,-,15,May 2025
5/7/2025,Instagram,Story,Behind The Scene,50,65,1,0,1,0,0,"1,905,970",2,May 2025
5/8/2025,Instagram,Reel/Video Pendek,Hiburan,50,96,5,0,1,0,0,-,6,May 2025
5/8/2025,Instagram,Foto,Edukasi,4750,10792,1160,79,18,0,89,"559,489",1346,May 2025
5/8/2025,TikTok,Carousel,Edukasi,50,63,2,0,0,0,0,"3,454,807",2,May 2025
5/8/2025,Instagram,Foto,Edukasi,150,593,9,2,3,2,2,-,18,May 2025
5/8/2025,Facebook,Carousel,Hiburan,50,191,3,0,0,0,0,"80,905",3,May 2025
5/8/2025,Instagram,Story,Promosi,200,609,27,1,3,0,2,-,33,May 2025
5/8/2025,X,Carousel,Hiburan,50,113,6,0,0,0,0,"522,965",6,May 2025
5/8/2025,Instagram,Carousel,Edukasi,50,112,10,0,0,0,0,-,10,May 2025
5/8/2025,Instagram,Story,Behind The Scene,50,60,2,0,0,1,0,-,3,May 2025
5/8/2025,TikTok,Story,Behind The Scene,50,64,8,0,0,0,0,-,8,May 2025
5/8/2025,Facebook,Foto,Edukasi,50,216,8,0,0,1,0,-,9,May 2025
5/8/2025,Facebook,Story,Hiburan,100,174,6,1,0,2,1,-,10,May 2025
5/9/2025,Facebook,Reel/Video Pendek,Hiburan,50,102,1,0,0,0,0,-,1,May 2025
5/9/2025,Facebook,Reel/Video Pendek,Hiburan,50,175,10,0,0,0,0,"102,768",10,May 2025
5/9/2025,Instagram,Carousel,Edukasi,150,310,21,0,2,0,1,-,24,May 2025
5/9/2025,Instagram,Carousel,Hiburan,50,98,3,0,0,0,0,-,3,May 2025
5/9/2025,Instagram,Reel/Video Pendek,Edukasi,50,154,7,0,1,0,2,-,10,May 2025
5/9/2025,TikTok,Story,Behind The Scene,50,58,4,0,0,0,0,"2,348,074",4,May 2025
5/10/2025,X,Story,Edukasi,50,213,6,0,0,1,0,"988,236",7,May 2025
5/10/2025,Instagram,Reel/Video Pendek,Hiburan,100,204,3,0,0,0,1,"150,730",4,May 2025
5/10/2025,Facebook,Reel/Video Pendek,Promosi,150,484,34,1,1,0,5,-,41,May 2025
5/11/2025,Facebook,Foto,Edukasi,100,213,24,0,2,0,1,-,27,May 2025
5/11/2025,TikTok,Carousel,Promosi,700,1451,33,9,5,29,4,"1,654,312",80,May 2025
5/11/2025,X,Carousel,Hiburan,200,648,17,1,1,0,2,"732,990",21,May 2025
5/11/2025,Facebook,Foto,Behind The Scene,200,745,22,0,2,2,0,-,26,May 2025
5/11/2025,X,Foto,Promosi,50,100,6,0,0,0,0,"1,224,592",6,May 2025
5/11/2025,Facebook,Story,Promosi,50,158,10,0,1,0,0,-,11,May 2025
5/11/2025,X,Foto,Promosi,350,558,75,0,8,0,4,-,87,May 2025
5/11/2025,Instagram,Foto,Hiburan,200,814,43,1,5,0,2,"1,322,508",51,May 2025
5/11/2025,Instagram,Reel/Video Pendek,Edukasi,100,233,13,0,1,0,0,-,14,May 2025
5/11/2025,Instagram,Reel/Video Pendek,Promosi,200,786,35,1,4,0,1,-,41,May 2025
5/11/2025,X,Carousel,Behind The Scene,150,157,27,2,1,0,1,"4,911,760",31,May 2025
5/12/2025,Facebook,Carousel,Edukasi,100,170,3,0,2,0,0,-,5,May 2025
5/12/2025,Facebook,Foto,Hiburan,50,65,5,0,0,0,0,"78,694",5,May 2025
5/12/2025,Instagram,Story,Edukasi,50,72,3,0,0,0,0,"1,259,170",3,May 2025
5/12/2025,Instagram,Reel/Video Pendek,Edukasi,50,105,10,0,0,1,0,"4,273,065",11,May 2025
5/13/2025,Instagram,Story,Behind The Scene,50,83,10,0,0,0,0,-,10,May 2025
5/13/2025,TikTok,Reel/Video Pendek,Promosi,50,204,7,0,0,0,0,-,7,May 2025
5/13/2025,Facebook,Carousel,Behind The Scene,100,249,24,0,2,0,0,-,26,May 2025
5/13/2025,TikTok,Reel/Video Pendek,Hiburan,50,106,6,0,1,0,0,"836,198",7,May 2025
5/13/2025,X,Foto,Promosi,50,92,8,0,1,0,0,-,9,May 2025
5/13/2025,X,Foto,Hiburan,50,88,9,0,0,0,0,-,9,May 2025
5/13/2025,Facebook,Foto,Hiburan,50,106,6,0,1,1,0,"1,722,852",8,May 2025
5/13/2025,X,Carousel,Hiburan,50,116,4,0,1,0,0,-,5,May 2025
5/13/2025,X,Foto,Behind The Scene,50,159,10,0,1,0,0,-,11,May 2025
5/13/2025,TikTok,Story,Edukasi,50,164,8,0,0,0,0,-,8,May 2025
5/13/2025,Instagram,Reel/Video Pendek,Hiburan,50,117,2,0,0,0,0,"111,149",2,May 2025
5/14/2025,Instagram,Foto,Behind The Scene,150,225,31,1,3,0,1,-,36,May 2025
5/14/2025,Instagram,Foto,Hiburan,50,50,5,0,0,0,0,-,5,May 2025
5/14/2025,Facebook,Foto,Promosi,50,172,9,0,0,1,0,"163,847",10,May 2025
5/14/2025,TikTok,Reel/Video Pendek,Promosi,50,87,9,0,1,0,1,-,11,May 2025
5/14/2025,X,Reel/Video Pendek,Edukasi,50,144,3,0,0,0,0,-,3,May 2025
5/14/2025,Instagram,Carousel,Behind The Scene,50,63,2,0,0,0,0,"1,306,008",2,May 2025
5/14/2025,X,Carousel,Edukasi,50,112,2,0,0,0,0,-,2,May 2025
5/14/2025,TikTok,Reel/Video Pendek,Promosi,50,150,12,0,0,0,0,-,12,May 2025
5/14/2025,X,Foto,Hiburan,150,484,36,1,4,0,1,-,42,May 2025
5/14/2025,TikTok,Reel/Video Pendek,Promosi,50,219,3,0,1,1,0,-,5,May 2025
5/14/2025,X,Reel/Video Pendek,Behind The Scene,50,210,11,0,0,0,0,-,11,May 2025
5/14/2025,TikTok,Carousel,Hiburan,50,183,9,0,0,0,0,-,9,May 2025
5/15/2025,TikTok,Story,Edukasi,150,210,15,0,1,0,1,-,17,May 2025
5/15/2025,TikTok,Reel/Video Pendek,Promosi,200,758,42,1,0,0,2,-,45,May 2025
5/15/2025,TikTok,Foto,Edukasi,50,128,4,0,1,2,0,-,7,May 2025
5/15/2025,Facebook,Story,Edukasi,100,142,15,0,0,0,1,-,16,May 2025
5/15/2025,TikTok,Story,Edukasi,50,175,10,0,1,0,0,-,11,May 2025
5/15/2025,TikTok,Foto,Edukasi,950,2007,234,7,15,0,5,-,261,May 2025
5/15/2025,X,Story,Hiburan,100,177,12,0,2,0,0,"362,054",14,May 2025
5/16/2025,TikTok,Carousel,Promosi,50,109,6,0,0,0,0,"1,565,197",6,May 2025
5/16/2025,X,Foto,Hiburan,50,106,9,0,1,0,0,-,10,May 2025
5/16/2025,TikTok,Foto,Behind The Scene,50,60,4,0,0,0,0,"192,036",4,May 2025
5/16/2025,Facebook,Reel/Video Pendek,Hiburan,1300,2547,133,14,25,0,10,"2,038,923",182,May 2025
5/16/2025,X,Foto,Behind The Scene,450,978,66,6,8,0,25,-,105,May 2025
5/17/2025,X,Reel/Video Pendek,Hiburan,50,137,3,0,0,0,0,"182,981",3,May 2025
5/17/2025,TikTok,Reel/Video Pendek,Promosi,100,139,21,0,0,0,1,"2,561,877",22,May 2025
5/17/2025,Instagram,Foto,Edukasi,50,74,12,0,1,0,0,"601,461",13,May 2025
5/17/2025,Facebook,Carousel,Hiburan,50,109,5,0,0,1,0,"52,318",6,May 2025
5/17/2025,TikTok,Carousel,Behind The Scene,50,83,3,0,1,0,0,"69,483",4,May 2025
5/17/2025,TikTok,Foto,Promosi,50,114,3,0,0,0,0,"97,262",3,May 2025
5/18/2025,X,Foto,Promosi,50,68,10,0,0,0,0,-,10,May 2025
5/18/2025,TikTok,Story,Edukasi,50,87,4,0,0,2,0,-,6,May 2025
5/18/2025,X,Foto,Behind The Scene,50,100,4,0,1,0,0,"80,404",5,May 2025
5/18/2025,Facebook,Foto,Promosi,300,449,35,5,8,0,5,-,53,May 2025
5/18/2025,TikTok,Carousel,Promosi,50,214,8,0,0,0,0,"408,614",8,May 2025
5/18/2025,Facebook,Carousel,Behind The Scene,700,777,123,10,16,0,8,-,157,May 2025
5/18/2025,TikTok,Reel/Video Pendek,Hiburan,50,189,3,0,0,0,0,"2,893,982",3,May 2025
5/18/2025,X,Foto,Hiburan,100,325,23,1,0,2,2,-,28,May 2025
5/18/2025,X,Story,Promosi,50,68,7,0,0,2,0,-,9,May 2025
5/19/2025,TikTok,Reel/Video Pendek,Promosi,100,373,21,0,2,0,3,-,26,May 2025
5/19/2025,Instagram,Foto,Hiburan,150,430,6,0,4,0,5,-,15,May 2025
5/19/2025,Instagram,Reel/Video Pendek,Hiburan,50,98,3,0,1,0,0,"420,146",4,May 2025
5/19/2025,TikTok,Carousel,Behind The Scene,50,95,6,0,0,0,0,-,6,May 2025
5/19/2025,TikTok,Story,Edukasi,50,123,2,0,1,0,0,"83,462",3,May 2025
5/19/2025,Instagram,Foto,Edukasi,50,109,1,0,1,0,0,"647,097",2,May 2025
5/19/2025,TikTok,Foto,Promosi,50,222,5,0,0,0,0,-,5,May 2025
5/19/2025,Facebook,Foto,Hiburan,50,137,10,0,0,0,1,-,11,May 2025
5/19/2025,X,Reel/Video Pendek,Edukasi,50,106,2,0,0,0,0,-,2,May 2025
5/19/2025,Instagram,Foto,Edukasi,50,196,2,0,0,0,0,"631,147",2,May 2025
5/20/2025,TikTok,Carousel,Promosi,650,2780,146,7,5,0,1,"363,444",159,May 2025
5/20/2025,TikTok,Carousel,Behind The Scene,50,212,9,0,1,0,0,-,10,May 2025
5/20/2025,TikTok,Carousel,Behind The Scene,50,170,8,0,1,0,0,-,9,May 2025
5/20/2025,TikTok,Foto,Behind The Scene,50,78,9,0,0,0,1,"4,263,220",10,May 2025
5/20/2025,Facebook,Foto,Behind The Scene,50,92,7,0,0,0,0,"1,527,363",7,May 2025
5/20/2025,Instagram,Story,Promosi,500,966,52,9,1,0,15,-,77,May 2025
5/20/2025,X,Reel/Video Pendek,Hiburan,100,112,19,1,2,0,0,"582,623",22,May 2025
5/20/2025,Facebook,Reel/Video Pendek,Behind The Scene,200,355,38,0,3,0,2,-,43,May 2025
5/21/2025,Instagram,Foto,Promosi,300,970,28,3,2,0,5,-,38,May 2025
5/21/2025,TikTok,Carousel,Hiburan,50,69,8,0,0,0,0,-,8,May 2025
5/21/2025,X,Story,Behind The Scene,50,158,8,0,0,1,1,-,10,May 2025
5/21/2025,X,Story,Hiburan,300,424,13,2,4,2,0,-,21,May 2025
5/21/2025,Facebook,Foto,Promosi,800,1873,90,8,3,0,21,-,122,May 2025
5/21/2025,TikTok,Carousel,Edukasi,100,211,12,1,1,0,1,"193,145",15,May 2025
5/22/2025,Instagram,Foto,Promosi,100,424,3,0,1,1,0,-,5,May 2025
5/22/2025,Facebook,Foto,Promosi,50,69,8,0,0,0,0,-,8,May 2025
5/22/2025,Facebook,Story,Hiburan,50,106,2,0,0,0,0,-,2,May 2025
5/22/2025,Instagram,Carousel,Behind The Scene,100,296,10,0,2,0,3,-,15,May 2025
5/22/2025,TikTok,Story,Promosi,100,225,18,1,2,0,1,"1,421,076",22,May 2025
5/22/2025,TikTok,Story,Hiburan,50,81,9,0,1,0,0,"2,277,324",10,May 2025
5/22/2025,Instagram,Foto,Hiburan,100,115,17,1,0,0,1,"3,701,576",19,May 2025
5/22/2025,TikTok,Carousel,Edukasi,50,194,3,0,1,0,0,"79,010",4,May 2025
5/23/2025,TikTok,Foto,Behind The Scene,50,59,6,0,1,0,0,"518,260",7,May 2025
5/23/2025,Instagram,Story,Edukasi,50,73,4,0,0,0,0,"320,718",4,May 2025
5/23/2025,X,Foto,Edukasi,50,70,7,0,0,0,0,-,7,May 2025
5/23/2025,TikTok,Carousel,Promosi,200,489,37,3,1,9,1,-,51,May 2025
5/23/2025,Facebook,Story,Behind The Scene,50,108,5,0,0,0,0,"231,243",5,May 2025
5/23/2025,X,Foto,Hiburan,50,111,7,0,0,0,0,-,7,May 2025
5/23/2025,Instagram,Reel/Video Pendek,Edukasi,50,122,7,0,0,1,0,-,8,May 2025
5/23/2025,Instagram,Carousel,Edukasi,200,339,28,1,5,0,3,-,37,May 2025
5/24/2025,Facebook,Carousel,Promosi,100,116,10,1,2,0,0,"215,722",13,May 2025
5/24/2025,TikTok,Story,Behind The Scene,50,65,4,0,0,0,0,-,4,May 2025
5/24/2025,Instagram,Carousel,Promosi,50,214,11,0,0,0,2,"422,374",13,May 2025
5/24/2025,TikTok,Carousel,Hiburan,50,58,3,0,0,0,1,-,4,May 2025
5/24/2025,TikTok,Foto,Hiburan,50,212,11,0,0,0,1,-,12,May 2025
5/25/2025,TikTok,Foto,Hiburan,50,64,1,0,0,0,0,"184,875",1,May 2025
5/25/2025,Instagram,Carousel,Hiburan,50,75,1,0,0,0,0,"50,630",1,May 2025
5/25/2025,Instagram,Story,Edukasi,50,71,5,0,0,0,0,"406,523",5,May 2025
5/25/2025,X,Carousel,Behind The Scene,50,114,11,0,0,0,0,-,11,May 2025
5/25/2025,Instagram,Story,Promosi,50,215,10,0,0,0,0,"1,789,845",10,May 2025
5/25/2025,TikTok,Carousel,Promosi,50,112,4,0,1,0,1,-,6,May 2025
5/25/2025,Instagram,Foto,Edukasi,100,433,20,1,2,0,3,-,26,May 2025
5/25/2025,X,Reel/Video Pendek,Promosi,50,92,12,0,0,0,0,-,12,May 2025
5/25/2025,Instagram,Carousel,Promosi,200,444,34,2,3,0,3,-,42,May 2025
5/25/2025,Facebook,Carousel,Behind The Scene,50,77,2,0,1,0,0,"144,528",3,May 2025
5/25/2025,TikTok,Reel/Video Pendek,Behind The Scene,250,712,19,1,3,7,3,"117,110",33,May 2025
5/25/2025,TikTok,Story,Behind The Scene,50,92,8,0,0,0,0,-,8,May 2025
5/25/2025,Instagram,Story,Hiburan,50,85,3,0,0,1,2,"1,238,970",6,May 2025
5/26/2025,Instagram,Carousel,Promosi,50,111,5,0,0,0,1,-,6,May 2025
5/26/2025,X,Story,Promosi,50,180,6,0,1,0,0,"75,913",7,May 2025
5/26/2025,Facebook,Reel/Video Pendek,Behind The Scene,50,116,4,0,0,0,0,-,4,May 2025
5/26/2025,TikTok,Reel/Video Pendek,Hiburan,50,54,5,0,1,0,1,"101,818",7,May 2025
5/26/2025,Instagram,Story,Hiburan,50,74,4,0,0,0,0,-,4,May 2025
5/26/2025,TikTok,Foto,Behind The Scene,50,83,9,0,1,0,0,-,10,May 2025
5/27/2025,Instagram,Story,Promosi,2800,5144,485,10,79,0,30,-,604,May 2025
5/27/2025,TikTok,Reel/Video Pendek,Edukasi,50,149,5,0,0,0,1,-,6,May 2025
5/27/2025,TikTok,Reel/Video Pendek,Hiburan,50,104,10,0,0,0,0,-,10,May 2025
5/27/2025,TikTok,Carousel,Edukasi,50,93,1,0,0,0,1,-,2,May 2025
5/27/2025,Facebook,Story,Behind The Scene,200,202,24,0,1,0,6,"243,043",31,May 2025
5/28/2025,X,Carousel,Promosi,50,75,3,0,1,1,0,-,5,May 2025
5/28/2025,X,Carousel,Edukasi,50,75,10,0,1,1,0,-,12,May 2025
5/28/2025,Facebook,Carousel,Promosi,150,327,24,1,1,0,1,-,27,May 2025
5/28/2025,TikTok,Story,Hiburan,200,458,34,1,5,0,3,"131,708",43,May 2025
5/28/2025,TikTok,Story,Edukasi,50,143,10,0,0,2,0,"356,694",12,May 2025
5/28/2025,X,Carousel,Behind The Scene,100,283,7,1,1,4,0,-,13,May 2025
5/28/2025,X,Reel/Video Pendek,Edukasi,150,473,15,0,3,0,2,"2,269,604",20,May 2025
5/29/2025,Instagram,Carousel,Behind The Scene,150,369,35,0,1,0,1,-,37,May 2025
5/29/2025,X,Reel/Video Pendek,Edukasi,50,84,5,0,0,0,0,-,5,May 2025
5/29/2025,X,Carousel,Hiburan,300,631,50,0,4,0,11,"3,322,035",65,May 2025
5/29/2025,Facebook,Carousel,Edukasi,100,355,18,0,1,0,1,"1,062,863",20,May 2025
5/29/2025,X,Foto,Edukasi,50,220,8,0,1,0,0,"3,727,207",9,May 2025
5/29/2025,Facebook,Reel/Video Pendek,Behind The Scene,50,102,10,0,0,0,0,-,10,May 2025
5/29/2025,Facebook,Reel/Video Pendek,Edukasi,100,169,10,1,2,0,1,-,14,May 2025
5/29/2025,Facebook,Story,Hiburan,100,236,5,0,2,0,5,"731,026",12,May 2025
5/30/2025,TikTok,Foto,Promosi,50,123,9,0,0,0,0,"862,213",9,May 2025
5/30/2025,Facebook,Story,Edukasi,50,72,9,0,0,1,0,"174,751",10,May 2025
5/30/2025,X,Foto,Hiburan,200,312,45,0,5,0,3,-,53,May 2025
5/30/2025,Facebook,Reel/Video Pendek,Promosi,250,867,16,1,0,0,1,"3,095,593",18,May 2025
5/30/2025,TikTok,Carousel,Edukasi,100,288,20,0,2,0,1,"66,961",23,May 2025
5/30/2025,Instagram,Story,Edukasi,400,1627,73,7,5,0,6,-,91,May 2025
5/30/2025,TikTok,Story,Promosi,50,102,3,0,0,1,0,"217,492",4,May 2025
5/30/2025,Facebook,Foto,Edukasi,200,428,46,2,2,4,3,"105,191",57,May 2025
5/30/2025,TikTok,Carousel,Promosi,100,226,5,1,2,0,1,"1,902,809",9,May 2025
5/30/2025,X,Story,Behind The Scene,50,145,11,0,1,0,0,-,12,May 2025
5/31/2025,Instagram,Carousel,Edukasi,50,128,4,0,0,1,0,-,5,May 2025
5/31/2025,X,Reel/Video Pendek,Promosi,50,70,2,0,0,0,1,-,3,May 2025
5/31/2025,Facebook,Foto,Behind The Scene,50,116,5,0,1,0,0,-,6,May 2025
5/31/2025,X,Carousel,Hiburan,50,110,3,0,1,0,0,-,4,May 2025
5/31/2025,Facebook,Carousel,Behind The Scene,50,95,6,0,0,1,0,-,7,May 2025
5/31/2025,Facebook,Story,Behind The Scene,100,143,6,1,0,3,0,-,10,May 2025
5/31/2025,Facebook,Foto,Behind The Scene,100,176,8,1,0,0,0,-,9,May 2025
5/31/2025,TikTok,Story,Behind The Scene,150,194,21,1,4,4,2,-,32,May 2025
5/31/2025,Instagram,Reel/Video Pendek,Behind The Scene,100,238,18,0,1,0,0,-,19,May 2025
5/31/2025,X,Story,Hiburan,50,92,10,0,0,0,0,-,10,May 2025
5/31/2025,Instagram,Story,Behind The Scene,50,121,7,0,1,1,1,-,10,May 2025
5/31/2025,X,Reel/Video Pendek,Hiburan,150,281,29,2,3,0,1,-,35,May 2025
6/1/2025,X,Foto,Promosi,50,189,1,0,0,0,0,"1,407,389",1,Jun 2025
6/1/2025,Facebook,Carousel,Edukasi,300,619,68,0,5,0,4,"284,842",77,Jun 2025
6/1/2025,TikTok,Foto,Behind The Scene,50,70,4,0,0,0,0,"843,316",4,Jun 2025
6/1/2025,Instagram,Foto,Promosi,50,162,7,0,0,0,0,-,7,Jun 2025
6/1/2025,X,Foto,Hiburan,50,76,4,0,0,0,0,-,4,Jun 2025
6/1/2025,X,Foto,Hiburan,50,123,11,0,0,0,0,-,11,Jun 2025
6/2/2025,Instagram,Reel/Video Pendek,Promosi,400,424,76,4,10,6,4,-,100,Jun 2025
6/2/2025,Instagram,Story,Edukasi,150,343,30,0,3,0,0,"88,072",33,Jun 2025
6/2/2025,X,Reel/Video Pendek,Promosi,50,146,3,0,0,0,0,-,3,Jun 2025
6/2/2025,Instagram,Reel/Video Pendek,Edukasi,2400,3789,85,10,28,0,23,"1,255,526",146,Jun 2025
6/2/2025,Instagram,Carousel,Promosi,150,309,9,0,3,0,0,"1,966,969",12,Jun 2025
6/2/2025,Instagram,Reel/Video Pendek,Edukasi,150,557,36,0,3,0,0,-,39,Jun 2025
6/2/2025,TikTok,Reel/Video Pendek,Promosi,50,71,2,0,1,1,0,-,4,Jun 2025
6/3/2025,X,Story,Behind The Scene,450,986,68,7,6,0,4,-,85,Jun 2025
6/3/2025,Instagram,Foto,Behind The Scene,100,241,4,0,0,0,1,-,5,Jun 2025
6/3/2025,X,Reel/Video Pendek,Promosi,50,171,3,0,1,1,1,-,6,Jun 2025
6/3/2025,TikTok,Story,Behind The Scene,50,61,6,0,1,0,0,-,7,Jun 2025
6/3/2025,Facebook,Foto,Edukasi,200,467,29,2,0,0,2,-,33,Jun 2025
6/3/2025,X,Story,Edukasi,200,761,23,3,4,4,3,-,37,Jun 2025
6/3/2025,X,Story,Edukasi,50,71,8,0,1,0,0,-,9,Jun 2025
6/3/2025,Facebook,Reel/Video Pendek,Promosi,50,93,7,0,1,0,0,-,8,Jun 2025
6/3/2025,Instagram,Carousel,Promosi,100,418,16,1,1,4,4,-,26,Jun 2025
6/3/2025,X,Carousel,Behind The Scene,50,83,1,0,0,0,2,-,3,Jun 2025
6/4/2025,X,Carousel,Edukasi,50,72,3,0,0,0,0,"1,457,040",3,Jun 2025
6/4/2025,Facebook,Carousel,Promosi,100,129,21,0,2,0,1,-,24,Jun 2025
6/4/2025,Instagram,Story,Behind The Scene,50,88,7,0,0,0,0,"476,131",7,Jun 2025
6/4/2025,TikTok,Carousel,Edukasi,100,140,17,0,1,0,4,"2,847,608",22,Jun 2025
6/4/2025,TikTok,Reel/Video Pendek,Hiburan,1550,2616,203,14,22,0,42,"4,025,904",281,Jun 2025
6/4/2025,Instagram,Story,Promosi,350,676,12,1,7,9,13,"678,760",42,Jun 2025
6/4/2025,Facebook,Story,Edukasi,50,218,8,0,0,0,0,-,8,Jun 2025
6/5/2025,Facebook,Carousel,Promosi,50,77,11,0,0,0,0,-,11,Jun 2025
6/5/2025,Instagram,Story,Promosi,50,97,2,0,0,0,0,"995,842",2,Jun 2025
6/5/2025,Facebook,Carousel,Edukasi,200,777,14,2,2,0,3,-,21,Jun 2025
6/6/2025,TikTok,Carousel,Edukasi,50,66,3,0,0,0,0,-,3,Jun 2025
6/6/2025,TikTok,Carousel,Promosi,50,115,4,0,0,0,0,"191,142",4,Jun 2025
6/6/2025,TikTok,Story,Behind The Scene,950,1581,194,11,15,0,17,-,237,Jun 2025
6/6/2025,TikTok,Carousel,Promosi,50,86,8,0,0,0,0,-,8,Jun 2025
6/6/2025,X,Story,Edukasi,50,193,7,0,1,0,0,-,8,Jun 2025
6/6/2025,Instagram,Foto,Behind The Scene,100,224,7,1,0,0,1,-,9,Jun 2025
6/7/2025,TikTok,Foto,Promosi,50,100,6,0,0,0,0,-,6,Jun 2025
6/7/2025,Instagram,Story,Behind The Scene,50,60,11,0,1,0,0,-,12,Jun 2025
6/7/2025,TikTok,Foto,Hiburan,50,122,10,0,0,0,0,"131,914",10,Jun 2025
6/7/2025,TikTok,Foto,Promosi,50,81,9,0,0,0,1,-,10,Jun 2025
6/7/2025,Instagram,Carousel,Hiburan,50,165,4,0,0,0,0,-,4,Jun 2025
6/7/2025,X,Story,Hiburan,750,1867,70,1,10,20,1,-,102,Jun 2025
6/7/2025,Facebook,Story,Behind The Scene,250,436,14,2,1,4,3,"80,828",24,Jun 2025
6/7/2025,TikTok,Carousel,Hiburan,50,188,10,0,0,1,0,"2,257,553",11,Jun 2025
6/8/2025,Facebook,Foto,Hiburan,50,71,6,0,0,0,0,-,6,Jun 2025
6/8/2025,Instagram,Reel/Video Pendek,Promosi,50,56,10,0,0,0,0,-,10,Jun 2025
6/8/2025,Instagram,Reel/Video Pendek,Behind The Scene,50,190,9,0,0,0,0,-,9,Jun 2025
6/8/2025,X,Story,Promosi,50,128,3,0,0,0,1,"97,260",4,Jun 2025
6/8/2025,TikTok,Story,Hiburan,50,114,7,0,0,0,0,-,7,Jun 2025
6/8/2025,Facebook,Carousel,Promosi,150,257,35,2,3,1,4,-,45,Jun 2025
6/8/2025,X,Reel/Video Pendek,Promosi,50,210,9,0,0,1,0,"1,576,393",10,Jun 2025
6/8/2025,Instagram,Carousel,Promosi,50,80,10,0,0,0,1,-,11,Jun 2025
6/8/2025,Facebook,Carousel,Behind The Scene,50,94,2,0,0,0,0,-,2,Jun 2025
6/8/2025,X,Carousel,Behind The Scene,250,278,59,4,5,0,2,-,70,Jun 2025
6/9/2025,Facebook,Foto,Edukasi,50,199,12,0,0,0,0,-,12,Jun 2025
6/9/2025,TikTok,Carousel,Promosi,50,216,8,0,1,0,0,-,9,Jun 2025
6/9/2025,Facebook,Story,Hiburan,100,197,9,0,2,3,0,-,14,Jun 2025
6/9/2025,TikTok,Foto,Promosi,100,408,8,0,1,0,0,-,9,Jun 2025
6/9/2025,Instagram,Carousel,Hiburan,50,67,11,0,1,0,0,-,12,Jun 2025
6/9/2025,Instagram,Foto,Edukasi,50,211,8,0,1,0,2,-,11,Jun 2025
6/9/2025,TikTok,Story,Hiburan,50,200,3,0,1,0,0,"62,260",4,Jun 2025
6/9/2025,X,Reel/Video Pendek,Behind The Scene,100,233,4,1,0,0,0,-,5,Jun 2025
6/9/2025,X,Story,Hiburan,50,68,6,0,0,0,0,-,6,Jun 2025
6/9/2025,Facebook,Reel/Video Pendek,Edukasi,50,184,10,0,0,0,0,-,10,Jun 2025
6/9/2025,Instagram,Foto,Hiburan,100,164,13,1,2,0,3,-,19,Jun 2025
6/10/2025,Instagram,Reel/Video Pendek,Edukasi,100,163,16,0,1,0,0,-,17,Jun 2025
6/10/2025,TikTok,Story,Edukasi,300,567,9,1,1,0,5,"429,302",16,Jun 2025
6/10/2025,X,Reel/Video Pendek,Behind The Scene,50,103,8,0,0,0,0,-,8,Jun 2025
6/10/2025,X,Reel/Video Pendek,Behind The Scene,50,66,8,0,0,0,0,-,8,Jun 2025
6/11/2025,TikTok,Foto,Behind The Scene,50,122,8,0,0,0,0,-,8,Jun 2025
6/11/2025,Facebook,Carousel,Behind The Scene,150,629,31,1,2,2,2,-,38,Jun 2025
6/11/2025,TikTok,Carousel,Hiburan,50,75,3,0,1,2,1,-,7,Jun 2025
6/11/2025,X,Reel/Video Pendek,Behind The Scene,100,371,17,1,2,0,0,-,20,Jun 2025
6/11/2025,Facebook,Story,Edukasi,50,74,2,0,1,0,0,"144,498",3,Jun 2025
6/11/2025,TikTok,Reel/Video Pendek,Behind The Scene,50,125,2,0,0,0,1,-,3,Jun 2025
6/12/2025,TikTok,Carousel,Hiburan,150,508,31,0,0,0,1,-,32,Jun 2025
6/12/2025,X,Story,Edukasi,50,86,5,0,0,0,0,-,5,Jun 2025
6/12/2025,Facebook,Foto,Edukasi,50,71,1,0,1,0,1,-,3,Jun 2025
6/12/2025,Facebook,Foto,Behind The Scene,50,67,4,0,0,0,0,-,4,Jun 2025
6/12/2025,X,Foto,Promosi,50,173,6,0,1,0,0,-,7,Jun 2025
6/12/2025,TikTok,Foto,Hiburan,100,439,13,1,0,1,0,-,15,Jun 2025
6/13/2025,Instagram,Carousel,Hiburan,100,153,20,0,1,0,1,-,22,Jun 2025
6/13/2025,Instagram,Story,Edukasi,150,273,4,0,4,6,1,-,15,Jun 2025
6/13/2025,TikTok,Reel/Video Pendek,Behind The Scene,50,164,1,0,0,1,0,"248,735",2,Jun 2025
6/13/2025,X,Foto,Hiburan,50,164,10,0,1,0,0,-,11,Jun 2025
6/14/2025,Instagram,Story,Hiburan,100,224,22,0,2,0,0,-,24,Jun 2025
6/14/2025,Instagram,Story,Promosi,50,212,9,0,0,0,0,-,9,Jun 2025
6/14/2025,X,Reel/Video Pendek,Edukasi,50,85,7,0,0,0,0,-,7,Jun 2025
6/15/2025,Instagram,Reel/Video Pendek,Hiburan,50,77,7,0,0,2,0,-,9,Jun 2025
6/15/2025,TikTok,Story,Edukasi,50,63,11,0,1,0,0,"3,805,108",12,Jun 2025
6/15/2025,TikTok,Story,Behind The Scene,50,56,3,0,0,0,0,-,3,Jun 2025
6/15/2025,Facebook,Story,Behind The Scene,50,145,9,0,1,0,1,"395,103",11,Jun 2025
6/15/2025,Instagram,Story,Hiburan,50,115,1,0,1,0,0,"477,527",2,Jun 2025
6/15/2025,X,Story,Behind The Scene,1850,3037,413,35,41,0,36,"879,638",525,Jun 2025
6/15/2025,TikTok,Reel/Video Pendek,Edukasi,50,68,3,0,0,0,0,"68,986",3,Jun 2025
6/15/2025,TikTok,Reel/Video Pendek,Edukasi,100,193,21,0,2,0,2,-,25,Jun 2025
6/16/2025,Instagram,Foto,Promosi,50,118,10,0,1,0,0,"807,834",11,Jun 2025
6/16/2025,Facebook,Carousel,Hiburan,50,84,5,0,1,0,0,-,6,Jun 2025
6/16/2025,TikTok,Reel/Video Pendek,Promosi,50,111,8,0,0,2,0,-,10,Jun 2025
6/16/2025,Facebook,Reel/Video Pendek,Behind The Scene,50,109,7,0,0,2,0,"191,748",9,Jun 2025
6/16/2025,Instagram,Story,Behind The Scene,50,109,9,0,1,0,0,-,10,Jun 2025
6/16/2025,X,Reel/Video Pendek,Promosi,50,211,9,0,0,0,0,"2,032,149",9,Jun 2025
6/16/2025,X,Foto,Edukasi,50,195,9,0,0,0,0,-,9,Jun 2025
6/16/2025,Instagram,Foto,Promosi,450,1112,87,8,9,0,4,-,108,Jun 2025
6/17/2025,Instagram,Carousel,Hiburan,100,267,13,1,1,1,1,-,17,Jun 2025
6/17/2025,TikTok,Story,Promosi,50,146,2,0,0,0,0,"109,668",2,Jun 2025
6/17/2025,TikTok,Reel/Video Pendek,Hiburan,350,417,57,6,4,0,1,"1,800,774",68,Jun 2025
6/17/2025,Instagram,Carousel,Promosi,50,98,1,0,1,0,0,-,2,Jun 2025
6/18/2025,TikTok,Reel/Video Pendek,Edukasi,50,91,11,0,0,0,0,-,11,Jun 2025
6/18/2025,Facebook,Carousel,Promosi,50,133,6,0,0,2,0,-,8,Jun 2025
6/18/2025,TikTok,Carousel,Edukasi,50,87,4,0,0,0,0,"2,387,349",4,Jun 2025
6/19/2025,Instagram,Carousel,Behind The Scene,50,59,3,0,0,0,0,-,3,Jun 2025
6/19/2025,TikTok,Reel/Video Pendek,Promosi,50,186,8,0,1,2,1,-,12,Jun 2025
6/19/2025,X,Carousel,Hiburan,1600,2254,284,10,26,0,29,-,349,Jun 2025
6/19/2025,Instagram,Reel/Video Pendek,Hiburan,50,109,4,0,1,0,0,-,5,Jun 2025
6/19/2025,Facebook,Carousel,Behind The Scene,50,96,7,0,0,0,0,-,7,Jun 2025
6/19/2025,Facebook,Story,Edukasi,50,185,4,0,0,0,0,-,4,Jun 2025
6/19/2025,X,Carousel,Promosi,150,203,6,2,2,0,0,-,10,Jun 2025
6/20/2025,Facebook,Foto,Promosi,50,57,7,0,0,0,0,-,7,Jun 2025
6/20/2025,Facebook,Foto,Hiburan,500,559,115,8,14,16,9,-,162,Jun 2025
6/20/2025,TikTok,Story,Hiburan,50,84,11,0,1,0,0,-,12,Jun 2025
6/20/2025,Facebook,Reel/Video Pendek,Hiburan,50,100,12,0,1,0,0,-,13,Jun 2025
6/20/2025,Instagram,Reel/Video Pendek,Behind The Scene,50,209,2,0,1,0,0,-,3,Jun 2025
6/20/2025,X,Story,Promosi,50,83,7,0,0,1,0,-,8,Jun 2025
6/20/2025,TikTok,Carousel,Edukasi,50,187,9,0,1,0,1,"255,802",11,Jun 2025
6/20/2025,Instagram,Reel/Video Pendek,Edukasi,500,1193,36,0,8,0,3,-,47,Jun 2025
6/20/2025,X,Carousel,Behind The Scene,100,379,7,0,1,0,2,-,10,Jun 2025
6/20/2025,X,Reel/Video Pendek,Behind The Scene,150,239,25,2,3,1,0,"676,842",31,Jun 2025
6/20/2025,TikTok,Carousel,Behind The Scene,100,202,20,1,0,4,1,"76,669",26,Jun 2025
6/20/2025,Facebook,Carousel,Promosi,50,127,7,0,1,0,1,-,9,Jun 2025
6/21/2025,TikTok,Story,Hiburan,150,350,24,1,2,0,1,"3,308,643",28,Jun 2025
6/21/2025,Facebook,Foto,Edukasi,150,301,28,0,1,0,1,-,30,Jun 2025
6/21/2025,X,Carousel,Hiburan,50,151,9,0,0,1,0,-,10,Jun 2025
6/21/2025,TikTok,Foto,Edukasi,50,141,10,0,0,0,0,-,10,Jun 2025
6/21/2025,TikTok,Story,Edukasi,200,208,35,0,5,0,4,"1,141,520",44,Jun 2025
6/22/2025,TikTok,Carousel,Promosi,50,79,5,0,1,0,1,-,7,Jun 2025
6/22/2025,Instagram,Foto,Edukasi,150,226,9,0,3,0,0,-,12,Jun 2025
6/22/2025,X,Story,Edukasi,100,106,6,0,1,0,1,-,8,Jun 2025
6/22/2025,X,Story,Edukasi,50,158,5,0,0,2,0,"3,454,603",7,Jun 2025
6/23/2025,Facebook,Foto,Edukasi,100,318,8,1,1,0,1,-,11,Jun 2025
6/23/2025,X,Story,Promosi,200,790,16,3,0,0,2,"481,223",21,Jun 2025
6/23/2025,TikTok,Carousel,Edukasi,50,102,2,0,0,0,0,-,2,Jun 2025
6/23/2025,X,Story,Edukasi,50,52,3,0,0,0,0,-,3,Jun 2025
6/23/2025,Facebook,Foto,Behind The Scene,50,63,4,0,1,0,0,-,5,Jun 2025
6/23/2025,Instagram,Foto,Edukasi,50,51,5,0,0,0,0,-,5,Jun 2025
6/23/2025,Instagram,Reel/Video Pendek,Edukasi,100,182,16,1,2,0,1,-,20,Jun 2025
6/23/2025,TikTok,Foto,Hiburan,50,99,3,0,0,0,0,"1,213,956",3,Jun 2025
6/23/2025,X,Foto,Behind The Scene,100,193,8,1,1,0,1,-,11,Jun 2025
6/23/2025,TikTok,Foto,Hiburan,50,95,10,0,0,0,0,-,10,Jun 2025
6/23/2025,TikTok,Story,Hiburan,50,165,3,0,0,0,0,-,3,Jun 2025
6/24/2025,X,Story,Hiburan,50,123,11,0,0,0,0,-,11,Jun 2025
6/24/2025,TikTok,Story,Edukasi,50,109,5,0,0,0,0,"1,482,143",5,Jun 2025
6/24/2025,TikTok,Carousel,Hiburan,50,51,11,0,0,0,0,-,11,Jun 2025
6/24/2025,X,Foto,Behind The Scene,100,221,13,1,1,0,1,-,16,Jun 2025
6/24/2025,Instagram,Reel/Video Pendek,Promosi,450,526,104,7,8,0,5,-,124,Jun 2025
6/24/2025,Facebook,Reel/Video Pendek,Behind The Scene,50,84,9,0,1,0,0,-,10,Jun 2025
6/24/2025,TikTok,Story,Hiburan,100,222,15,0,2,0,0,"519,692",17,Jun 2025
6/25/2025,Facebook,Carousel,Promosi,450,1634,41,8,9,0,8,"338,219",66,Jun 2025
6/25/2025,Instagram,Story,Edukasi,50,192,4,0,0,0,1,-,5,Jun 2025
6/25/2025,X,Story,Behind The Scene,50,51,5,0,0,0,1,-,6,Jun 2025
6/25/2025,Instagram,Reel/Video Pendek,Hiburan,200,770,44,1,1,0,1,-,47,Jun 2025
6/25/2025,Instagram,Foto,Promosi,100,142,4,0,0,0,1,-,5,Jun 2025
6/25/2025,Instagram,Story,Hiburan,400,1432,66,4,1,0,17,-,88,Jun 2025
6/25/2025,Facebook,Reel/Video Pendek,Behind The Scene,150,495,18,2,2,0,1,-,23,Jun 2025
6/25/2025,Instagram,Foto,Hiburan,50,102,6,0,0,1,1,"183,581",8,Jun 2025
6/26/2025,TikTok,Reel/Video Pendek,Behind The Scene,100,322,15,0,2,0,1,-,18,Jun 2025
6/26/2025,TikTok,Story,Behind The Scene,50,50,4,0,0,0,0,-,4,Jun 2025
6/26/2025,TikTok,Foto,Hiburan,50,97,2,0,0,0,0,-,2,Jun 2025
6/27/2025,Facebook,Reel/Video Pendek,Behind The Scene,50,211,10,0,0,0,1,-,11,Jun 2025
6/27/2025,Facebook,Foto,Behind The Scene,50,66,4,0,1,0,2,-,7,Jun 2025
6/27/2025,TikTok,Story,Behind The Scene,50,99,10,0,1,0,0,-,11,Jun 2025
6/27/2025,TikTok,Foto,Edukasi,50,169,3,0,1,2,0,-,6,Jun 2025
6/27/2025,X,Story,Behind The Scene,50,107,2,0,0,0,1,-,3,Jun 2025
6/27/2025,Facebook,Story,Promosi,50,53,4,0,0,0,0,-,4,Jun 2025
6/27/2025,TikTok,Carousel,Edukasi,50,164,1,0,0,0,1,"595,653",2,Jun 2025
6/28/2025,TikTok,Carousel,Behind The Scene,50,211,5,0,0,1,0,"2,319,970",6,Jun 2025
6/29/2025,Instagram,Reel/Video Pendek,Hiburan,50,107,10,0,0,0,1,-,11,Jun 2025
6/29/2025,X,Story,Edukasi,150,246,10,0,4,0,1,"812,444",15,Jun 2025
6/29/2025,TikTok,Carousel,Behind The Scene,100,423,11,1,1,0,0,"166,929",13,Jun 2025
6/29/2025,Facebook,Story,Promosi,400,578,34,2,6,0,15,"102,956",57,Jun 2025
6/29/2025,Instagram,Carousel,Promosi,50,109,11,0,0,0,0,-,11,Jun 2025
6/29/2025,Facebook,Foto,Edukasi,50,57,8,0,0,0,0,-,8,Jun 2025
6/30/2025,Instagram,Carousel,Promosi,50,88,1,0,1,0,0,"1,120,534",2,Jun 2025
6/30/2025,TikTok,Foto,Promosi,50,115,5,0,0,0,0,-,5,Jun 2025
6/30/2025,TikTok,Story,Edukasi,137200,231260,6282,154,3896,0,1662,"4,086,044",11994,Jun 2025
6/30/2025,Facebook,Story,Behind The Scene,50,116,6,0,1,2,0,-,9,Jun 2025
6/30/2025,X,Carousel,Behind The Scene,50,87,3,0,0,0,0,-,3,Jun 2025
6/30/2025,X,Foto,Hiburan,50,137,1,0,1,0,0,-,2,Jun 2025
6/30/2025,X,Foto,Edukasi,100,219,3,1,2,0,0,-,6,Jun 2025
6/30/2025,TikTok,Reel/Video Pendek,Edukasi,50,99,11,0,0,1,0,-,12,Jun 2025
6/30/2025,TikTok,Carousel,Promosi,50,151,6,0,0,0,0,"448,382",6,Jun 2025
7/1/2025,Facebook,Carousel,Promosi,150,306,25,1,4,0,1,-,31,Jul 2025
7/1/2025,Facebook,Carousel,Promosi,50,85,7,0,1,0,0,-,8,Jul 2025
7/1/2025,Facebook,Reel/Video Pendek,Edukasi,100,412,16,0,0,3,1,"2,751,898",20,Jul 2025
7/1/2025,Instagram,Foto,Promosi,50,107,4,0,0,2,0,-,6,Jul 2025
7/1/2025,Instagram,Carousel,Edukasi,150,210,8,1,2,0,1,-,12,Jul 2025
7/1/2025,TikTok,Story,Edukasi,150,198,24,1,3,0,5,-,33,Jul 2025
7/1/2025,TikTok,Reel/Video Pendek,Behind The Scene,50,75,11,0,0,1,2,-,14,Jul 2025
7/1/2025,Instagram,Reel/Video Pendek,Behind The Scene,150,233,27,1,1,0,0,-,29,Jul 2025
7/2/2025,Facebook,Story,Promosi,50,87,10,0,1,0,0,-,11,Jul 2025
7/2/2025,X,Reel/Video Pendek,Hiburan,50,75,7,0,1,0,0,"2,110,635",8,Jul 2025
7/2/2025,X,Carousel,Promosi,150,327,25,0,1,0,2,-,28,Jul 2025
7/2/2025,Facebook,Foto,Edukasi,200,277,40,2,0,6,0,-,48,Jul 2025
7/2/2025,TikTok,Foto,Behind The Scene,50,51,6,0,0,0,0,-,6,Jul 2025
7/2/2025,Instagram,Reel/Video Pendek,Hiburan,100,167,12,1,2,0,0,-,15,Jul 2025
7/2/2025,Instagram,Foto,Behind The Scene,50,85,6,0,1,0,0,"174,628",7,Jul 2025
7/3/2025,TikTok,Carousel,Behind The Scene,50,217,3,0,1,0,0,-,4,Jul 2025
7/3/2025,X,Carousel,Promosi,100,351,24,0,2,0,0,-,26,Jul 2025
7/3/2025,TikTok,Foto,Hiburan,250,771,52,3,1,8,3,"85,825",67,Jul 2025
7/3/2025,Instagram,Story,Hiburan,50,77,8,0,1,1,0,"2,209,733",10,Jul 2025
7/3/2025,X,Reel/Video Pendek,Edukasi,50,56,4,0,0,0,0,"1,560,186",4,Jul 2025
7/3/2025,X,Carousel,Promosi,350,526,10,1,7,0,4,"54,126",22,Jul 2025
7/3/2025,Instagram,Foto,Edukasi,50,105,11,0,0,0,0,-,11,Jul 2025
7/3/2025,Instagram,Story,Behind The Scene,50,146,6,0,0,0,0,"75,409",6,Jul 2025
7/3/2025,Instagram,Reel/Video Pendek,Promosi,50,122,10,0,0,0,0,"365,512",10,Jul 2025
7/3/2025,Facebook,Reel/Video Pendek,Hiburan,50,218,10,0,1,0,1,-,12,Jul 2025
7/3/2025,TikTok,Foto,Edukasi,100,175,17,1,2,0,4,-,24,Jul 2025
7/4/2025,TikTok,Carousel,Behind The Scene,50,180,1,0,1,1,0,-,3,Jul 2025
7/4/2025,Facebook,Story,Promosi,100,206,9,1,0,0,0,-,10,Jul 2025
7/4/2025,X,Foto,Hiburan,50,153,4,0,0,0,0,-,4,Jul 2025
7/4/2025,Facebook,Reel/Video Pendek,Behind The Scene,100,247,19,1,2,0,1,-,23,Jul 2025
7/4/2025,Instagram,Carousel,Edukasi,50,88,5,0,0,0,0,"113,617",5,Jul 2025
7/4/2025,Instagram,Foto,Edukasi,50,74,10,0,1,0,0,"194,553",11,Jul 2025
7/4/2025,X,Reel/Video Pendek,Hiburan,100,106,7,0,1,3,2,"268,163",13,Jul 2025
7/4/2025,Facebook,Carousel,Behind The Scene,50,185,7,0,0,0,0,-,7,Jul 2025
7/4/2025,Instagram,Foto,Hiburan,50,148,3,0,0,0,0,"1,224,637",3,Jul 2025
7/5/2025,Instagram,Reel/Video Pendek,Hiburan,150,453,21,1,3,0,1,-,26,Jul 2025
7/5/2025,Instagram,Story,Hiburan,200,588,34,2,0,0,5,-,41,Jul 2025
7/5/2025,Instagram,Reel/Video Pendek,Hiburan,150,249,23,2,3,0,1,-,29,Jul 2025
7/5/2025,Instagram,Story,Behind The Scene,50,121,11,0,0,1,0,"188,589",12,Jul 2025
7/6/2025,TikTok,Story,Hiburan,50,163,10,0,0,0,0,"656,550",10,Jul 2025
7/6/2025,Facebook,Foto,Edukasi,50,215,2,0,0,0,0,-,2,Jul 2025
7/6/2025,TikTok,Foto,Promosi,50,99,5,0,0,0,0,-,5,Jul 2025
7/6/2025,Facebook,Foto,Behind The Scene,500,1145,88,0,14,0,1,"110,013",103,Jul 2025
7/6/2025,Instagram,Reel/Video Pendek,Edukasi,50,124,9,0,0,1,0,-,10,Jul 2025
7/6/2025,TikTok,Carousel,Hiburan,50,108,8,0,0,0,0,"3,319,429",8,Jul 2025
7/6/2025,X,Foto,Hiburan,150,393,5,0,3,4,0,-,12,Jul 2025
7/7/2025,Instagram,Foto,Promosi,50,77,6,0,0,0,2,-,8,Jul 2025
7/7/2025,X,Reel/Video Pendek,Edukasi,50,92,5,0,0,0,0,-,5,Jul 2025
7/7/2025,Facebook,Reel/Video Pendek,Hiburan,200,270,35,3,3,3,1,-,45,Jul 2025
7/7/2025,TikTok,Foto,Behind The Scene,50,111,7,0,1,0,0,-,8,Jul 2025
7/7/2025,X,Carousel,Promosi,100,189,21,1,2,0,1,"67,354",25,Jul 2025
7/7/2025,Facebook,Story,Promosi,50,125,10,0,0,0,0,-,10,Jul 2025
7/7/2025,X,Foto,Behind The Scene,50,98,9,0,0,0,0,"116,032",9,Jul 2025
7/7/2025,TikTok,Reel/Video Pendek,Edukasi,50,120,11,0,0,0,0,-,11,Jul 2025
7/7/2025,X,Reel/Video Pendek,Hiburan,50,62,2,0,1,0,0,-,3,Jul 2025
7/7/2025,TikTok,Foto,Behind The Scene,50,171,6,0,1,0,0,"1,497,780",7,Jul 2025
7/8/2025,Facebook,Story,Promosi,50,136,10,0,0,1,0,"181,406",11,Jul 2025
7/8/2025,Facebook,Carousel,Behind The Scene,50,176,11,0,0,0,1,-,12,Jul 2025
7/8/2025,Facebook,Story,Hiburan,150,192,22,2,2,0,5,-,31,Jul 2025
7/9/2025,Facebook,Reel/Video Pendek,Edukasi,100,196,21,0,0,0,3,-,24,Jul 2025
7/9/2025,Facebook,Foto,Promosi,50,174,4,0,0,0,0,"775,472",4,Jul 2025
7/9/2025,Facebook,Foto,Edukasi,150,489,31,2,2,0,1,-,36,Jul 2025
7/9/2025,Instagram,Foto,Hiburan,50,124,10,0,0,1,0,-,11,Jul 2025
7/9/2025,Facebook,Carousel,Edukasi,50,111,12,0,1,0,0,-,13,Jul 2025
7/9/2025,X,Story,Edukasi,50,85,12,0,1,0,1,"187,984",14,Jul 2025
7/9/2025,Facebook,Reel/Video Pendek,Promosi,50,206,7,0,0,0,0,"4,354,807",7,Jul 2025
7/10/2025,X,Reel/Video Pendek,Behind The Scene,50,65,4,0,1,0,0,-,5,Jul 2025
7/10/2025,TikTok,Story,Edukasi,50,129,11,0,1,0,1,"321,218",13,Jul 2025
7/10/2025,TikTok,Reel/Video Pendek,Behind The Scene,100,224,21,0,0,0,2,"76,533",23,Jul 2025
7/10/2025,TikTok,Carousel,Hiburan,50,89,6,0,1,0,0,-,7,Jul 2025
7/10/2025,TikTok,Foto,Promosi,50,94,8,0,0,0,0,"3,079,111",8,Jul 2025
7/10/2025,Instagram,Story,Behind The Scene,100,288,14,1,0,1,1,"316,089",17,Jul 2025
7/10/2025,Instagram,Reel/Video Pendek,Hiburan,250,1054,9,2,2,0,8,-,21,Jul 2025
7/11/2025,TikTok,Foto,Hiburan,50,114,7,0,0,1,0,-,8,Jul 2025
7/11/2025,Instagram,Reel/Video Pendek,Promosi,50,93,6,0,1,1,0,-,8,Jul 2025
7/11/2025,TikTok,Story,Promosi,50,120,11,0,0,1,0,-,12,Jul 2025
7/11/2025,Instagram,Foto,Hiburan,50,76,9,0,1,0,0,"125,745",10,Jul 2025
7/11/2025,TikTok,Story,Edukasi,50,120,8,0,1,0,0,-,9,Jul 2025
7/11/2025,Instagram,Reel/Video Pendek,Edukasi,50,115,4,0,1,1,1,-,7,Jul 2025
7/11/2025,X,Foto,Behind The Scene,50,92,6,0,0,0,0,-,6,Jul 2025
7/11/2025,Instagram,Story,Promosi,50,112,3,0,0,0,0,-,3,Jul 2025
7/11/2025,Instagram,Reel/Video Pendek,Edukasi,50,104,10,0,0,0,0,"600,436",10,Jul 2025
7/11/2025,Instagram,Story,Promosi,100,124,17,1,0,0,1,-,19,Jul 2025
7/12/2025,Instagram,Carousel,Behind The Scene,50,115,6,0,0,0,0,-,6,Jul 2025
7/12/2025,Instagram,Foto,Hiburan,100,407,14,1,2,0,1,"401,400",18,Jul 2025
7/12/2025,Instagram,Reel/Video Pendek,Behind The Scene,100,338,21,1,2,0,3,-,27,Jul 2025
7/12/2025,TikTok,Carousel,Edukasi,650,1039,102,7,12,0,6,-,127,Jul 2025
7/12/2025,Instagram,Reel/Video Pendek,Behind The Scene,150,643,30,0,1,0,1,-,32,Jul 2025
7/12/2025,X,Foto,Edukasi,50,113,5,0,0,0,0,-,5,Jul 2025
7/12/2025,Facebook,Foto,Promosi,100,207,3,1,1,0,1,-,6,Jul 2025
7/12/2025,Instagram,Story,Behind The Scene,50,97,4,0,1,0,0,"4,974,256",5,Jul 2025
7/12/2025,Instagram,Carousel,Promosi,100,163,21,1,2,0,0,-,24,Jul 2025
7/12/2025,Instagram,Story,Hiburan,550,2118,25,8,8,0,21,-,62,Jul 2025
7/13/2025,Facebook,Carousel,Promosi,100,370,20,0,2,0,3,-,25,Jul 2025
7/13/2025,Instagram,Story,Promosi,50,131,3,0,0,2,0,"1,341,311",5,Jul 2025
7/13/2025,X,Reel/Video Pendek,Promosi,150,164,35,0,4,0,1,"215,199",40,Jul 2025
7/13/2025,X,Carousel,Behind The Scene,50,81,3,0,1,2,0,-,6,Jul 2025
7/13/2025,TikTok,Foto,Edukasi,3000,9412,135,36,89,0,43,-,303,Jul 2025
7/13/2025,X,Story,Behind The Scene,50,62,6,0,1,0,0,-,7,Jul 2025
7/13/2025,Instagram,Story,Hiburan,100,382,4,0,1,0,0,-,5,Jul 2025
7/13/2025,X,Carousel,Behind The Scene,50,65,8,0,0,0,0,-,8,Jul 2025
7/13/2025,Instagram,Story,Hiburan,50,76,6,0,1,0,0,"326,121",7,Jul 2025
7/14/2025,X,Reel/Video Pendek,Hiburan,50,162,4,0,0,1,0,"4,895,481",5,Jul 2025
7/14/2025,TikTok,Carousel,Promosi,50,155,9,0,1,0,0,-,10,Jul 2025
7/14/2025,TikTok,Carousel,Behind The Scene,200,221,24,3,3,0,2,-,32,Jul 2025
7/14/2025,TikTok,Reel/Video Pendek,Behind The Scene,150,205,11,0,2,0,2,"1,016,486",15,Jul 2025
7/14/2025,Facebook,Reel/Video Pendek,Promosi,50,109,4,0,1,0,0,-,5,Jul 2025
7/14/2025,TikTok,Foto,Hiburan,100,132,20,1,1,1,2,"3,782,698",25,Jul 2025
7/14/2025,Facebook,Reel/Video Pendek,Behind The Scene,150,254,5,1,2,0,2,-,10,Jul 2025
7/14/2025,TikTok,Story,Hiburan,200,444,46,0,1,3,7,-,57,Jul 2025
7/14/2025,Facebook,Story,Promosi,50,134,7,0,0,0,0,"3,077,239",7,Jul 2025
7/14/2025,X,Carousel,Promosi,100,173,23,1,1,0,0,-,25,Jul 2025
7/15/2025,Facebook,Reel/Video Pendek,Edukasi,100,182,19,1,2,0,0,-,22,Jul 2025
7/15/2025,TikTok,Foto,Behind The Scene,50,116,10,0,0,1,0,-,11,Jul 2025
7/15/2025,X,Story,Promosi,50,107,3,0,0,2,0,-,5,Jul 2025
7/15/2025,Instagram,Story,Hiburan,50,79,5,0,0,0,0,-,5,Jul 2025
7/15/2025,X,Reel/Video Pendek,Promosi,250,614,15,3,6,0,0,-,24,Jul 2025
7/15/2025,X,Carousel,Hiburan,50,124,7,0,0,0,0,"1,489,469",7,Jul 2025
7/15/2025,X,Foto,Promosi,400,636,18,5,10,0,3,-,36,Jul 2025
7/16/2025,Instagram,Story,Hiburan,100,177,17,1,0,0,1,-,19,Jul 2025
7/16/2025,Instagram,Reel/Video Pendek,Edukasi,800,1010,104,6,12,0,2,-,124,Jul 2025
7/16/2025,Instagram,Carousel,Edukasi,50,50,6,0,0,0,1,-,7,Jul 2025
7/16/2025,TikTok,Foto,Behind The Scene,50,150,8,0,0,0,0,-,8,Jul 2025
7/16/2025,Facebook,Reel/Video Pendek,Edukasi,50,123,5,0,0,0,0,-,5,Jul 2025
7/16/2025,X,Reel/Video Pendek,Promosi,50,214,7,0,0,0,1,-,8,Jul 2025
7/16/2025,Instagram,Foto,Edukasi,50,78,1,0,0,0,0,-,1,Jul 2025
7/16/2025,TikTok,Reel/Video Pendek,Promosi,50,204,10,0,0,0,0,"3,436,668",10,Jul 2025
7/16/2025,Facebook,Foto,Hiburan,50,91,12,0,0,0,0,-,12,Jul 2025
7/16/2025,TikTok,Reel/Video Pendek,Hiburan,1600,3400,285,3,16,0,11,-,315,Jul 2025
7/17/2025,Instagram,Foto,Hiburan,50,78,7,0,0,0,0,-,7,Jul 2025
7/17/2025,TikTok,Carousel,Edukasi,150,356,29,1,2,1,1,-,34,Jul 2025
7/17/2025,Facebook,Reel/Video Pendek,Promosi,50,77,3,0,0,0,0,-,3,Jul 2025
7/17/2025,TikTok,Foto,Hiburan,100,155,24,0,1,0,0,-,25,Jul 2025
7/17/2025,TikTok,Story,Behind The Scene,150,573,32,1,2,0,1,"70,845",36,Jul 2025
7/17/2025,Instagram,Story,Edukasi,100,150,12,1,2,0,0,-,15,Jul 2025
7/17/2025,Facebook,Reel/Video Pendek,Behind The Scene,50,81,6,0,0,0,0,-,6,Jul 2025
7/17/2025,TikTok,Reel/Video Pendek,Hiburan,50,58,4,0,0,0,0,-,4,Jul 2025
7/17/2025,Facebook,Reel/Video Pendek,Hiburan,50,59,12,0,1,0,0,-,13,Jul 2025
7/18/2025,Instagram,Story,Hiburan,350,1115,36,5,9,11,3,-,64,Jul 2025
7/18/2025,X,Story,Hiburan,100,152,5,1,1,0,0,"575,225",7,Jul 2025
7/18/2025,Facebook,Story,Hiburan,50,82,5,0,1,1,0,-,7,Jul 2025
7/18/2025,Instagram,Carousel,Hiburan,50,100,10,0,0,0,0,"2,348,231",10,Jul 2025
7/18/2025,Facebook,Foto,Edukasi,450,685,40,2,4,0,6,"2,066,109",52,Jul 2025
7/18/2025,Instagram,Carousel,Promosi,150,499,13,0,3,0,0,-,16,Jul 2025
7/18/2025,TikTok,Foto,Promosi,50,90,2,0,1,0,0,-,3,Jul 2025
7/19/2025,TikTok,Carousel,Edukasi,300,999,10,5,1,0,2,-,18,Jul 2025
7/19/2025,X,Foto,Promosi,50,137,5,0,0,0,0,"1,587,446",5,Jul 2025
7/19/2025,X,Carousel,Behind The Scene,50,132,9,0,1,0,0,"695,387",10,Jul 2025
7/19/2025,Facebook,Story,Behind The Scene,50,216,3,0,0,0,1,"64,375",4,Jul 2025
7/19/2025,X,Foto,Promosi,50,53,5,0,0,2,0,"432,472",7,Jul 2025
7/19/2025,X,Story,Edukasi,100,117,21,1,1,0,0,-,23,Jul 2025
7/19/2025,Facebook,Reel/Video Pendek,Hiburan,50,131,10,0,0,0,0,"100,648",10,Jul 2025
7/19/2025,TikTok,Foto,Edukasi,750,910,120,14,16,0,10,-,160,Jul 2025
7/19/2025,Instagram,Carousel,Hiburan,50,221,1,0,0,0,0,"857,991",1,Jul 2025
7/20/2025,Instagram,Foto,Hiburan,50,63,6,0,1,0,0,-,7,Jul 2025
7/20/2025,TikTok,Story,Behind The Scene,200,575,28,1,4,0,1,-,34,Jul 2025
7/20/2025,Instagram,Foto,Behind The Scene,50,125,3,0,0,0,0,-,3,Jul 2025
7/20/2025,Instagram,Reel/Video Pendek,Behind The Scene,50,92,6,0,1,0,0,-,7,Jul 2025
7/20/2025,Facebook,Carousel,Hiburan,100,312,15,1,1,0,1,"1,649,668",18,Jul 2025
7/20/2025,X,Carousel,Edukasi,200,211,16,2,5,5,2,-,30,Jul 2025
7/20/2025,TikTok,Foto,Behind The Scene,50,163,3,0,1,0,2,"70,372",6,Jul 2025
7/20/2025,X,Reel/Video Pendek,Promosi,50,69,3,0,0,0,0,-,3,Jul 2025
7/20/2025,Facebook,Story,Behind The Scene,100,241,16,1,0,0,2,-,19,Jul 2025
7/21/2025,TikTok,Story,Hiburan,50,121,9,0,0,0,0,-,9,Jul 2025
7/21/2025,Instagram,Carousel,Hiburan,50,82,11,0,1,0,0,-,12,Jul 2025
7/21/2025,Instagram,Foto,Behind The Scene,50,89,10,0,0,0,0,-,10,Jul 2025
7/21/2025,Facebook,Carousel,Edukasi,50,82,4,0,1,2,1,-,8,Jul 2025
7/21/2025,X,Story,Promosi,100,227,14,0,0,0,0,-,14,Jul 2025
7/21/2025,TikTok,Carousel,Hiburan,50,106,7,0,0,0,1,-,8,Jul 2025
7/22/2025,Instagram,Reel/Video Pendek,Behind The Scene,50,75,3,0,0,0,1,-,4,Jul 2025
7/22/2025,Instagram,Carousel,Hiburan,150,466,13,0,2,0,0,-,15,Jul 2025
7/22/2025,X,Reel/Video Pendek,Hiburan,50,59,9,0,1,0,0,-,10,Jul 2025
7/22/2025,Facebook,Reel/Video Pendek,Behind The Scene,50,85,5,0,0,0,2,"2,951,080",7,Jul 2025
7/22/2025,TikTok,Foto,Edukasi,50,51,3,0,1,0,0,"1,642,978",4,Jul 2025
7/22/2025,Instagram,Story,Behind The Scene,400,872,12,5,4,15,10,"164,133",46,Jul 2025
7/23/2025,TikTok,Reel/Video Pendek,Edukasi,50,109,11,0,1,1,1,"179,796",14,Jul 2025
7/23/2025,X,Carousel,Promosi,50,104,2,0,1,0,0,-,3,Jul 2025
7/23/2025,TikTok,Story,Behind The Scene,50,74,6,0,0,1,1,"99,994",8,Jul 2025
7/23/2025,Facebook,Reel/Video Pendek,Promosi,50,75,3,0,1,0,0,"1,205,197",4,Jul 2025
7/23/2025,Facebook,Foto,Hiburan,150,363,33,1,2,0,2,-,38,Jul 2025
7/23/2025,X,Carousel,Behind The Scene,50,81,7,0,1,0,0,-,8,Jul 2025
7/23/2025,Facebook,Foto,Hiburan,50,145,3,0,0,2,0,-,5,Jul 2025
7/23/2025,X,Foto,Hiburan,100,248,10,0,2,2,0,"78,710",14,Jul 2025
7/24/2025,X,Carousel,Behind The Scene,350,559,41,1,6,0,1,-,49,Jul 2025
7/24/2025,TikTok,Foto,Hiburan,50,91,2,0,0,1,0,-,3,Jul 2025
7/24/2025,TikTok,Carousel,Edukasi,50,90,1,0,0,0,0,-,1,Jul 2025
7/24/2025,Facebook,Reel/Video Pendek,Hiburan,50,118,11,0,0,0,0,-,11,Jul 2025
7/24/2025,TikTok,Story,Edukasi,50,71,11,0,0,1,1,-,13,Jul 2025
7/24/2025,Instagram,Foto,Promosi,50,129,2,0,0,0,0,-,2,Jul 2025
7/24/2025,TikTok,Foto,Hiburan,50,113,4,0,0,0,0,-,4,Jul 2025
7/24/2025,Facebook,Carousel,Edukasi,150,292,7,0,3,0,2,-,12,Jul 2025
7/24/2025,TikTok,Foto,Promosi,300,379,61,1,4,11,4,"4,726,716",81,Jul 2025
7/24/2025,X,Reel/Video Pendek,Hiburan,50,105,1,0,0,2,0,-,3,Jul 2025
7/24/2025,Instagram,Foto,Edukasi,50,116,9,0,0,0,0,"3,185,883",9,Jul 2025
7/24/2025,TikTok,Foto,Hiburan,50,195,4,0,1,0,0,-,5,Jul 2025
7/25/2025,X,Reel/Video Pendek,Promosi,50,98,11,0,1,0,0,-,12,Jul 2025
7/25/2025,TikTok,Foto,Hiburan,1750,2886,336,14,6,0,9,"88,370",365,Jul 2025
7/25/2025,Instagram,Story,Edukasi,50,50,7,0,0,0,0,"2,020,875",7,Jul 2025
7/25/2025,Instagram,Carousel,Edukasi,100,234,6,0,1,3,2,"175,222",12,Jul 2025
7/25/2025,X,Reel/Video Pendek,Promosi,99250,100465,22197,435,551,0,945,"73,664",24128,Jul 2025
7/25/2025,X,Reel/Video Pendek,Edukasi,100,367,21,1,2,0,0,-,24,Jul 2025
7/25/2025,X,Carousel,Promosi,950,1818,210,6,9,0,16,-,241,Jul 2025
7/26/2025,TikTok,Carousel,Hiburan,50,114,10,0,0,0,0,-,10,Jul 2025
7/26/2025,Instagram,Foto,Promosi,50,181,5,0,1,0,0,"179,274",6,Jul 2025
7/26/2025,X,Foto,Hiburan,50,119,12,0,0,0,0,-,12,Jul 2025
7/26/2025,TikTok,Carousel,Promosi,50,92,4,0,0,0,0,"248,952",4,Jul 2025
7/26/2025,X,Reel/Video Pendek,Promosi,100,219,9,1,1,0,1,"435,443",12,Jul 2025
7/26/2025,X,Story,Behind The Scene,50,118,6,0,1,0,0,-,7,Jul 2025
7/26/2025,X,Carousel,Edukasi,50,120,10,0,0,1,0,"122,055",11,Jul 2025
7/26/2025,TikTok,Foto,Hiburan,50,73,2,0,0,0,0,"578,736",2,Jul 2025
7/26/2025,TikTok,Carousel,Hiburan,150,383,19,1,2,5,1,"479,817",28,Jul 2025
7/26/2025,Instagram,Foto,Hiburan,50,92,9,0,1,2,0,-,12,Jul 2025
7/26/2025,Instagram,Reel/Video Pendek,Hiburan,50,52,4,0,0,0,0,"126,715",4,Jul 2025
7/26/2025,TikTok,Foto,Edukasi,50,109,11,0,0,0,0,-,11,Jul 2025
7/27/2025,TikTok,Story,Hiburan,250,345,28,1,1,0,1,-,31,Jul 2025
7/27/2025,TikTok,Reel/Video Pendek,Hiburan,500,603,33,2,8,18,4,-,65,Jul 2025
7/27/2025,Instagram,Story,Promosi,50,186,5,0,1,0,0,-,6,Jul 2025
7/27/2025,Instagram,Story,Hiburan,50,130,1,0,1,0,0,-,2,Jul 2025
7/27/2025,TikTok,Reel/Video Pendek,Behind The Scene,50,56,4,0,0,0,1,-,5,Jul 2025
7/27/2025,X,Story,Promosi,100,245,3,0,0,0,1,"114,817",4,Jul 2025
7/27/2025,X,Foto,Behind The Scene,400,1472,45,5,1,0,10,"423,951",61,Jul 2025
7/27/2025,TikTok,Foto,Hiburan,50,74,9,0,0,0,0,-,9,Jul 2025
7/27/2025,X,Carousel,Behind The Scene,50,183,1,0,1,0,0,"1,958,234",2,Jul 2025
7/27/2025,X,Reel/Video Pendek,Behind The Scene,50,101,5,0,0,0,0,"656,391",5,Jul 2025
7/27/2025,X,Carousel,Promosi,150,546,24,1,1,0,0,-,26,Jul 2025
7/27/2025,Facebook,Carousel,Behind The Scene,50,146,10,0,1,1,0,-,12,Jul 2025
7/28/2025,Facebook,Story,Hiburan,50,105,6,0,0,0,0,"187,193",6,Jul 2025
7/28/2025,Instagram,Foto,Promosi,50,81,12,0,1,1,0,"4,568,610",14,Jul 2025
7/28/2025,TikTok,Foto,Behind The Scene,50,153,2,0,0,0,0,-,2,Jul 2025
7/28/2025,X,Carousel,Promosi,50,219,5,0,0,0,0,"53,223",5,Jul 2025
7/28/2025,Facebook,Reel/Video Pendek,Promosi,50,102,11,0,0,1,0,-,12,Jul 2025
7/28/2025,X,Reel/Video Pendek,Behind The Scene,50,78,1,0,0,0,0,-,1,Jul 2025
7/28/2025,TikTok,Carousel,Hiburan,50,176,9,0,0,0,0,-,9,Jul 2025
7/28/2025,TikTok,Carousel,Hiburan,50,109,9,0,1,0,0,"244,119",10,Jul 2025
7/28/2025,Facebook,Story,Hiburan,600,724,121,6,3,0,6,-,136,Jul 2025
7/28/2025,Facebook,Carousel,Behind The Scene,50,145,9,0,0,2,0,-,11,Jul 2025
7/28/2025,Facebook,Reel/Video Pendek,Promosi,100,389,23,1,1,0,1,-,26,Jul 2025
7/29/2025,Instagram,Carousel,Promosi,50,88,10,0,1,1,0,-,12,Jul 2025
7/29/2025,X,Carousel,Behind The Scene,50,178,8,0,0,0,0,-,8,Jul 2025
7/29/2025,Facebook,Story,Hiburan,50,190,9,0,1,0,0,-,10,Jul 2025
7/29/2025,Instagram,Carousel,Promosi,350,1359,33,1,0,11,6,-,51,Jul 2025
7/29/2025,X,Reel/Video Pendek,Promosi,700,1354,39,1,1,0,26,-,67,Jul 2025
7/30/2025,TikTok,Foto,Hiburan,50,111,4,0,1,0,1,-,6,Jul 2025
7/30/2025,Facebook,Reel/Video Pendek,Hiburan,50,71,3,0,0,0,0,-,3,Jul 2025
7/30/2025,TikTok,Story,Edukasi,50,73,9,0,1,1,1,"1,405,153",12,Jul 2025
7/30/2025,X,Carousel,Behind The Scene,50,87,10,0,0,2,0,-,12,Jul 2025
7/31/2025,X,Reel/Video Pendek,Edukasi,150,561,33,0,0,0,1,"555,905",34,Jul 2025
7/31/2025,TikTok,Reel/Video Pendek,Hiburan,50,90,1,0,1,1,0,-,3,Jul 2025
7/31/2025,Instagram,Carousel,Behind The Scene,50,116,6,0,1,0,0,-,7,Jul 2025
7/31/2025,TikTok,Carousel,Behind The Scene,50,113,5,0,1,0,0,-,6,Jul 2025
7/31/2025,TikTok,Story,Behind The Scene,50,75,9,0,0,0,0,-,9,Jul 2025
8/1/2025,TikTok,Foto,Behind The Scene,50,123,2,0,1,0,0,"361,776",3,Aug 2025
8/1/2025,Instagram,Foto,Behind The Scene,400,673,60,3,6,0,18,"913,365",87,Aug 2025
8/1/2025,Facebook,Carousel,Promosi,50,77,6,0,0,0,1,"934,132",7,Aug 2025
8/1/2025,TikTok,Carousel,Promosi,50,85,4,0,0,1,0,-,5,Aug 2025
8/1/2025,Facebook,Reel/Video Pendek,Behind The Scene,250,979,48,4,3,0,6,-,61,Aug 2025
8/1/2025,Facebook,Story,Hiburan,100,404,18,0,0,0,0,-,18,Aug 2025
8/1/2025,TikTok,Reel/Video Pendek,Behind The Scene,100,156,23,0,2,3,1,-,29,Aug 2025
8/2/2025,Facebook,Story,Promosi,50,204,8,0,1,0,0,"65,580",9,Aug 2025
8/2/2025,TikTok,Carousel,Edukasi,200,730,39,1,4,0,3,-,47,Aug 2025
8/2/2025,X,Story,Hiburan,50,84,8,0,1,2,0,"711,064",11,Aug 2025
8/2/2025,TikTok,Story,Edukasi,50,194,8,0,0,1,0,"149,406",9,Aug 2025
8/2/2025,X,Carousel,Edukasi,100,229,15,0,2,0,0,"1,094,535",17,Aug 2025
8/2/2025,Facebook,Carousel,Promosi,150,338,37,0,4,0,1,-,42,Aug 2025
8/2/2025,Instagram,Foto,Hiburan,50,80,9,0,0,0,1,-,10,Aug 2025
8/2/2025,Facebook,Reel/Video Pendek,Behind The Scene,50,103,4,0,0,0,0,"843,583",4,Aug 2025
8/2/2025,X,Carousel,Hiburan,250,602,11,0,3,0,1,-,15,Aug 2025
8/3/2025,TikTok,Story,Promosi,250,393,17,2,3,0,1,-,23,Aug 2025
8/3/2025,Instagram,Reel/Video Pendek,Behind The Scene,50,102,2,0,1,0,0,"3,524,517",3,Aug 2025
8/3/2025,TikTok,Foto,Behind The Scene,50,62,1,0,0,2,0,-,3,Aug 2025
8/3/2025,TikTok,Foto,Promosi,50,113,11,0,0,0,0,"57,804",11,Aug 2025
8/3/2025,TikTok,Story,Promosi,50,75,8,0,0,0,1,-,9,Aug 2025
8/3/2025,Facebook,Foto,Behind The Scene,50,64,11,0,0,0,0,-,11,Aug 2025
8/3/2025,TikTok,Reel/Video Pendek,Promosi,150,262,29,2,2,0,1,-,34,Aug 2025
8/4/2025,Facebook,Reel/Video Pendek,Hiburan,50,78,12,0,0,2,0,-,14,Aug 2025
8/4/2025,TikTok,Story,Edukasi,100,208,5,1,1,0,1,-,8,Aug 2025
8/4/2025,TikTok,Story,Edukasi,50,78,1,0,0,0,0,-,1,Aug 2025
8/4/2025,Facebook,Story,Edukasi,150,554,24,2,1,0,2,-,29,Aug 2025
8/4/2025,X,Foto,Promosi,50,57,11,0,0,0,0,-,11,Aug 2025
8/4/2025,TikTok,Carousel,Promosi,50,187,7,0,0,0,0,"671,848",7,Aug 2025
8/4/2025,TikTok,Story,Hiburan,150,384,19,2,3,0,1,"232,968",25,Aug 2025
8/5/2025,X,Story,Behind The Scene,1250,3002,297,21,5,0,6,-,329,Aug 2025
8/5/2025,TikTok,Foto,Promosi,100,240,24,1,1,1,2,"285,327",29,Aug 2025
8/5/2025,TikTok,Story,Hiburan,1750,2488,189,29,16,0,12,"2,822,555",246,Aug 2025
8/5/2025,Instagram,Reel/Video Pendek,Edukasi,50,224,4,0,1,0,0,"226,195",5,Aug 2025
8/6/2025,Instagram,Reel/Video Pendek,Edukasi,50,163,7,0,1,2,0,-,10,Aug 2025
8/6/2025,TikTok,Foto,Promosi,150,194,29,2,0,0,0,-,31,Aug 2025
8/6/2025,Instagram,Story,Behind The Scene,50,118,6,0,0,1,0,"717,581",7,Aug 2025
8/6/2025,Instagram,Carousel,Edukasi,50,163,1,0,1,1,0,-,3,Aug 2025
8/6/2025,X,Foto,Promosi,50,118,2,0,0,0,0,-,2,Aug 2025
8/6/2025,TikTok,Carousel,Behind The Scene,50,196,2,0,1,0,0,-,3,Aug 2025
8/6/2025,TikTok,Story,Promosi,50,93,9,0,0,0,0,-,9,Aug 2025
8/6/2025,X,Reel/Video Pendek,Behind The Scene,250,337,47,2,5,0,2,-,56,Aug 2025
8/6/2025,TikTok,Story,Edukasi,100,241,6,1,1,0,1,"525,164",9,Aug 2025
8/6/2025,X,Reel/Video Pendek,Edukasi,100,229,20,1,2,0,0,"1,496,688",23,Aug 2025
8/7/2025,Facebook,Carousel,Hiburan,50,80,6,0,0,0,0,"466,750",6,Aug 2025
8/7/2025,X,Foto,Hiburan,50,122,5,0,1,1,0,"499,396",7,Aug 2025
8/7/2025,Instagram,Carousel,Edukasi,400,1120,99,7,0,0,5,-,111,Aug 2025
8/8/2025,Facebook,Foto,Edukasi,100,146,24,0,1,0,1,-,26,Aug 2025
8/8/2025,TikTok,Foto,Hiburan,100,364,16,1,0,0,1,-,18,Aug 2025
8/8/2025,TikTok,Foto,Edukasi,150,524,32,1,1,1,0,-,35,Aug 2025
8/8/2025,Facebook,Foto,Promosi,50,78,9,0,0,0,0,-,9,Aug 2025
8/8/2025,X,Foto,Promosi,50,94,11,0,0,0,0,-,11,Aug 2025
8/8/2025,TikTok,Story,Behind The Scene,100,180,6,0,2,0,5,"3,869,791",13,Aug 2025
8/9/2025,Instagram,Reel/Video Pendek,Edukasi,100,212,11,0,1,3,1,"70,067",16,Aug 2025
8/9/2025,Facebook,Foto,Edukasi,50,219,1,0,1,0,0,-,2,Aug 2025
8/9/2025,TikTok,Foto,Edukasi,50,53,10,0,1,0,0,-,11,Aug 2025
8/9/2025,X,Carousel,Behind The Scene,50,67,3,0,0,0,0,-,3,Aug 2025
8/10/2025,X,Foto,Hiburan,50,115,6,0,0,0,0,"68,762",6,Aug 2025
8/10/2025,Instagram,Foto,Edukasi,150,155,10,0,3,7,2,-,22,Aug 2025
8/10/2025,Instagram,Story,Edukasi,50,138,4,0,0,0,0,-,4,Aug 2025
8/10/2025,Facebook,Reel/Video Pendek,Promosi,50,119,11,0,0,0,1,"1,921,237",12,Aug 2025
8/10/2025,Facebook,Reel/Video Pendek,Edukasi,50,97,11,0,0,1,0,"141,713",12,Aug 2025
8/10/2025,TikTok,Carousel,Behind The Scene,50,122,7,0,0,1,0,-,8,Aug 2025
8/10/2025,Facebook,Story,Promosi,50,113,8,0,0,0,0,-,8,Aug 2025
8/10/2025,X,Story,Hiburan,300,482,54,5,4,0,4,-,67,Aug 2025
8/10/2025,X,Carousel,Hiburan,400,589,90,3,5,0,7,"1,686,127",105,Aug 2025
8/10/2025,Instagram,Foto,Behind The Scene,5350,10445,350,80,21,0,155,-,606,Aug 2025
8/11/2025,Instagram,Carousel,Promosi,50,83,2,0,1,1,0,-,4,Aug 2025
8/11/2025,Facebook,Carousel,Edukasi,50,74,4,0,0,0,0,-,4,Aug 2025
8/11/2025,TikTok,Story,Behind The Scene,300,543,45,5,7,0,2,-,59,Aug 2025
8/11/2025,Facebook,Carousel,Edukasi,50,183,6,0,0,2,0,"370,138",8,Aug 2025
8/11/2025,Instagram,Story,Hiburan,150,253,26,2,0,0,6,-,34,Aug 2025
8/11/2025,Facebook,Story,Behind The Scene,500,1000,32,6,2,0,17,"421,697",57,Aug 2025
8/12/2025,Instagram,Foto,Hiburan,1050,3286,175,15,16,18,20,-,244,Aug 2025
8/12/2025,Instagram,Foto,Promosi,50,70,10,0,0,1,0,-,11,Aug 2025
8/12/2025,Instagram,Story,Promosi,100,247,22,1,1,0,0,-,24,Aug 2025
8/12/2025,Facebook,Foto,Edukasi,300,510,43,2,2,0,1,-,48,Aug 2025
8/13/2025,X,Foto,Edukasi,50,128,11,0,1,0,0,"260,261",12,Aug 2025
8/13/2025,TikTok,Foto,Behind The Scene,50,69,9,0,1,1,0,-,11,Aug 2025
8/13/2025,X,Carousel,Hiburan,50,71,3,0,0,0,0,"1,120,756",3,Aug 2025
8/13/2025,Facebook,Story,Edukasi,100,166,8,0,0,0,1,-,9,Aug 2025
8/13/2025,Facebook,Carousel,Behind The Scene,150,542,17,1,4,0,0,"2,814,227",22,Aug 2025
8/14/2025,X,Reel/Video Pendek,Edukasi,50,181,2,0,1,0,0,-,3,Aug 2025
8/14/2025,TikTok,Foto,Edukasi,150,163,14,2,1,0,2,-,19,Aug 2025
8/14/2025,Facebook,Reel/Video Pendek,Promosi,100,357,10,1,2,0,1,-,14,Aug 2025
8/14/2025,TikTok,Reel/Video Pendek,Behind The Scene,100,242,14,0,2,0,1,-,17,Aug 2025
8/15/2025,Facebook,Story,Edukasi,100,410,10,1,2,3,3,"63,996",19,Aug 2025
8/15/2025,Instagram,Carousel,Hiburan,250,362,8,0,4,0,1,"431,088",13,Aug 2025
8/15/2025,TikTok,Carousel,Edukasi,150,169,23,2,4,0,0,-,29,Aug 2025
8/15/2025,Facebook,Carousel,Hiburan,50,74,4,0,1,0,0,"727,473",5,Aug 2025
8/15/2025,Instagram,Foto,Hiburan,50,115,4,0,0,0,0,-,4,Aug 2025
8/15/2025,Facebook,Foto,Promosi,150,298,21,1,0,0,0,-,22,Aug 2025
8/15/2025,X,Reel/Video Pendek,Behind The Scene,200,784,44,2,2,5,0,-,53,Aug 2025
8/16/2025,TikTok,Reel/Video Pendek,Edukasi,50,123,7,0,1,0,0,"100,114",8,Aug 2025
8/16/2025,X,Story,Hiburan,50,51,11,0,0,0,0,-,11,Aug 2025
8/16/2025,TikTok,Carousel,Behind The Scene,200,477,21,2,5,0,0,-,28,Aug 2025
8/16/2025,X,Reel/Video Pendek,Edukasi,250,260,30,4,6,0,4,-,44,Aug 2025
8/16/2025,Facebook,Story,Hiburan,100,164,8,1,0,0,1,"4,152,501",10,Aug 2025
8/16/2025,Facebook,Carousel,Hiburan,50,108,2,0,1,0,0,-,3,Aug 2025
8/16/2025,X,Reel/Video Pendek,Behind The Scene,50,104,7,0,0,0,0,-,7,Aug 2025
8/16/2025,Facebook,Reel/Video Pendek,Hiburan,50,105,4,0,0,0,0,"450,308",4,Aug 2025
8/17/2025,TikTok,Story,Promosi,100,343,6,1,1,0,1,"410,005",9,Aug 2025
8/17/2025,X,Foto,Hiburan,3050,11768,406,49,81,0,37,-,573,Aug 2025
8/17/2025,TikTok,Foto,Edukasi,50,176,5,0,1,0,0,-,6,Aug 2025
8/17/2025,Facebook,Carousel,Edukasi,50,93,8,0,1,0,0,-,9,Aug 2025
8/18/2025,Instagram,Story,Promosi,50,110,5,0,1,0,1,-,7,Aug 2025
8/18/2025,TikTok,Foto,Hiburan,50,98,10,0,1,0,0,-,11,Aug 2025
8/18/2025,Instagram,Carousel,Behind The Scene,350,1178,46,2,3,0,3,-,54,Aug 2025
8/18/2025,X,Carousel,Promosi,50,78,7,0,0,0,0,-,7,Aug 2025
8/18/2025,Instagram,Story,Edukasi,50,179,1,0,0,0,0,"4,609,318",1,Aug 2025
8/18/2025,X,Reel/Video Pendek,Promosi,50,162,2,0,0,0,0,-,2,Aug 2025
8/18/2025,Facebook,Carousel,Promosi,50,62,5,0,0,0,0,-,5,Aug 2025
8/18/2025,X,Story,Hiburan,50,79,3,0,0,0,0,-,3,Aug 2025
8/18/2025,X,Carousel,Hiburan,50,144,9,0,0,0,0,-,9,Aug 2025
8/18/2025,Instagram,Carousel,Edukasi,50,137,9,0,0,0,0,-,9,Aug 2025
8/19/2025,X,Story,Promosi,50,113,11,0,0,1,0,-,12,Aug 2025
8/19/2025,X,Carousel,Edukasi,50,183,4,0,0,0,0,-,4,Aug 2025
8/19/2025,TikTok,Foto,Hiburan,50,204,8,0,1,0,0,-,9,Aug 2025
8/20/2025,TikTok,Reel/Video Pendek,Promosi,50,193,10,0,0,0,0,"84,497",10,Aug 2025
8/20/2025,TikTok,Foto,Edukasi,50,71,3,0,0,0,0,-,3,Aug 2025
8/20/2025,TikTok,Carousel,Edukasi,150,214,6,1,2,6,1,"847,700",16,Aug 2025
8/20/2025,TikTok,Carousel,Behind The Scene,50,107,5,0,1,2,0,-,8,Aug 2025
8/20/2025,Instagram,Carousel,Behind The Scene,50,77,8,0,1,0,0,-,9,Aug 2025
8/20/2025,X,Foto,Behind The Scene,50,189,10,0,0,0,0,"2,197,689",10,Aug 2025
8/20/2025,Instagram,Story,Behind The Scene,50,114,7,0,1,0,0,"921,270",8,Aug 2025
8/20/2025,TikTok,Foto,Promosi,50,58,8,0,0,0,0,-,8,Aug 2025
8/20/2025,Instagram,Foto,Hiburan,50,192,6,0,0,0,0,"948,824",6,Aug 2025
8/20/2025,TikTok,Story,Hiburan,50,103,1,0,1,0,1,-,3,Aug 2025
8/21/2025,TikTok,Story,Promosi,700,771,108,7,18,0,1,-,134,Aug 2025
8/21/2025,X,Reel/Video Pendek,Promosi,50,114,4,0,0,0,0,"371,386",4,Aug 2025
8/21/2025,Instagram,Carousel,Behind The Scene,800,1815,174,9,18,0,2,"1,225,440",203,Aug 2025
8/21/2025,TikTok,Foto,Promosi,100,138,13,0,2,0,2,"123,390",17,Aug 2025
8/22/2025,TikTok,Story,Behind The Scene,50,75,6,0,1,0,0,-,7,Aug 2025
8/23/2025,X,Carousel,Hiburan,750,1484,80,9,13,0,13,-,115,Aug 2025
8/23/2025,TikTok,Story,Edukasi,50,163,12,0,0,0,1,"879,994",13,Aug 2025
8/23/2025,X,Foto,Hiburan,250,542,49,2,0,0,5,-,56,Aug 2025
8/23/2025,X,Reel/Video Pendek,Hiburan,150,253,30,1,3,0,3,"232,218",37,Aug 2025
8/23/2025,Facebook,Foto,Behind The Scene,50,54,4,0,1,0,0,-,5,Aug 2025
8/23/2025,X,Story,Hiburan,50,53,7,0,0,0,0,-,7,Aug 2025
8/23/2025,TikTok,Story,Behind The Scene,50,52,10,0,0,2,0,-,12,Aug 2025
8/23/2025,Facebook,Foto,Hiburan,50,109,11,0,0,0,0,-,11,Aug 2025
8/24/2025,TikTok,Reel/Video Pendek,Promosi,100,237,23,0,2,2,0,-,27,Aug 2025
8/24/2025,Instagram,Story,Hiburan,50,106,10,0,0,0,0,-,10,Aug 2025
8/24/2025,Instagram,Carousel,Hiburan,550,1347,20,4,1,0,8,-,33,Aug 2025
8/24/2025,Instagram,Foto,Behind The Scene,100,223,15,0,1,0,0,"314,250",16,Aug 2025
8/24/2025,Facebook,Reel/Video Pendek,Edukasi,50,140,5,0,0,0,0,-,5,Aug 2025
8/24/2025,Instagram,Reel/Video Pendek,Promosi,100,156,10,1,2,4,0,-,17,Aug 2025
8/24/2025,Instagram,Story,Hiburan,100,171,10,0,1,0,1,-,12,Aug 2025
8/24/2025,X,Foto,Hiburan,50,147,1,0,0,0,0,-,1,Aug 2025
8/24/2025,Facebook,Reel/Video Pendek,Edukasi,450,1121,106,1,10,0,4,-,121,Aug 2025
8/24/2025,TikTok,Reel/Video Pendek,Promosi,50,146,9,0,0,0,0,-,9,Aug 2025
8/25/2025,Instagram,Foto,Hiburan,50,63,12,0,0,2,0,-,14,Aug 2025
8/25/2025,TikTok,Story,Behind The Scene,50,150,11,0,1,0,0,"186,517",12,Aug 2025
8/25/2025,Facebook,Carousel,Promosi,50,105,11,0,0,0,1,-,12,Aug 2025
8/25/2025,Instagram,Carousel,Behind The Scene,50,61,9,0,0,0,1,-,10,Aug 2025
8/26/2025,TikTok,Carousel,Hiburan,50,164,11,0,0,0,0,-,11,Aug 2025
8/26/2025,Instagram,Story,Behind The Scene,100,138,20,1,2,0,0,"1,888,735",23,Aug 2025
8/26/2025,X,Story,Hiburan,150,630,25,0,4,2,2,"195,075",33,Aug 2025
8/26/2025,X,Story,Edukasi,50,219,12,0,0,0,0,-,12,Aug 2025
8/26/2025,Facebook,Carousel,Behind The Scene,50,183,4,0,0,0,0,-,4,Aug 2025
8/26/2025,Instagram,Story,Behind The Scene,250,370,42,2,3,0,0,"1,579,133",47,Aug 2025
8/26/2025,X,Reel/Video Pendek,Hiburan,50,102,9,0,1,0,0,-,10,Aug 2025
8/26/2025,Instagram,Story,Behind The Scene,100,171,5,1,0,0,1,"73,241",7,Aug 2025
8/26/2025,X,Reel/Video Pendek,Edukasi,50,121,3,0,0,0,1,-,4,Aug 2025
8/27/2025,Facebook,Story,Behind The Scene,250,378,57,0,2,0,0,-,59,Aug 2025
8/27/2025,TikTok,Carousel,Behind The Scene,100,204,5,1,1,0,1,-,8,Aug 2025
8/27/2025,X,Reel/Video Pendek,Behind The Scene,50,210,8,0,0,0,0,-,8,Aug 2025
8/27/2025,Facebook,Reel/Video Pendek,Edukasi,50,112,6,0,0,0,0,-,6,Aug 2025
8/27/2025,Instagram,Carousel,Edukasi,50,166,3,0,0,0,0,-,3,Aug 2025
8/27/2025,Instagram,Reel/Video Pendek,Promosi,50,110,1,0,1,0,0,-,2,Aug 2025
8/27/2025,Facebook,Foto,Behind The Scene,50,100,11,0,1,0,2,"1,932,370",14,Aug 2025
8/27/2025,TikTok,Carousel,Hiburan,50,92,4,0,0,1,0,"51,483",5,Aug 2025
8/28/2025,Facebook,Foto,Behind The Scene,350,756,74,5,3,0,3,-,85,Aug 2025
8/28/2025,Facebook,Foto,Edukasi,100,311,7,1,2,0,0,"783,295",10,Aug 2025
8/28/2025,TikTok,Story,Promosi,50,53,7,0,0,0,1,-,8,Aug 2025
8/28/2025,Facebook,Reel/Video Pendek,Behind The Scene,50,112,12,0,1,0,0,-,13,Aug 2025
8/28/2025,Instagram,Foto,Hiburan,650,1583,52,9,11,0,8,"2,062,713",80,Aug 2025
8/28/2025,X,Carousel,Promosi,50,92,3,0,0,0,0,-,3,Aug 2025
8/28/2025,Facebook,Carousel,Behind The Scene,50,101,8,0,1,0,0,-,9,Aug 2025
8/28/2025,X,Story,Behind The Scene,50,98,7,0,1,2,0,-,10,Aug 2025
8/28/2025,X,Story,Edukasi,50,92,3,0,0,0,0,"297,408",3,Aug 2025
8/29/2025,X,Reel/Video Pendek,Promosi,150,173,20,1,3,0,1,-,25,Aug 2025
8/29/2025,Instagram,Story,Promosi,50,88,2,0,1,0,0,"87,126",3,Aug 2025
8/29/2025,X,Story,Promosi,450,914,22,6,5,0,1,-,34,Aug 2025
8/29/2025,Instagram,Carousel,Behind The Scene,100,187,23,0,2,0,4,-,29,Aug 2025
8/29/2025,X,Story,Edukasi,100,374,11,1,2,0,0,-,14,Aug 2025
8/29/2025,TikTok,Carousel,Edukasi,100,211,19,0,2,0,1,"1,162,919",22,Aug 2025
8/29/2025,Facebook,Reel/Video Pendek,Behind The Scene,250,310,15,3,7,5,4,-,34,Aug 2025
8/30/2025,TikTok,Reel/Video Pendek,Hiburan,50,87,4,0,0,0,0,"729,878",4,Aug 2025
8/30/2025,TikTok,Story,Promosi,100,441,18,1,0,0,1,-,20,Aug 2025
8/30/2025,X,Reel/Video Pendek,Edukasi,50,137,4,0,0,0,0,-,4,Aug 2025
8/30/2025,Instagram,Foto,Behind The Scene,50,80,7,0,0,1,0,"1,324,017",8,Aug 2025
8/30/2025,X,Reel/Video Pendek,Hiburan,50,81,10,0,0,0,0,-,10,Aug 2025
8/30/2025,X,Reel/Video Pendek,Hiburan,150,580,24,2,0,0,2,-,28,Aug 2025
8/30/2025,Facebook,Carousel,Behind The Scene,50,123,2,0,1,0,0,-,3,Aug 2025
8/30/2025,X,Foto,Behind The Scene,50,57,1,0,0,0,0,"1,103,334",1,Aug 2025
8/30/2025,Facebook,Reel/Video Pendek,Promosi,50,150,5,0,1,1,0,-,7,Aug 2025
8/31/2025,X,Foto,Promosi,250,564,52,2,1,0,1,-,56,Aug 2025
8/31/2025,Instagram,Carousel,Hiburan,250,517,30,1,2,0,2,"68,168",35,Aug 2025
8/31/2025,TikTok,Story,Edukasi,50,113,6,0,0,1,0,"254,392",7,Aug 2025
8/31/2025,Instagram,Carousel,Behind The Scene,150,560,7,2,0,0,2,-,11,Aug 2025
8/31/2025,TikTok,Carousel,Edukasi,200,261,22,0,1,0,4,"4,030,890",27,Aug 2025
9/1/2025,Instagram,Carousel,Hiburan,50,107,12,0,1,0,0,-,13,Sep 2025
9/1/2025,Facebook,Reel/Video Pendek,Behind The Scene,50,215,2,0,0,0,0,-,2,Sep 2025
9/1/2025,Instagram,Foto,Hiburan,100,194,15,0,0,1,0,"605,785",16,Sep 2025
9/1/2025,TikTok,Carousel,Edukasi,350,1426,41,0,9,0,13,-,63,Sep 2025
9/1/2025,X,Foto,Behind The Scene,50,103,4,0,0,0,0,"863,084",4,Sep 2025
9/1/2025,Instagram,Foto,Hiburan,250,572,32,4,1,7,2,-,46,Sep 2025
9/1/2025,Instagram,Carousel,Behind The Scene,50,207,3,0,1,0,2,"4,537,998",6,Sep 2025
9/1/2025,Facebook,Foto,Promosi,50,87,2,0,0,0,0,-,2,Sep 2025
9/1/2025,Instagram,Reel/Video Pendek,Hiburan,50,201,4,0,0,0,0,-,4,Sep 2025
9/1/2025,Instagram,Reel/Video Pendek,Behind The Scene,50,102,2,0,0,0,0,"1,367,741",2,Sep 2025
9/2/2025,Facebook,Story,Promosi,50,160,12,0,0,0,0,-,12,Sep 2025
9/2/2025,Instagram,Reel/Video Pendek,Behind The Scene,200,507,38,2,0,7,3,-,50,Sep 2025
9/2/2025,TikTok,Story,Behind The Scene,50,83,8,0,1,0,0,-,9,Sep 2025
9/2/2025,TikTok,Foto,Promosi,100,224,23,0,2,0,1,-,26,Sep 2025
9/2/2025,X,Story,Hiburan,100,144,4,1,2,0,1,"1,573,270",8,Sep 2025
9/3/2025,Instagram,Carousel,Behind The Scene,50,127,5,0,0,2,0,"476,915",7,Sep 2025
9/3/2025,Facebook,Carousel,Promosi,50,102,2,0,0,2,0,-,4,Sep 2025
9/3/2025,Instagram,Story,Behind The Scene,650,2884,82,5,10,0,12,-,109,Sep 2025
9/3/2025,TikTok,Carousel,Promosi,100,133,8,1,2,0,0,"97,285",11,Sep 2025
9/3/2025,TikTok,Foto,Edukasi,200,435,16,3,0,0,1,-,20,Sep 2025
9/3/2025,Facebook,Story,Hiburan,100,101,7,1,1,0,1,"388,006",10,Sep 2025
9/3/2025,Facebook,Reel/Video Pendek,Hiburan,50,124,12,0,0,0,0,-,12,Sep 2025
9/4/2025,Instagram,Reel/Video Pendek,Hiburan,100,425,16,1,1,0,0,-,18,Sep 2025
9/4/2025,Facebook,Reel/Video Pendek,Promosi,50,84,6,0,0,0,0,-,6,Sep 2025
9/4/2025,TikTok,Story,Promosi,50,199,5,0,0,0,0,"4,740,563",5,Sep 2025
9/4/2025,TikTok,Carousel,Behind The Scene,50,221,10,0,0,0,0,-,10,Sep 2025
9/4/2025,TikTok,Story,Hiburan,6350,22993,863,98,90,0,59,-,1110,Sep 2025
9/4/2025,Facebook,Story,Hiburan,50,221,11,0,0,0,0,-,11,Sep 2025
9/4/2025,Instagram,Carousel,Hiburan,50,110,8,0,0,0,0,-,8,Sep 2025
9/4/2025,Instagram,Carousel,Promosi,50,82,5,0,1,2,0,-,8,Sep 2025
9/4/2025,Instagram,Foto,Edukasi,100,322,5,1,2,0,1,-,9,Sep 2025
9/4/2025,Facebook,Carousel,Behind The Scene,100,410,20,1,2,0,2,-,25,Sep 2025
9/4/2025,X,Reel/Video Pendek,Edukasi,50,86,6,0,0,0,0,-,6,Sep 2025
9/4/2025,Instagram,Story,Hiburan,50,84,4,0,1,0,0,"2,757,415",5,Sep 2025
9/4/2025,Instagram,Reel/Video Pendek,Behind The Scene,100,182,8,1,0,2,0,-,11,Sep 2025
9/5/2025,TikTok,Carousel,Hiburan,50,96,10,0,1,0,0,-,11,Sep 2025
9/5/2025,Facebook,Story,Edukasi,50,124,3,0,0,0,0,-,3,Sep 2025
9/5/2025,TikTok,Reel/Video Pendek,Behind The Scene,100,222,24,0,0,0,0,"54,359",24,Sep 2025
9/5/2025,TikTok,Story,Behind The Scene,100,203,19,0,0,0,1,"251,896",20,Sep 2025
9/5/2025,TikTok,Carousel,Promosi,50,172,9,0,0,0,0,-,9,Sep 2025
9/5/2025,Facebook,Foto,Promosi,50,111,5,0,0,0,1,-,6,Sep 2025
9/6/2025,Facebook,Foto,Hiburan,50,85,6,0,0,0,0,-,6,Sep 2025
9/6/2025,X,Story,Behind The Scene,50,68,12,0,1,2,0,-,15,Sep 2025
9/6/2025,TikTok,Reel/Video Pendek,Promosi,700,2598,114,2,5,0,11,-,132,Sep 2025
9/6/2025,TikTok,Foto,Edukasi,150,542,28,1,0,0,1,-,30,Sep 2025
9/6/2025,X,Reel/Video Pendek,Promosi,2050,3375,287,38,18,45,6,"119,419",394,Sep 2025
9/6/2025,TikTok,Story,Edukasi,150,655,15,0,3,0,2,-,20,Sep 2025
9/7/2025,TikTok,Reel/Video Pendek,Hiburan,50,141,7,0,1,0,0,-,8,Sep 2025
9/7/2025,TikTok,Foto,Hiburan,100,179,24,0,0,1,0,-,25,Sep 2025
9/7/2025,TikTok,Reel/Video Pendek,Behind The Scene,50,120,8,0,0,0,0,-,8,Sep 2025
9/7/2025,Facebook,Carousel,Hiburan,100,429,6,1,1,0,1,-,9,Sep 2025
9/7/2025,Instagram,Carousel,Promosi,200,265,38,0,0,0,2,"209,159",40,Sep 2025
9/7/2025,X,Foto,Edukasi,50,92,12,0,1,2,0,-,15,Sep 2025
9/7/2025,Instagram,Foto,Edukasi,300,555,42,3,4,0,3,"581,033",52,Sep 2025
9/7/2025,Facebook,Carousel,Edukasi,150,360,8,0,2,0,2,-,12,Sep 2025
9/7/2025,TikTok,Story,Edukasi,50,62,5,0,0,0,0,-,5,Sep 2025
9/8/2025,TikTok,Reel/Video Pendek,Promosi,50,223,4,0,0,0,0,-,4,Sep 2025
9/8/2025,Facebook,Carousel,Hiburan,50,63,2,0,0,0,0,-,2,Sep 2025
9/8/2025,TikTok,Carousel,Hiburan,50,61,7,0,0,0,0,-,7,Sep 2025
9/8/2025,X,Reel/Video Pendek,Edukasi,50,78,2,0,0,0,0,"2,281,074",2,Sep 2025
9/9/2025,TikTok,Story,Promosi,50,221,3,0,0,0,2,-,5,Sep 2025
9/9/2025,Instagram,Story,Promosi,50,184,10,0,1,0,0,-,11,Sep 2025
9/9/2025,X,Reel/Video Pendek,Hiburan,100,246,11,0,1,1,3,"62,092",16,Sep 2025
9/9/2025,Instagram,Story,Promosi,50,110,9,0,1,0,0,"1,036,434",10,Sep 2025
9/9/2025,Instagram,Carousel,Edukasi,50,87,3,0,0,0,0,-,3,Sep 2025
9/10/2025,X,Carousel,Promosi,350,832,43,3,8,2,2,-,58,Sep 2025
9/10/2025,X,Story,Hiburan,200,361,48,1,4,9,2,-,64,Sep 2025
9/10/2025,Instagram,Carousel,Hiburan,100,442,22,0,0,1,0,-,23,Sep 2025
9/10/2025,TikTok,Foto,Promosi,100,109,24,1,1,0,2,-,28,Sep 2025
9/10/2025,TikTok,Story,Edukasi,50,163,6,0,0,0,0,-,6,Sep 2025
9/10/2025,Facebook,Foto,Promosi,50,153,11,0,1,0,0,-,12,Sep 2025
9/10/2025,Instagram,Carousel,Hiburan,50,106,11,0,1,0,1,"2,732,948",13,Sep 2025
9/10/2025,X,Reel/Video Pendek,Edukasi,50,71,2,0,1,1,0,-,4,Sep 2025
9/10/2025,TikTok,Foto,Promosi,600,1066,38,3,5,0,4,-,50,Sep 2025
9/11/2025,Instagram,Carousel,Promosi,150,251,30,1,2,4,1,-,38,Sep 2025
9/11/2025,X,Carousel,Edukasi,100,230,24,1,0,0,0,"2,556,792",25,Sep 2025
9/11/2025,TikTok,Story,Edukasi,300,371,37,3,3,0,2,"2,119,658",45,Sep 2025
9/11/2025,Facebook,Story,Edukasi,50,103,4,0,0,0,0,"1,754,220",4,Sep 2025
9/11/2025,X,Foto,Edukasi,50,195,2,0,0,0,1,"203,433",3,Sep 2025
9/11/2025,Facebook,Carousel,Promosi,50,132,5,0,0,0,0,-,5,Sep 2025
9/11/2025,X,Reel/Video Pendek,Behind The Scene,50,107,3,0,0,0,0,-,3,Sep 2025
9/11/2025,Instagram,Foto,Edukasi,50,223,6,0,0,0,0,-,6,Sep 2025
9/11/2025,Facebook,Story,Edukasi,50,92,4,0,0,0,0,-,4,Sep 2025
9/11/2025,X,Story,Behind The Scene,50,212,2,0,0,0,0,-,2,Sep 2025
9/12/2025,Instagram,Story,Hiburan,150,237,22,0,4,0,1,-,27,Sep 2025
9/12/2025,TikTok,Story,Behind The Scene,50,56,12,0,0,2,0,"1,354,544",14,Sep 2025
9/12/2025,Instagram,Story,Behind The Scene,50,119,10,0,0,0,0,-,10,Sep 2025
9/12/2025,Facebook,Carousel,Promosi,50,59,11,0,1,1,0,-,13,Sep 2025
9/12/2025,TikTok,Foto,Behind The Scene,50,158,11,0,0,0,0,-,11,Sep 2025
9/13/2025,X,Story,Behind The Scene,50,113,3,0,1,0,1,-,5,Sep 2025
9/13/2025,Instagram,Carousel,Promosi,300,497,64,1,2,0,4,-,71,Sep 2025
9/13/2025,TikTok,Story,Hiburan,50,195,9,0,1,1,0,"78,628",11,Sep 2025
9/13/2025,TikTok,Carousel,Edukasi,50,129,5,0,1,0,0,-,6,Sep 2025
9/13/2025,Instagram,Reel/Video Pendek,Edukasi,100,218,8,1,1,0,1,-,11,Sep 2025
9/13/2025,TikTok,Carousel,Behind The Scene,50,185,11,0,0,1,0,"102,142",12,Sep 2025
9/13/2025,X,Story,Edukasi,100,201,6,1,0,0,0,-,7,Sep 2025
9/14/2025,TikTok,Story,Hiburan,50,66,9,0,1,0,2,-,12,Sep 2025
9/14/2025,X,Story,Behind The Scene,50,75,7,0,0,0,0,"2,260,625",7,Sep 2025
9/14/2025,X,Reel/Video Pendek,Hiburan,700,1185,162,11,6,22,13,-,214,Sep 2025
9/14/2025,Instagram,Foto,Edukasi,50,68,11,0,0,0,1,"974,209",12,Sep 2025
9/14/2025,Facebook,Carousel,Promosi,50,146,11,0,0,0,0,"478,321",11,Sep 2025
9/14/2025,Facebook,Carousel,Hiburan,200,540,36,0,3,0,1,"487,286",40,Sep 2025
9/14/2025,X,Story,Edukasi,50,93,4,0,0,0,0,-,4,Sep 2025
9/14/2025,X,Reel/Video Pendek,Hiburan,150,278,25,1,3,5,2,-,36,Sep 2025
9/14/2025,TikTok,Foto,Behind The Scene,50,123,8,0,1,2,0,"159,969",11,Sep 2025
9/15/2025,X,Reel/Video Pendek,Hiburan,50,185,12,0,0,1,0,-,13,Sep 2025
9/15/2025,Facebook,Reel/Video Pendek,Hiburan,150,630,19,1,2,0,2,-,24,Sep 2025
9/15/2025,X,Carousel,Hiburan,100,378,10,0,2,0,1,"2,630,857",13,Sep 2025
9/15/2025,Facebook,Carousel,Hiburan,50,58,12,0,0,1,0,-,13,Sep 2025
9/15/2025,Facebook,Carousel,Hiburan,50,120,7,0,0,0,0,-,7,Sep 2025
9/15/2025,Facebook,Carousel,Promosi,100,132,22,1,0,4,1,"303,401",28,Sep 2025
9/15/2025,X,Reel/Video Pendek,Hiburan,100,179,6,0,2,4,1,-,13,Sep 2025
9/15/2025,TikTok,Foto,Behind The Scene,50,161,6,0,0,1,0,-,7,Sep 2025
9/16/2025,TikTok,Story,Promosi,50,69,5,0,0,1,0,-,6,Sep 2025
9/16/2025,X,Story,Edukasi,500,1112,40,1,8,6,0,-,55,Sep 2025
9/16/2025,TikTok,Carousel,Edukasi,50,160,9,0,1,0,0,-,10,Sep 2025
9/16/2025,Facebook,Story,Promosi,300,633,15,3,5,0,5,"319,344",28,Sep 2025
9/16/2025,Facebook,Foto,Hiburan,50,90,11,0,0,0,0,"180,234",11,Sep 2025
9/16/2025,Instagram,Story,Behind The Scene,50,65,4,0,1,0,0,"101,828",5,Sep 2025
9/16/2025,Instagram,Reel/Video Pendek,Hiburan,100,135,22,1,2,0,0,-,25,Sep 2025
9/17/2025,X,Foto,Edukasi,150,196,35,1,1,0,1,-,38,Sep 2025
9/17/2025,Facebook,Carousel,Behind The Scene,50,76,11,0,0,0,0,-,11,Sep 2025
9/17/2025,Facebook,Carousel,Hiburan,200,382,37,1,1,0,2,-,41,Sep 2025
9/17/2025,X,Story,Hiburan,1700,3420,320,17,43,0,19,-,399,Sep 2025
9/17/2025,TikTok,Story,Behind The Scene,500,566,115,9,0,0,2,"1,189,105",126,Sep 2025
9/17/2025,TikTok,Carousel,Edukasi,50,89,11,0,1,0,0,"854,881",12,Sep 2025
9/17/2025,X,Story,Promosi,50,81,9,0,0,0,2,-,11,Sep 2025
9/18/2025,Facebook,Foto,Hiburan,50,128,6,0,0,0,0,-,6,Sep 2025
9/18/2025,X,Reel/Video Pendek,Hiburan,100,216,20,0,2,0,0,-,22,Sep 2025
9/19/2025,X,Carousel,Hiburan,50,129,8,0,0,1,2,"594,739",11,Sep 2025
9/19/2025,TikTok,Foto,Edukasi,100,160,20,1,2,0,1,-,24,Sep 2025
9/19/2025,Instagram,Reel/Video Pendek,Hiburan,150,259,16,0,1,0,0,-,17,Sep 2025
9/19/2025,Instagram,Story,Behind The Scene,200,203,39,1,2,9,0,"118,898",51,Sep 2025
9/19/2025,Instagram,Reel/Video Pendek,Edukasi,400,764,35,1,8,0,11,-,55,Sep 2025
9/19/2025,X,Story,Edukasi,100,158,16,0,2,0,4,"75,527",22,Sep 2025
9/19/2025,Instagram,Carousel,Promosi,100,390,20,0,1,3,0,-,24,Sep 2025
9/19/2025,TikTok,Foto,Promosi,50,109,3,0,1,0,0,-,4,Sep 2025
9/19/2025,Facebook,Story,Behind The Scene,50,94,12,0,0,0,0,-,12,Sep 2025
9/19/2025,X,Carousel,Behind The Scene,100,139,9,0,1,0,0,-,10,Sep 2025
9/19/2025,Facebook,Story,Behind The Scene,50,153,10,0,1,0,0,"1,128,175",11,Sep 2025
9/20/2025,X,Foto,Hiburan,100,130,18,1,1,0,0,-,20,Sep 2025
9/20/2025,Instagram,Foto,Promosi,50,84,2,0,0,0,0,-,2,Sep 2025
9/20/2025,TikTok,Story,Hiburan,100,252,16,1,1,0,0,-,18,Sep 2025
9/20/2025,TikTok,Foto,Hiburan,50,115,2,0,1,0,1,-,4,Sep 2025
9/20/2025,Facebook,Foto,Hiburan,50,158,9,0,0,1,1,"194,843",11,Sep 2025
9/20/2025,X,Reel/Video Pendek,Behind The Scene,400,1677,21,6,1,0,3,-,31,Sep 2025
9/20/2025,X,Carousel,Hiburan,250,607,35,4,6,3,3,-,51,Sep 2025
9/20/2025,Instagram,Foto,Behind The Scene,100,193,4,1,2,0,1,-,8,Sep 2025
9/20/2025,Instagram,Reel/Video Pendek,Hiburan,950,4098,149,9,10,29,22,-,219,Sep 2025
9/21/2025,X,Reel/Video Pendek,Promosi,50,81,3,0,0,0,0,-,3,Sep 2025
9/21/2025,TikTok,Carousel,Edukasi,50,185,7,0,1,0,0,-,8,Sep 2025
9/21/2025,Facebook,Foto,Promosi,200,360,12,1,4,0,8,"1,092,354",25,Sep 2025
9/21/2025,Instagram,Carousel,Promosi,400,833,97,2,10,0,3,-,112,Sep 2025
9/21/2025,TikTok,Reel/Video Pendek,Behind The Scene,50,113,2,0,1,0,0,-,3,Sep 2025
9/21/2025,TikTok,Reel/Video Pendek,Promosi,50,95,11,0,0,0,1,-,12,Sep 2025
9/21/2025,X,Reel/Video Pendek,Edukasi,50,94,12,0,0,2,0,"70,069",14,Sep 2025
9/21/2025,Instagram,Foto,Promosi,50,126,9,0,1,1,0,-,11,Sep 2025
9/21/2025,Instagram,Reel/Video Pendek,Promosi,50,98,10,0,0,0,0,-,10,Sep 2025
9/22/2025,Facebook,Carousel,Hiburan,50,60,9,0,0,0,0,"167,727",9,Sep 2025
9/22/2025,X,Carousel,Hiburan,650,2224,88,9,11,0,8,-,116,Sep 2025
9/22/2025,TikTok,Story,Hiburan,50,209,3,0,1,1,1,"75,090",6,Sep 2025
9/22/2025,Facebook,Foto,Behind The Scene,50,55,9,0,1,0,0,"310,214",10,Sep 2025
9/22/2025,TikTok,Foto,Hiburan,50,129,4,0,0,2,0,-,6,Sep 2025
9/22/2025,X,Reel/Video Pendek,Edukasi,100,229,17,1,1,0,1,-,20,Sep 2025
9/22/2025,Facebook,Carousel,Edukasi,100,172,9,0,2,0,1,-,12,Sep 2025
9/22/2025,Instagram,Carousel,Edukasi,250,511,28,2,3,0,2,-,35,Sep 2025
9/23/2025,Instagram,Reel/Video Pendek,Promosi,50,106,11,0,1,0,0,-,12,Sep 2025
9/23/2025,Facebook,Carousel,Hiburan,50,193,9,0,1,0,0,-,10,Sep 2025
9/23/2025,Facebook,Story,Behind The Scene,50,185,7,0,1,0,0,"746,022",8,Sep 2025
9/23/2025,Instagram,Foto,Hiburan,50,72,4,0,0,1,0,-,5,Sep 2025
9/23/2025,Instagram,Story,Edukasi,50,120,10,0,0,0,2,-,12,Sep 2025
9/23/2025,TikTok,Reel/Video Pendek,Edukasi,100,189,20,0,2,0,1,-,23,Sep 2025
9/23/2025,TikTok,Carousel,Edukasi,150,283,13,2,0,0,0,"3,198,548",15,Sep 2025
9/24/2025,Facebook,Reel/Video Pendek,Edukasi,50,129,5,0,0,0,0,-,5,Sep 2025
9/24/2025,Instagram,Story,Edukasi,50,80,6,0,0,0,0,-,6,Sep 2025
9/24/2025,TikTok,Carousel,Edukasi,100,400,19,1,1,0,0,-,21,Sep 2025
9/24/2025,Facebook,Story,Edukasi,100,106,3,1,2,0,1,-,7,Sep 2025
9/24/2025,Instagram,Carousel,Promosi,50,116,6,0,0,0,0,-,6,Sep 2025
9/24/2025,Facebook,Foto,Edukasi,50,68,10,0,1,0,0,"100,570",11,Sep 2025
9/24/2025,TikTok,Carousel,Promosi,100,126,19,1,1,0,0,-,21,Sep 2025
9/25/2025,X,Carousel,Hiburan,50,111,12,0,0,0,0,"502,896",12,Sep 2025
9/25/2025,TikTok,Foto,Hiburan,50,109,10,0,0,0,0,-,10,Sep 2025
9/25/2025,Instagram,Story,Hiburan,2650,4141,381,6,24,0,17,-,428,Sep 2025
9/25/2025,TikTok,Carousel,Promosi,50,164,11,0,1,0,0,-,12,Sep 2025
9/25/2025,TikTok,Story,Promosi,100,438,24,0,0,1,1,"516,502",26,Sep 2025
9/25/2025,Facebook,Foto,Promosi,50,187,8,0,0,0,0,"425,164",8,Sep 2025
9/25/2025,Instagram,Story,Edukasi,250,776,17,3,2,0,2,-,24,Sep 2025
9/26/2025,Instagram,Story,Promosi,50,98,1,0,1,0,0,"1,133,983",2,Sep 2025
9/26/2025,X,Story,Hiburan,50,113,7,0,1,0,0,-,8,Sep 2025
9/26/2025,TikTok,Story,Hiburan,150,259,32,2,2,0,2,-,38,Sep 2025
9/26/2025,X,Story,Promosi,50,112,4,0,1,0,0,-,5,Sep 2025
9/26/2025,X,Story,Behind The Scene,50,81,6,0,1,0,0,-,7,Sep 2025
9/27/2025,Facebook,Story,Promosi,50,97,9,0,1,0,0,"61,974",10,Sep 2025
9/27/2025,TikTok,Foto,Hiburan,100,301,14,0,1,0,1,-,16,Sep 2025
9/27/2025,Instagram,Story,Hiburan,100,242,10,0,2,0,3,-,15,Sep 2025
9/28/2025,Facebook,Story,Edukasi,100,176,21,0,1,0,1,-,23,Sep 2025
9/28/2025,TikTok,Foto,Edukasi,100,133,5,1,0,0,1,-,7,Sep 2025
9/28/2025,Instagram,Foto,Behind The Scene,50,94,11,0,0,0,0,-,11,Sep 2025
9/28/2025,X,Reel/Video Pendek,Hiburan,150,298,36,2,0,0,2,-,40,Sep 2025
9/28/2025,Facebook,Reel/Video Pendek,Promosi,50,123,11,0,1,0,0,-,12,Sep 2025
9/28/2025,Instagram,Foto,Hiburan,50,122,2,0,1,0,0,-,3,Sep 2025
9/28/2025,TikTok,Carousel,Promosi,50,89,3,0,0,0,0,"164,324",3,Sep 2025
9/28/2025,TikTok,Story,Edukasi,50,118,5,0,1,2,2,"617,908",10,Sep 2025
9/29/2025,Instagram,Story,Hiburan,50,82,11,0,1,0,0,-,12,Sep 2025
9/29/2025,Instagram,Story,Hiburan,1600,2687,143,2,34,0,3,"478,264",182,Sep 2025
9/29/2025,Facebook,Reel/Video Pendek,Promosi,200,273,8,0,5,5,2,-,20,Sep 2025
9/29/2025,X,Story,Edukasi,50,51,9,0,0,0,0,-,9,Sep 2025
9/29/2025,X,Story,Hiburan,600,1215,35,1,3,0,8,-,47,Sep 2025
9/29/2025,Facebook,Carousel,Behind The Scene,50,80,5,0,1,0,0,-,6,Sep 2025
9/29/2025,X,Foto,Hiburan,50,166,8,0,0,1,0,-,9,Sep 2025
9/29/2025,Facebook,Story,Edukasi,100,336,4,1,1,4,0,-,10,Sep 2025
9/29/2025,Facebook,Carousel,Hiburan,50,55,6,0,1,0,0,"2,894,210",7,Sep 2025
9/29/2025,X,Carousel,Behind The Scene,50,83,9,0,1,0,0,-,10,Sep 2025
9/29/2025,Facebook,Foto,Edukasi,50,63,6,0,0,0,0,"1,229,270",6,Sep 2025
9/30/2025,TikTok,Reel/Video Pendek,Hiburan,50,123,11,0,1,0,1,"246,690",13,Sep 2025
9/30/2025,Facebook,Story,Promosi,50,203,6,0,1,0,1,-,8,Sep 2025
9/30/2025,Instagram,Story,Promosi,50,78,5,0,0,0,0,-,5,Sep 2025
9/30/2025,Facebook,Foto,Behind The Scene,50,155,6,0,0,0,0,-,6,Sep 2025
9/30/2025,X,Story,Edukasi,100,212,17,0,0,3,1,-,21,Sep 2025
9/30/2025,TikTok,Foto,Promosi,50,95,2,0,0,0,2,-,4,Sep 2025
9/30/2025,Facebook,Carousel,Behind The Scene,100,167,22,0,0,0,0,-,22,Sep 2025
10/1/2025,Instagram,Carousel,Promosi,50,62,1,0,0,1,0,-,2,Oct 2025
10/1/2025,TikTok,Reel/Video Pendek,Behind The Scene,200,433,42,0,4,0,1,"85,624",47,Oct 2025
10/1/2025,TikTok,Story,Hiburan,50,196,4,0,1,0,0,"3,245,845",5,Oct 2025
10/1/2025,X,Carousel,Edukasi,50,213,8,0,1,0,0,-,9,Oct 2025
10/1/2025,X,Reel/Video Pendek,Promosi,50,161,6,0,0,0,0,-,6,Oct 2025
10/1/2025,Instagram,Reel/Video Pendek,Edukasi,50,63,5,0,1,2,0,"135,632",8,Oct 2025
10/1/2025,Instagram,Story,Hiburan,250,328,30,3,2,8,1,-,44,Oct 2025
10/1/2025,Facebook,Carousel,Edukasi,50,100,8,0,1,0,0,"2,761,153",9,Oct 2025
10/2/2025,X,Story,Promosi,150,397,32,1,1,0,0,-,34,Oct 2025
10/2/2025,TikTok,Carousel,Promosi,50,50,6,0,1,0,0,-,7,Oct 2025
10/2/2025,Instagram,Carousel,Behind The Scene,50,88,8,0,0,2,1,-,11,Oct 2025
10/2/2025,Facebook,Carousel,Hiburan,50,54,9,0,1,0,0,"109,507",10,Oct 2025
10/2/2025,X,Story,Behind The Scene,200,860,47,2,1,0,2,-,52,Oct 2025
10/3/2025,Instagram,Foto,Edukasi,550,772,91,8,15,0,1,"4,302,907",115,Oct 2025
10/3/2025,Facebook,Story,Hiburan,100,139,6,0,2,0,0,"1,066,369",8,Oct 2025
10/3/2025,TikTok,Story,Edukasi,50,102,7,0,0,0,0,-,7,Oct 2025
10/3/2025,Facebook,Reel/Video Pendek,Promosi,50,157,10,0,0,1,0,"199,598",11,Oct 2025
10/3/2025,X,Story,Promosi,200,318,21,1,4,0,3,-,29,Oct 2025
10/3/2025,X,Foto,Promosi,250,470,17,0,0,0,5,-,22,Oct 2025
10/4/2025,Facebook,Story,Edukasi,100,249,4,0,1,0,2,-,7,Oct 2025
10/4/2025,Facebook,Reel/Video Pendek,Edukasi,50,160,10,0,1,0,0,-,11,Oct 2025
10/4/2025,X,Carousel,Edukasi,50,73,1,0,1,0,0,-,2,Oct 2025
10/4/2025,X,Carousel,Hiburan,50,54,4,0,0,0,0,-,4,Oct 2025
10/4/2025,Instagram,Story,Hiburan,50,129,7,0,0,0,0,-,7,Oct 2025
10/4/2025,Instagram,Foto,Promosi,50,120,4,0,0,0,0,"3,264,651",4,Oct 2025
10/5/2025,Facebook,Story,Hiburan,50,100,7,0,0,0,0,"127,339",7,Oct 2025
10/5/2025,Facebook,Carousel,Behind The Scene,100,141,8,1,2,1,1,-,13,Oct 2025
10/5/2025,X,Story,Promosi,650,1587,58,1,17,0,5,-,81,Oct 2025
10/5/2025,X,Carousel,Promosi,350,1265,34,4,4,3,4,-,49,Oct 2025
10/5/2025,Facebook,Carousel,Behind The Scene,100,185,7,0,0,3,5,"3,675,668",15,Oct 2025
10/5/2025,Facebook,Story,Edukasi,50,91,8,0,0,0,0,-,8,Oct 2025
10/6/2025,X,Story,Edukasi,300,741,9,4,3,14,4,"645,005",34,Oct 2025
10/6/2025,X,Foto,Hiburan,50,177,11,0,0,0,0,-,11,Oct 2025
10/6/2025,X,Reel/Video Pendek,Edukasi,50,97,9,0,0,0,0,"939,823",9,Oct 2025
10/6/2025,X,Story,Edukasi,100,434,14,1,0,0,1,-,16,Oct 2025
10/6/2025,TikTok,Story,Behind The Scene,150,193,22,1,3,0,4,-,30,Oct 2025
10/6/2025,TikTok,Foto,Promosi,50,55,9,0,1,2,1,-,13,Oct 2025
10/6/2025,X,Story,Behind The Scene,100,156,19,0,1,0,1,"72,819",21,Oct 2025
10/6/2025,Instagram,Carousel,Behind The Scene,450,1665,49,4,4,0,7,-,64,Oct 2025
10/6/2025,X,Reel/Video Pendek,Hiburan,50,119,9,0,0,0,1,-,10,Oct 2025
10/6/2025,TikTok,Carousel,Promosi,50,120,11,0,1,0,0,-,12,Oct 2025
10/7/2025,Facebook,Foto,Edukasi,150,265,11,2,3,5,1,"580,534",22,Oct 2025
10/7/2025,TikTok,Story,Promosi,50,123,2,0,0,0,0,"4,775,950",2,Oct 2025
10/7/2025,TikTok,Foto,Behind The Scene,50,107,9,0,1,0,0,-,10,Oct 2025
10/7/2025,X,Carousel,Hiburan,100,334,24,1,0,0,0,"924,582",25,Oct 2025
10/7/2025,Instagram,Foto,Edukasi,50,108,4,0,0,0,0,"2,936,810",4,Oct 2025
10/7/2025,X,Carousel,Promosi,50,166,8,0,0,0,0,"62,572",8,Oct 2025
10/7/2025,X,Carousel,Behind The Scene,50,92,7,0,1,2,0,-,10,Oct 2025
10/7/2025,TikTok,Carousel,Hiburan,100,201,21,1,0,0,0,-,22,Oct 2025
10/7/2025,TikTok,Carousel,Behind The Scene,50,115,5,0,1,0,0,-,6,Oct 2025
10/8/2025,Instagram,Reel/Video Pendek,Hiburan,100,415,21,1,2,3,1,-,28,Oct 2025
10/8/2025,X,Reel/Video Pendek,Edukasi,50,96,9,0,0,0,0,-,9,Oct 2025
10/8/2025,X,Foto,Hiburan,50,116,4,0,0,0,0,-,4,Oct 2025
10/8/2025,TikTok,Reel/Video Pendek,Behind The Scene,200,847,6,0,1,8,2,"940,507",17,Oct 2025
10/9/2025,X,Reel/Video Pendek,Hiburan,50,76,5,0,1,0,0,-,6,Oct 2025
10/9/2025,X,Reel/Video Pendek,Promosi,650,1054,42,6,17,0,1,"659,057",66,Oct 2025
10/9/2025,Instagram,Foto,Hiburan,300,986,15,5,4,0,2,"71,980",26,Oct 2025
10/9/2025,Facebook,Carousel,Promosi,50,97,4,0,0,0,0,-,4,Oct 2025
10/9/2025,Instagram,Foto,Edukasi,50,131,10,0,0,0,0,-,10,Oct 2025
10/9/2025,X,Carousel,Behind The Scene,100,217,19,1,1,0,0,-,21,Oct 2025
10/9/2025,X,Foto,Behind The Scene,100,200,16,1,0,0,1,-,18,Oct 2025
10/9/2025,Instagram,Carousel,Edukasi,750,1407,71,1,14,0,11,"979,126",97,Oct 2025
10/9/2025,TikTok,Story,Promosi,250,988,37,3,7,0,2,-,49,Oct 2025
10/9/2025,Facebook,Carousel,Edukasi,50,99,11,0,0,0,0,-,11,Oct 2025
10/9/2025,X,Carousel,Hiburan,100,141,24,0,0,0,3,-,27,Oct 2025
10/9/2025,X,Foto,Hiburan,50,63,12,0,1,1,0,-,14,Oct 2025
10/10/2025,Instagram,Carousel,Promosi,100,384,21,1,1,0,0,-,23,Oct 2025
10/10/2025,TikTok,Foto,Hiburan,150,173,34,0,3,6,0,-,43,Oct 2025
10/10/2025,TikTok,Reel/Video Pendek,Behind The Scene,100,149,16,0,1,1,0,-,18,Oct 2025
10/10/2025,TikTok,Foto,Behind The Scene,50,191,5,0,1,0,0,"75,103",6,Oct 2025
10/10/2025,X,Story,Hiburan,150,457,28,2,1,6,7,-,44,Oct 2025
10/10/2025,Instagram,Story,Promosi,300,659,21,5,8,0,4,-,38,Oct 2025
10/11/2025,X,Story,Edukasi,150,208,31,0,1,0,2,"545,376",34,Oct 2025
10/11/2025,X,Story,Edukasi,2100,4094,163,15,13,0,31,"122,089",222,Oct 2025
10/11/2025,TikTok,Story,Promosi,50,82,5,0,0,1,0,-,6,Oct 2025
10/11/2025,X,Story,Behind The Scene,50,111,8,0,0,0,0,"1,030,395",8,Oct 2025
10/11/2025,Facebook,Carousel,Hiburan,50,145,8,0,1,0,0,-,9,Oct 2025
10/11/2025,TikTok,Reel/Video Pendek,Promosi,50,189,4,0,0,0,0,-,4,Oct 2025
10/11/2025,Instagram,Foto,Promosi,400,1079,38,0,8,10,6,"604,857",62,Oct 2025
10/11/2025,X,Reel/Video Pendek,Hiburan,150,294,23,0,2,0,2,"81,561",27,Oct 2025
10/11/2025,Instagram,Carousel,Edukasi,50,95,2,0,1,0,0,-,3,Oct 2025
10/11/2025,TikTok,Story,Hiburan,250,550,16,4,5,0,1,-,26,Oct 2025
10/11/2025,Instagram,Story,Promosi,50,156,8,0,0,0,0,-,8,Oct 2025
10/12/2025,X,Foto,Promosi,50,68,6,0,0,2,0,-,8,Oct 2025
10/12/2025,Facebook,Carousel,Behind The Scene,50,82,10,0,0,0,0,"308,885",10,Oct 2025
10/12/2025,TikTok,Story,Promosi,600,2585,90,5,2,0,6,-,103,Oct 2025
10/12/2025,Facebook,Story,Behind The Scene,50,93,3,0,0,0,0,"278,158",3,Oct 2025
10/12/2025,Facebook,Foto,Hiburan,50,77,7,0,0,0,0,-,7,Oct 2025
10/12/2025,X,Carousel,Edukasi,50,64,2,0,0,0,0,-,2,Oct 2025
10/13/2025,Facebook,Story,Hiburan,550,690,61,10,3,0,3,-,77,Oct 2025
10/13/2025,Instagram,Reel/Video Pendek,Hiburan,50,80,5,0,1,0,0,-,6,Oct 2025
10/13/2025,Facebook,Story,Behind The Scene,150,250,35,1,3,0,0,-,39,Oct 2025
10/13/2025,Facebook,Foto,Hiburan,350,1135,13,3,8,14,4,-,42,Oct 2025
10/14/2025,X,Story,Promosi,50,202,6,0,1,0,0,"50,062",7,Oct 2025
10/14/2025,Facebook,Story,Promosi,50,205,12,0,1,0,1,-,14,Oct 2025
10/14/2025,TikTok,Story,Hiburan,50,89,8,0,0,1,0,-,9,Oct 2025
10/14/2025,Instagram,Story,Hiburan,50,69,9,0,0,1,0,"876,523",10,Oct 2025
10/14/2025,X,Reel/Video Pendek,Promosi,50,103,11,0,1,0,0,-,12,Oct 2025
10/14/2025,Facebook,Reel/Video Pendek,Edukasi,100,235,3,0,2,0,4,-,9,Oct 2025
10/14/2025,Instagram,Story,Promosi,150,364,30,1,3,0,0,"1,067,948",34,Oct 2025
10/15/2025,X,Reel/Video Pendek,Promosi,50,123,7,0,0,0,0,-,7,Oct 2025
10/15/2025,Facebook,Foto,Behind The Scene,50,75,11,0,0,0,0,"56,431",11,Oct 2025
10/15/2025,TikTok,Story,Promosi,50,61,6,0,0,0,0,-,6,Oct 2025
10/15/2025,Instagram,Foto,Promosi,50,112,10,0,1,0,0,"449,661",11,Oct 2025
10/15/2025,Instagram,Carousel,Edukasi,50,68,10,0,1,0,0,"1,785,630",11,Oct 2025
10/15/2025,Instagram,Foto,Edukasi,50,121,12,0,0,0,0,-,12,Oct 2025
10/15/2025,TikTok,Foto,Promosi,50,207,11,0,0,0,0,-,11,Oct 2025
10/15/2025,TikTok,Reel/Video Pendek,Promosi,50,108,3,0,0,0,0,-,3,Oct 2025
10/16/2025,Facebook,Foto,Edukasi,50,69,6,0,1,0,0,"194,613",7,Oct 2025
10/16/2025,Instagram,Reel/Video Pendek,Promosi,150,269,17,1,1,4,0,-,23,Oct 2025
10/16/2025,Instagram,Carousel,Behind The Scene,50,78,6,0,0,0,0,"874,508",6,Oct 2025
10/16/2025,Facebook,Carousel,Edukasi,50,79,8,0,0,0,0,-,8,Oct 2025
10/16/2025,Facebook,Story,Edukasi,100,132,16,1,0,1,1,"2,047,354",19,Oct 2025
10/16/2025,X,Reel/Video Pendek,Behind The Scene,100,147,13,1,1,0,1,-,16,Oct 2025
10/16/2025,X,Carousel,Promosi,150,386,9,1,3,0,1,-,14,Oct 2025
10/16/2025,X,Foto,Behind The Scene,50,154,5,0,0,1,0,-,6,Oct 2025
10/16/2025,X,Story,Hiburan,50,82,2,0,0,0,0,-,2,Oct 2025
10/17/2025,Facebook,Reel/Video Pendek,Behind The Scene,50,77,12,0,0,0,0,-,12,Oct 2025
10/17/2025,X,Carousel,Behind The Scene,50,73,4,0,0,1,0,"1,913,315",5,Oct 2025
10/17/2025,Instagram,Foto,Edukasi,50,93,7,0,0,0,0,-,7,Oct 2025
10/17/2025,Instagram,Story,Edukasi,50,86,5,0,1,0,0,"1,099,937",6,Oct 2025
10/17/2025,X,Story,Edukasi,50,91,11,0,0,0,0,-,11,Oct 2025
10/17/2025,Facebook,Carousel,Hiburan,200,542,26,2,5,0,0,-,33,Oct 2025
10/18/2025,Instagram,Reel/Video Pendek,Behind The Scene,100,134,17,1,0,3,5,-,26,Oct 2025
10/18/2025,Facebook,Carousel,Hiburan,100,179,15,0,2,0,2,-,19,Oct 2025
10/18/2025,TikTok,Reel/Video Pendek,Edukasi,150,176,30,1,3,4,0,-,38,Oct 2025
10/18/2025,TikTok,Reel/Video Pendek,Hiburan,50,148,11,0,0,0,0,-,11,Oct 2025
10/18/2025,Facebook,Foto,Behind The Scene,250,933,28,1,3,0,10,"2,743,639",42,Oct 2025
10/18/2025,TikTok,Foto,Behind The Scene,50,64,3,0,0,2,0,-,5,Oct 2025
10/18/2025,Instagram,Reel/Video Pendek,Behind The Scene,50,113,6,0,1,2,1,-,10,Oct 2025
10/19/2025,Facebook,Reel/Video Pendek,Hiburan,50,170,11,0,1,0,0,"483,188",12,Oct 2025
10/19/2025,X,Carousel,Edukasi,100,146,15,1,1,0,0,-,17,Oct 2025
10/19/2025,TikTok,Carousel,Behind The Scene,50,70,2,0,0,0,0,-,2,Oct 2025
10/19/2025,Instagram,Foto,Promosi,100,369,11,1,0,0,0,-,12,Oct 2025
10/19/2025,Facebook,Story,Behind The Scene,100,256,24,0,0,0,0,"293,568",24,Oct 2025
10/19/2025,X,Story,Behind The Scene,50,98,8,0,1,2,0,"302,080",11,Oct 2025
10/19/2025,X,Carousel,Promosi,150,266,22,0,3,0,2,-,27,Oct 2025
10/19/2025,Facebook,Foto,Edukasi,150,202,25,2,2,0,1,-,30,Oct 2025
10/19/2025,TikTok,Story,Behind The Scene,50,66,5,0,0,0,0,"4,555,837",5,Oct 2025
10/20/2025,TikTok,Story,Promosi,100,219,16,1,0,0,0,-,17,Oct 2025
10/20/2025,X,Story,Promosi,200,344,48,1,4,0,0,"596,856",53,Oct 2025
10/20/2025,Facebook,Reel/Video Pendek,Promosi,50,109,3,0,0,0,0,-,3,Oct 2025
10/20/2025,TikTok,Foto,Behind The Scene,50,63,11,0,1,1,0,-,13,Oct 2025
10/20/2025,Facebook,Story,Promosi,50,119,12,0,0,0,0,-,12,Oct 2025
10/20/2025,X,Foto,Promosi,100,118,21,0,0,2,1,-,24,Oct 2025
10/20/2025,TikTok,Story,Promosi,500,879,51,3,3,21,7,-,85,Oct 2025
10/20/2025,TikTok,Story,Behind The Scene,50,93,12,0,1,2,0,"474,863",15,Oct 2025
10/20/2025,TikTok,Story,Hiburan,50,217,6,0,0,0,0,-,6,Oct 2025
10/20/2025,TikTok,Reel/Video Pendek,Behind The Scene,100,244,19,0,2,0,1,-,22,Oct 2025
10/20/2025,X,Story,Promosi,50,83,10,0,1,1,0,-,12,Oct 2025
10/20/2025,X,Carousel,Behind The Scene,50,77,8,0,0,0,0,-,8,Oct 2025
10/20/2025,TikTok,Foto,Promosi,150,547,13,2,0,0,2,-,17,Oct 2025
10/20/2025,TikTok,Carousel,Promosi,200,330,25,0,5,0,1,"120,000",31,Oct 2025
10/21/2025,Facebook,Story,Hiburan,50,101,2,0,0,0,0,"566,988",2,Oct 2025
10/21/2025,Instagram,Reel/Video Pendek,Promosi,50,107,2,0,0,0,0,-,2,Oct 2025
10/21/2025,X,Carousel,Promosi,100,323,15,1,0,0,0,"244,053",16,Oct 2025
10/21/2025,Facebook,Reel/Video Pendek,Promosi,100,182,9,0,1,0,1,-,11,Oct 2025
10/21/2025,TikTok,Foto,Behind The Scene,50,121,2,0,0,0,0,-,2,Oct 2025
10/21/2025,Instagram,Story,Behind The Scene,50,189,1,0,0,1,0,"2,581,713",2,Oct 2025
10/21/2025,Instagram,Story,Edukasi,50,70,11,0,0,0,0,"97,259",11,Oct 2025
10/21/2025,TikTok,Story,Edukasi,50,156,6,0,0,1,0,-,7,Oct 2025
10/21/2025,Instagram,Story,Promosi,50,207,9,0,1,0,0,"2,819,301",10,Oct 2025
10/21/2025,TikTok,Carousel,Hiburan,50,109,7,0,0,0,0,-,7,Oct 2025
10/21/2025,Facebook,Reel/Video Pendek,Promosi,50,65,5,0,0,0,0,-,5,Oct 2025
10/22/2025,X,Foto,Behind The Scene,100,116,17,0,1,0,1,-,19,Oct 2025
10/22/2025,Instagram,Carousel,Promosi,50,61,1,0,0,0,0,-,1,Oct 2025
10/22/2025,Instagram,Story,Promosi,100,110,19,0,2,0,1,-,22,Oct 2025
10/22/2025,Instagram,Carousel,Behind The Scene,50,181,10,0,1,0,0,-,11,Oct 2025
10/22/2025,Instagram,Foto,Behind The Scene,50,91,8,0,1,0,1,-,10,Oct 2025
10/22/2025,TikTok,Story,Behind The Scene,50,101,10,0,0,0,0,-,10,Oct 2025
10/22/2025,TikTok,Story,Behind The Scene,50,50,3,0,0,0,0,-,3,Oct 2025
10/22/2025,Instagram,Story,Edukasi,50,91,2,0,1,0,0,-,3,Oct 2025
10/22/2025,TikTok,Carousel,Behind The Scene,50,214,2,0,0,0,0,"238,166",2,Oct 2025
10/22/2025,TikTok,Foto,Hiburan,100,244,15,0,2,0,1,-,18,Oct 2025
10/22/2025,TikTok,Foto,Edukasi,50,149,7,0,1,0,0,-,8,Oct 2025
10/23/2025,Facebook,Reel/Video Pendek,Behind The Scene,100,203,3,1,2,0,3,"52,551",9,Oct 2025
10/23/2025,X,Foto,Edukasi,150,535,35,1,2,0,0,-,38,Oct 2025
10/23/2025,TikTok,Story,Promosi,50,56,11,0,0,0,0,-,11,Oct 2025
10/23/2025,Instagram,Foto,Hiburan,50,66,2,0,1,0,0,"623,958",3,Oct 2025
10/23/2025,X,Foto,Edukasi,50,118,3,0,0,0,1,"3,349,806",4,Oct 2025
10/23/2025,TikTok,Carousel,Behind The Scene,300,678,61,4,3,0,4,"3,684,847",72,Oct 2025
10/23/2025,X,Foto,Behind The Scene,50,57,11,0,0,0,0,-,11,Oct 2025
10/23/2025,TikTok,Story,Behind The Scene,150,231,36,0,1,0,2,-,39,Oct 2025
10/23/2025,TikTok,Foto,Hiburan,150,301,35,2,2,0,6,-,45,Oct 2025
10/23/2025,Facebook,Foto,Hiburan,150,226,27,2,3,4,1,"223,336",37,Oct 2025
10/23/2025,X,Reel/Video Pendek,Edukasi,50,96,7,0,0,0,0,"207,500",7,Oct 2025
10/23/2025,TikTok,Story,Hiburan,50,59,10,0,1,0,0,"4,395,046",11,Oct 2025
10/23/2025,Facebook,Story,Promosi,50,205,7,0,1,0,0,-,8,Oct 2025
10/24/2025,X,Story,Behind The Scene,50,69,4,0,0,0,0,-,4,Oct 2025
10/24/2025,Facebook,Story,Promosi,50,90,6,0,0,0,0,-,6,Oct 2025
10/24/2025,Facebook,Story,Promosi,100,171,18,0,1,1,1,-,21,Oct 2025
10/24/2025,Facebook,Reel/Video Pendek,Promosi,50,126,5,0,0,1,0,-,6,Oct 2025
10/24/2025,Facebook,Story,Promosi,50,71,3,0,0,1,0,-,4,Oct 2025
10/24/2025,TikTok,Story,Promosi,50,94,3,0,0,0,0,"4,586,841",3,Oct 2025
10/25/2025,X,Foto,Behind The Scene,100,276,4,0,2,0,1,"155,986",7,Oct 2025
10/25/2025,Instagram,Foto,Hiburan,50,197,4,0,0,0,0,-,4,Oct 2025
10/25/2025,Instagram,Carousel,Hiburan,50,114,9,0,0,0,0,-,9,Oct 2025
10/25/2025,TikTok,Reel/Video Pendek,Promosi,50,110,10,0,1,0,0,-,11,Oct 2025
10/25/2025,Instagram,Story,Promosi,150,357,26,1,1,0,2,-,30,Oct 2025
10/25/2025,TikTok,Story,Promosi,50,86,11,0,1,1,0,-,13,Oct 2025
10/25/2025,Facebook,Foto,Promosi,50,189,3,0,1,0,0,"273,377",4,Oct 2025
10/25/2025,X,Foto,Promosi,150,512,12,1,2,3,1,-,19,Oct 2025
10/25/2025,TikTok,Foto,Hiburan,50,76,4,0,1,1,1,-,7,Oct 2025
10/25/2025,X,Story,Edukasi,50,75,8,0,1,0,0,"1,663,553",9,Oct 2025
10/25/2025,Instagram,Carousel,Promosi,50,173,3,0,1,0,0,"361,537",4,Oct 2025
10/25/2025,Instagram,Foto,Edukasi,100,205,23,0,1,0,1,-,25,Oct 2025
10/25/2025,TikTok,Story,Behind The Scene,50,96,5,0,0,2,0,"4,089,259",7,Oct 2025
10/25/2025,TikTok,Carousel,Hiburan,150,389,31,0,3,0,2,-,36,Oct 2025
10/25/2025,X,Story,Edukasi,50,175,7,0,1,0,0,"1,162,045",8,Oct 2025
10/26/2025,Facebook,Foto,Hiburan,50,149,5,0,1,0,0,-,6,Oct 2025
10/26/2025,X,Story,Behind The Scene,200,518,26,2,2,0,0,-,30,Oct 2025
10/26/2025,TikTok,Story,Behind The Scene,50,142,8,0,0,0,1,"2,530,657",9,Oct 2025
10/26/2025,Instagram,Reel/Video Pendek,Hiburan,50,198,9,0,1,0,0,"965,778",10,Oct 2025
10/26/2025,X,Reel/Video Pendek,Hiburan,50,132,9,0,1,0,0,"299,001",10,Oct 2025
10/26/2025,X,Carousel,Edukasi,100,217,22,1,2,0,0,-,25,Oct 2025
10/26/2025,Instagram,Carousel,Edukasi,50,84,2,0,1,0,0,-,3,Oct 2025
10/26/2025,X,Story,Promosi,150,510,21,1,2,0,0,-,24,Oct 2025
10/26/2025,TikTok,Reel/Video Pendek,Promosi,50,77,7,0,1,1,0,"115,928",9,Oct 2025
10/27/2025,Facebook,Carousel,Promosi,50,55,8,0,0,0,1,-,9,Oct 2025
10/27/2025,TikTok,Foto,Hiburan,300,477,26,4,6,0,3,"88,931",39,Oct 2025
10/27/2025,TikTok,Carousel,Edukasi,50,80,7,0,0,1,0,-,8,Oct 2025
10/27/2025,TikTok,Reel/Video Pendek,Behind The Scene,50,85,9,0,0,0,0,"154,938",9,Oct 2025
10/27/2025,TikTok,Carousel,Behind The Scene,50,64,5,0,0,0,0,-,5,Oct 2025
10/27/2025,Facebook,Foto,Behind The Scene,650,2590,83,9,16,19,10,"1,093,819",137,Oct 2025
10/27/2025,X,Story,Edukasi,50,115,6,0,0,0,0,-,6,Oct 2025
10/27/2025,Facebook,Foto,Behind The Scene,50,92,2,0,0,0,0,-,2,Oct 2025
10/27/2025,TikTok,Foto,Hiburan,50,67,5,0,1,0,0,-,6,Oct 2025
10/27/2025,X,Carousel,Edukasi,150,657,5,2,4,0,1,"312,186",12,Oct 2025
10/28/2025,Facebook,Carousel,Promosi,50,118,8,0,0,0,0,"59,116",8,Oct 2025
10/28/2025,TikTok,Carousel,Behind The Scene,150,325,18,2,2,0,1,-,23,Oct 2025
10/28/2025,Facebook,Foto,Promosi,50,111,7,0,0,1,0,"142,338",8,Oct 2025
10/28/2025,TikTok,Reel/Video Pendek,Behind The Scene,250,263,12,4,4,0,1,-,21,Oct 2025
10/28/2025,X,Carousel,Promosi,50,65,2,0,0,0,0,-,2,Oct 2025
10/28/2025,TikTok,Story,Promosi,200,292,23,1,1,0,3,-,28,Oct 2025
10/29/2025,X,Foto,Edukasi,50,116,5,0,0,1,1,-,7,Oct 2025
10/29/2025,X,Foto,Promosi,4850,17080,255,41,119,0,39,-,454,Oct 2025
10/29/2025,Instagram,Story,Edukasi,50,134,9,0,0,0,0,"116,926",9,Oct 2025
10/29/2025,TikTok,Story,Edukasi,450,869,38,8,1,7,8,-,62,Oct 2025
10/29/2025,TikTok,Foto,Edukasi,50,120,4,0,1,0,0,-,5,Oct 2025
10/29/2025,Instagram,Foto,Hiburan,50,219,12,0,0,1,0,-,13,Oct 2025
10/30/2025,Facebook,Reel/Video Pendek,Edukasi,150,325,19,1,0,5,5,"196,621",30,Oct 2025
10/30/2025,Instagram,Carousel,Edukasi,500,1105,61,0,6,17,1,-,85,Oct 2025
10/30/2025,Instagram,Carousel,Hiburan,50,165,7,0,0,0,1,-,8,Oct 2025
10/30/2025,Instagram,Foto,Edukasi,150,193,18,0,4,3,2,-,27,Oct 2025
10/30/2025,Instagram,Carousel,Edukasi,150,170,31,2,3,0,3,-,39,Oct 2025
10/30/2025,X,Foto,Edukasi,50,101,2,0,0,0,0,-,2,Oct 2025
10/30/2025,X,Carousel,Behind The Scene,50,121,9,0,0,0,0,-,9,Oct 2025
10/31/2025,X,Reel/Video Pendek,Edukasi,50,107,4,0,0,0,0,-,4,Oct 2025
10/31/2025,X,Reel/Video Pendek,Hiburan,50,223,2,0,0,0,0,"1,379,335",2,Oct 2025
10/31/2025,Facebook,Foto,Hiburan,50,102,6,0,1,0,0,"1,703,232",7,Oct 2025
10/31/2025,TikTok,Reel/Video Pendek,Edukasi,8400,27385,376,140,238,0,14,"2,036,903",768,Oct 2025
10/31/2025,Instagram,Carousel,Behind The Scene,50,93,1,0,0,0,0,-,1,Oct 2025
10/31/2025,Instagram,Foto,Behind The Scene,50,120,7,0,1,0,0,-,8,Oct 2025
10/31/2025,TikTok,Carousel,Promosi,50,88,5,0,0,0,0,"486,943",5,Oct 2025
10/31/2025,Instagram,Carousel,Promosi,100,248,23,0,2,0,0,-,25,Oct 2025
10/31/2025,TikTok,Carousel,Edukasi,50,222,5,0,0,0,0,"1,537,405",5,Oct 2025
10/31/2025,Instagram,Carousel,Hiburan,50,97,7,0,1,0,0,-,8,Oct 2025
10/31/2025,Facebook,Story,Hiburan,100,131,9,1,1,0,0,-,11,Oct 2025
10/31/2025,Instagram,Story,Promosi,150,319,27,0,2,0,1,-,30,Oct 2025
10/31/2025,Facebook,Foto,Edukasi,50,81,3,0,1,0,0,-,4,Oct 2025
11/1/2025,Instagram,Story,Promosi,50,100,7,0,0,0,0,"199,761",7,Nov 2025
11/2/2025,X,Reel/Video Pendek,Hiburan,50,202,6,0,0,0,0,"2,131,105",6,Nov 2025
11/2/2025,Facebook,Foto,Behind The Scene,50,68,8,0,0,2,0,"4,938,650",10,Nov 2025
11/2/2025,Facebook,Foto,Promosi,50,101,11,0,1,0,0,-,12,Nov 2025
11/2/2025,TikTok,Carousel,Promosi,50,50,12,0,0,0,0,"1,211,707",12,Nov 2025
11/2/2025,X,Story,Edukasi,3500,6794,350,36,82,0,55,-,523,Nov 2025
11/2/2025,TikTok,Carousel,Edukasi,50,51,10,0,0,0,0,-,10,Nov 2025
11/2/2025,Facebook,Reel/Video Pendek,Hiburan,50,139,11,0,0,0,0,-,11,Nov 2025
11/2/2025,Facebook,Reel/Video Pendek,Hiburan,150,644,20,1,3,0,2,"87,120",26,Nov 2025
11/2/2025,Instagram,Story,Hiburan,50,123,11,0,0,0,0,"341,702",11,Nov 2025
11/2/2025,Facebook,Foto,Behind The Scene,150,637,21,0,1,0,1,-,23,Nov 2025
11/2/2025,TikTok,Reel/Video Pendek,Promosi,50,110,2,0,1,0,0,-,3,Nov 2025
11/2/2025,Instagram,Foto,Hiburan,100,208,20,1,2,0,0,-,23,Nov 2025
11/2/2025,X,Carousel,Behind The Scene,50,186,2,0,0,0,0,-,2,Nov 2025
11/3/2025,Instagram,Story,Hiburan,100,128,14,1,1,0,1,"4,139,308",17,Nov 2025
11/3/2025,Instagram,Foto,Edukasi,50,181,6,0,1,0,0,"63,218",7,Nov 2025
11/3/2025,Instagram,Foto,Promosi,50,130,5,0,0,0,0,-,5,Nov 2025
11/3/2025,X,Reel/Video Pendek,Promosi,50,63,9,0,0,0,1,"1,793,805",10,Nov 2025
11/3/2025,Facebook,Carousel,Promosi,50,90,4,0,0,0,0,-,4,Nov 2025
11/3/2025,TikTok,Story,Edukasi,50,58,11,0,1,2,0,-,14,Nov 2025
11/3/2025,Facebook,Reel/Video Pendek,Behind The Scene,100,253,3,0,1,0,1,-,5,Nov 2025
11/3/2025,Facebook,Foto,Promosi,50,139,5,0,0,0,0,-,5,Nov 2025
11/4/2025,X,Reel/Video Pendek,Hiburan,50,96,4,0,1,0,0,-,5,Nov 2025
11/4/2025,Instagram,Carousel,Hiburan,200,333,42,0,3,3,3,-,51,Nov 2025
11/4/2025,TikTok,Foto,Edukasi,50,143,7,0,1,0,0,-,8,Nov 2025
11/4/2025,Facebook,Foto,Behind The Scene,50,85,2,0,1,1,0,"916,658",4,Nov 2025
11/4/2025,X,Carousel,Hiburan,50,70,7,0,0,1,1,-,9,Nov 2025
11/4/2025,Facebook,Story,Behind The Scene,250,465,28,4,6,8,1,-,47,Nov 2025
11/5/2025,TikTok,Carousel,Hiburan,50,119,10,0,0,0,0,-,10,Nov 2025
11/5/2025,X,Foto,Edukasi,200,543,10,1,2,0,8,-,21,Nov 2025
11/5/2025,Facebook,Foto,Hiburan,50,91,3,0,0,0,0,-,3,Nov 2025
11/5/2025,Facebook,Story,Edukasi,50,220,5,0,1,0,0,-,6,Nov 2025
11/5/2025,TikTok,Foto,Promosi,300,637,45,1,6,0,2,-,54,Nov 2025
11/5/2025,TikTok,Carousel,Hiburan,50,79,9,0,1,0,0,-,10,Nov 2025
11/5/2025,X,Carousel,Hiburan,100,248,15,1,2,0,4,"3,645,498",22,Nov 2025
11/5/2025,TikTok,Story,Behind The Scene,50,64,9,0,0,0,0,-,9,Nov 2025
11/5/2025,X,Reel/Video Pendek,Edukasi,100,390,3,1,2,0,0,-,6,Nov 2025
11/6/2025,TikTok,Reel/Video Pendek,Behind The Scene,100,244,15,1,1,0,1,-,18,Nov 2025
11/6/2025,X,Carousel,Behind The Scene,50,109,7,0,0,0,0,"605,705",7,Nov 2025
11/6/2025,X,Foto,Hiburan,50,222,4,0,0,0,0,"1,845,891",4,Nov 2025
11/6/2025,X,Foto,Promosi,50,57,8,0,1,0,0,-,9,Nov 2025
11/6/2025,X,Story,Promosi,50,96,2,0,1,0,0,-,3,Nov 2025
11/6/2025,TikTok,Reel/Video Pendek,Edukasi,50,123,6,0,0,0,2,"85,795",8,Nov 2025
11/6/2025,X,Foto,Hiburan,50,91,10,0,0,0,1,-,11,Nov 2025
11/6/2025,Facebook,Reel/Video Pendek,Edukasi,50,180,9,0,1,0,0,-,10,Nov 2025
11/6/2025,X,Carousel,Hiburan,100,119,16,0,1,4,0,-,21,Nov 2025
11/6/2025,X,Carousel,Promosi,100,256,11,1,0,1,1,-,14,Nov 2025
11/6/2025,X,Reel/Video Pendek,Behind The Scene,250,473,13,1,7,0,2,-,23,Nov 2025
11/6/2025,TikTok,Reel/Video Pendek,Behind The Scene,50,100,7,0,1,0,0,"429,701",8,Nov 2025
11/7/2025,TikTok,Foto,Hiburan,50,102,4,0,1,0,0,-,5,Nov 2025
11/7/2025,TikTok,Foto,Hiburan,50,99,10,0,0,2,0,-,12,Nov 2025
11/7/2025,Facebook,Reel/Video Pendek,Behind The Scene,1100,1230,96,20,13,0,17,-,146,Nov 2025
11/7/2025,Facebook,Carousel,Edukasi,50,63,5,0,1,1,0,"4,626,888",7,Nov 2025
11/7/2025,X,Carousel,Hiburan,50,89,10,0,0,0,1,"201,621",11,Nov 2025
11/7/2025,Facebook,Reel/Video Pendek,Edukasi,50,132,11,0,0,0,0,-,11,Nov 2025
11/8/2025,Facebook,Story,Behind The Scene,150,289,12,1,2,0,2,"287,107",17,Nov 2025
11/8/2025,X,Reel/Video Pendek,Edukasi,50,115,1,0,1,0,0,"423,898",2,Nov 2025
11/8/2025,TikTok,Story,Behind The Scene,50,169,10,0,0,0,0,"3,688,930",10,Nov 2025
11/8/2025,Facebook,Foto,Hiburan,50,66,2,0,0,2,0,"118,880",4,Nov 2025
11/8/2025,TikTok,Story,Promosi,50,87,2,0,0,0,0,"1,077,663",2,Nov 2025
11/8/2025,Instagram,Carousel,Promosi,50,142,1,0,0,0,0,-,1,Nov 2025
11/9/2025,Facebook,Reel/Video Pendek,Behind The Scene,350,755,22,4,4,0,4,-,34,Nov 2025
11/9/2025,Instagram,Story,Promosi,300,344,56,3,6,9,2,-,76,Nov 2025
11/9/2025,TikTok,Story,Behind The Scene,50,101,11,0,0,0,0,"869,278",11,Nov 2025
11/9/2025,Facebook,Reel/Video Pendek,Promosi,200,630,42,0,5,9,1,"110,198",57,Nov 2025
11/9/2025,TikTok,Reel/Video Pendek,Edukasi,50,82,5,0,0,0,0,"2,113,148",5,Nov 2025
11/9/2025,X,Foto,Hiburan,50,78,10,0,0,0,0,"187,629",10,Nov 2025
11/10/2025,Instagram,Carousel,Hiburan,350,736,12,6,1,0,5,-,24,Nov 2025
11/10/2025,TikTok,Carousel,Promosi,100,133,19,0,1,0,1,"1,191,452",21,Nov 2025
11/10/2025,X,Story,Hiburan,450,905,26,8,2,15,3,-,54,Nov 2025
11/10/2025,X,Foto,Hiburan,50,95,4,0,0,0,0,-,4,Nov 2025
11/11/2025,Facebook,Carousel,Promosi,50,220,9,0,0,0,0,-,9,Nov 2025
11/11/2025,X,Foto,Promosi,50,110,6,0,1,0,0,-,7,Nov 2025
11/11/2025,Instagram,Reel/Video Pendek,Promosi,50,151,11,0,1,1,0,-,13,Nov 2025
11/11/2025,Instagram,Story,Promosi,200,302,11,0,0,0,2,-,13,Nov 2025
11/11/2025,Facebook,Foto,Hiburan,50,138,3,0,0,0,0,-,3,Nov 2025
11/11/2025,Facebook,Reel/Video Pendek,Promosi,150,202,29,0,0,0,1,-,30,Nov 2025
11/11/2025,Instagram,Reel/Video Pendek,Behind The Scene,50,56,10,0,0,0,0,-,10,Nov 2025
11/11/2025,X,Carousel,Hiburan,150,516,7,2,3,0,1,"1,515,788",13,Nov 2025
11/11/2025,Instagram,Carousel,Hiburan,550,1785,73,8,13,0,7,-,101,Nov 2025
11/12/2025,TikTok,Reel/Video Pendek,Hiburan,50,63,1,0,0,0,0,-,1,Nov 2025
11/12/2025,Facebook,Reel/Video Pendek,Behind The Scene,200,786,31,2,0,0,6,-,39,Nov 2025
11/12/2025,Facebook,Foto,Promosi,1450,2411,229,28,36,26,4,-,323,Nov 2025
11/12/2025,Facebook,Story,Behind The Scene,100,214,4,1,1,0,0,-,6,Nov 2025
11/12/2025,Facebook,Carousel,Edukasi,50,120,11,0,0,0,0,"53,165",11,Nov 2025
11/12/2025,X,Foto,Hiburan,50,95,2,0,0,0,1,"3,159,082",3,Nov 2025
11/12/2025,TikTok,Carousel,Edukasi,50,112,1,0,1,0,0,-,2,Nov 2025
11/12/2025,Facebook,Foto,Edukasi,750,800,169,1,10,0,12,-,192,Nov 2025
11/13/2025,Instagram,Reel/Video Pendek,Promosi,100,267,21,1,1,0,0,-,23,Nov 2025
11/13/2025,X,Foto,Promosi,50,92,4,0,1,0,0,-,5,Nov 2025
11/13/2025,X,Reel/Video Pendek,Hiburan,100,413,11,0,1,0,1,-,13,Nov 2025
11/13/2025,Facebook,Foto,Edukasi,100,407,14,1,1,2,0,-,18,Nov 2025
11/13/2025,Facebook,Carousel,Hiburan,50,69,2,0,1,1,0,-,4,Nov 2025
11/13/2025,Instagram,Story,Hiburan,200,319,49,2,3,0,2,-,56,Nov 2025
11/14/2025,X,Reel/Video Pendek,Promosi,50,147,2,0,1,0,0,-,3,Nov 2025
11/14/2025,TikTok,Carousel,Hiburan,350,722,14,4,2,4,6,-,30,Nov 2025
11/14/2025,X,Reel/Video Pendek,Edukasi,50,67,10,0,0,0,0,-,10,Nov 2025
11/14/2025,TikTok,Foto,Hiburan,50,103,7,0,0,0,1,-,8,Nov 2025
11/15/2025,Instagram,Carousel,Hiburan,450,2003,61,1,6,0,3,-,71,Nov 2025
11/15/2025,Instagram,Carousel,Hiburan,200,241,30,1,1,4,2,-,38,Nov 2025
11/15/2025,Facebook,Foto,Edukasi,100,198,15,0,2,4,0,-,21,Nov 2025
11/15/2025,X,Carousel,Behind The Scene,50,216,11,0,0,0,0,-,11,Nov 2025
11/15/2025,Facebook,Foto,Behind The Scene,50,90,11,0,0,0,0,-,11,Nov 2025
11/15/2025,Instagram,Carousel,Edukasi,50,91,7,0,1,0,0,"387,961",8,Nov 2025
11/15/2025,X,Reel/Video Pendek,Edukasi,50,117,11,0,0,0,0,-,11,Nov 2025
11/15/2025,Instagram,Foto,Promosi,50,68,10,0,0,0,0,-,10,Nov 2025
11/15/2025,X,Carousel,Hiburan,50,109,5,0,1,0,0,-,6,Nov 2025
11/15/2025,TikTok,Story,Promosi,100,237,18,0,1,0,3,-,22,Nov 2025
11/15/2025,Instagram,Carousel,Edukasi,50,88,4,0,1,0,0,"121,921",5,Nov 2025
11/15/2025,X,Reel/Video Pendek,Behind The Scene,100,431,19,0,0,0,1,-,20,Nov 2025
11/15/2025,X,Carousel,Hiburan,100,177,9,0,1,0,0,"960,604",10,Nov 2025
11/16/2025,X,Story,Promosi,100,321,23,0,2,0,1,-,26,Nov 2025
11/16/2025,X,Reel/Video Pendek,Hiburan,100,288,17,1,0,4,1,-,23,Nov 2025
11/16/2025,X,Reel/Video Pendek,Behind The Scene,500,1155,26,7,11,0,22,-,66,Nov 2025
11/16/2025,X,Reel/Video Pendek,Behind The Scene,50,58,3,0,0,1,0,-,4,Nov 2025
11/16/2025,Facebook,Foto,Behind The Scene,50,58,6,0,0,0,0,-,6,Nov 2025
11/16/2025,X,Foto,Hiburan,150,575,26,2,4,0,3,-,35,Nov 2025
11/16/2025,X,Carousel,Edukasi,50,198,6,0,0,0,0,-,6,Nov 2025
11/16/2025,Instagram,Carousel,Edukasi,100,231,22,1,2,0,1,"170,225",26,Nov 2025
11/17/2025,Facebook,Carousel,Behind The Scene,50,97,11,0,0,0,1,"383,489",12,Nov 2025
11/17/2025,Facebook,Story,Edukasi,50,85,11,0,0,0,0,"90,970",11,Nov 2025
11/17/2025,Facebook,Story,Edukasi,100,278,9,0,1,1,0,"482,248",11,Nov 2025
11/17/2025,Instagram,Reel/Video Pendek,Behind The Scene,100,166,14,1,0,0,0,"1,697,960",15,Nov 2025
11/17/2025,X,Story,Behind The Scene,100,226,23,0,1,0,0,-,24,Nov 2025
11/17/2025,Instagram,Story,Edukasi,50,116,4,0,0,0,0,-,4,Nov 2025
11/17/2025,TikTok,Reel/Video Pendek,Hiburan,100,401,3,0,0,0,0,-,3,Nov 2025
11/17/2025,TikTok,Story,Edukasi,50,102,10,0,1,0,0,-,11,Nov 2025
11/17/2025,X,Story,Promosi,50,60,8,0,0,0,0,-,8,Nov 2025
11/17/2025,Instagram,Carousel,Behind The Scene,250,293,48,1,5,0,2,-,56,Nov 2025